amount,transaction_hour,distance_from_home_km,distance_from_last_transaction_km,online_transaction,international_transaction,merchant_risk_score,card_present,transaction_velocity,account_age_days,fraud
44.91,21,10.66,20.9,1,0,0.18,0,2,265,0
11.7,18,32.59,19.78,1,0,0.399,1,1,892,0
70.14,16,10.2,10.52,1,0,0.42,0,1,1328,0
84.82,5,1.88,8.07,0,1,0.469,1,2,876,0
4.71,14,22.88,5.12,0,0,0.45,1,1,1837,0
9.01,19,8.72,29.23,0,0,0.231,0,4,1162,0
37.63,1,30.48,1.41,1,0,0.388,1,3,1805,0
24.14,4,16.82,15.58,1,0,0.122,1,5,541,0
32.56,12,32.41,4.08,1,0,0.394,1,4,318,0
14.11,8,2.13,2.23,0,0,0.452,1,1,642,0
79.79,17,10.13,6.4,1,0,0.094,1,1,519,0
72.08,9,7.18,6.51,0,1,0.168,1,2,654,0
35.38,23,86.81,12.86,1,0,0.787,1,2,1025,0
102.23,7,11.73,22.65,0,0,0.655,1,2,1078,0
52.85,8,3.72,7.81,0,0,0.041,1,3,606,0
14.02,0,22.55,0.88,1,0,0.322,1,0,1008,0
47.88,5,6.58,3.74,1,0,0.13,1,1,382,0
12.69,5,34.92,7.7,1,0,0.373,0,2,799,1
79.71,18,39.25,5.75,1,0,0.266,1,4,617,0
31.5,8,7.25,15.6,1,0,0.329,1,1,536,0
27.53,4,8.96,12.4,0,0,0.244,1,3,1297,0
16.76,7,20.94,17.95,1,0,0.167,0,2,705,0
112.45,13,35.67,0.33,0,0,0.111,1,2,1079,0
28.37,18,22.87,21.13,1,0,0.376,0,1,520,0
21.58,23,11.74,1.02,1,0,0.362,1,3,945,0
23.29,1,4.59,14.59,0,0,0.513,1,3,1131,1
56.39,20,55.68,25.56,1,0,0.147,0,2,1426,0
47.72,9,23.3,0.24,1,0,0.038,1,6,666,0
50.04,19,64.06,8.14,0,0,0.211,1,3,334,0
50.95,0,25.93,5.8,1,0,0.216,0,0,871,0
281.93,15,58.3,1.92,1,0,0.196,0,1,132,0
22.06,22,8.21,0.24,1,0,0.496,1,1,1249,0
19.84,0,8.8,21.49,1,0,0.208,1,5,817,0
14.68,18,14.52,2.08,0,1,0.384,0,2,245,0
61.31,2,7.59,59.11,1,0,0.171,0,0,642,1
102.41,23,3.06,2.32,1,0,0.227,0,2,1321,0
29.55,17,9.69,2.57,1,0,0.075,1,2,370,0
14.29,21,25.65,2.07,0,1,0.056,1,2,1212,0
14.52,21,5.21,3.18,1,0,0.2,1,1,1701,0
63.47,7,5.86,8.46,0,0,0.06,1,2,1426,0
69.63,9,10.27,14.61,1,0,0.353,1,1,1096,0
57.01,16,6.78,4.78,1,0,0.375,1,0,880,0
17.02,4,10.81,14.46,0,0,0.317,1,2,500,0
41.77,7,15.45,32.64,1,0,0.541,1,0,1363,0
37.21,2,5.6,6.71,1,1,0.266,1,1,1218,0
41.21,21,10.49,5.08,1,0,0.083,1,1,1741,0
79.16,5,16.64,2.57,1,0,0.431,1,1,1063,0
41.41,9,7.89,8.67,0,1,0.321,0,3,970,1
65.29,10,4.59,28.91,0,0,0.474,1,3,1477,0
35.43,9,8.46,8.26,1,0,0.279,1,3,1459,0
44.22,18,12.34,14.94,0,0,0.596,0,1,30,0
62.26,21,2.87,8.74,1,0,0.242,1,1,1532,0
7.71,13,25.95,8.04,1,0,0.334,1,5,1303,0
24.05,20,12.93,51.78,1,0,0.09,0,3,696,0
20.69,2,8.5,12.14,0,1,0.223,0,2,1011,0
17.48,23,3.46,19.26,0,1,0.231,1,4,1387,0
25.15,2,23.47,13.74,0,0,0.145,0,3,1529,0
147.66,1,39.53,8.46,0,0,0.209,0,1,1245,0
13.93,0,10.06,4.59,1,0,0.053,1,2,1079,0
87.21,5,60.19,28.36,0,0,0.411,0,1,1228,0
6.15,20,16.0,0.77,1,0,0.117,0,4,1239,0
23.69,7,16.49,3.9,0,0,0.454,0,2,2104,0
38.97,18,31.55,3.99,1,1,0.297,0,1,1599,0
59.51,10,24.42,20.37,1,0,0.15,1,4,1226,0
67.44,2,5.18,29.4,0,0,0.455,1,1,481,0
73.21,11,9.72,1.56,1,0,0.253,1,2,1279,0
23.37,5,35.59,7.29,0,0,0.228,0,0,779,0
20.86,6,24.8,19.85,1,0,0.17,0,5,805,0
78.1,12,60.58,4.27,0,1,0.222,1,1,458,0
27.35,18,21.95,14.77,0,0,0.084,1,3,983,0
9.25,14,25.45,6.92,1,0,0.411,0,1,983,0
10.66,5,8.43,4.7,0,0,0.182,0,5,1683,0
13.2,17,39.09,16.99,1,0,0.407,1,1,768,0
54.44,16,1.15,5.57,0,0,0.691,1,1,1090,0
38.18,5,18.89,10.11,0,0,0.473,1,2,1375,0
66.05,20,26.03,1.83,0,0,0.301,1,1,1189,0
21.6,20,20.83,14.89,0,0,0.418,0,1,948,0
38.8,14,16.11,23.01,0,0,0.187,1,1,1621,0
61.9,7,14.64,1.4,0,0,0.358,0,4,30,0
24.3,8,16.66,3.64,0,0,0.102,0,4,1718,0
52.29,10,6.07,21.1,0,0,0.53,1,2,30,1
17.08,4,20.74,6.05,0,0,0.304,0,3,1507,0
23.03,7,8.52,7.79,1,0,0.27,1,1,1294,0
22.61,3,10.07,2.3,1,0,0.099,0,0,1045,0
10.02,3,5.38,23.41,0,1,0.248,0,3,1597,0
53.89,17,99.95,1.83,0,0,0.358,1,2,927,0
20.71,3,19.61,7.79,1,0,0.129,1,2,1110,0
33.53,11,4.26,4.6,1,0,0.1,0,0,534,0
53.56,10,18.02,17.51,0,1,0.16,0,2,939,0
51.76,1,38.78,52.51,1,0,0.717,1,2,1614,0
64.42,19,20.56,0.91,1,0,0.102,1,2,1223,0
30.01,23,15.76,4.26,1,0,0.21,1,2,1331,0
21.69,15,7.87,5.92,1,0,0.265,1,1,940,0
30.58,16,20.59,1.72,0,0,0.054,1,2,903,0
6.13,5,29.16,8.66,1,0,0.273,0,2,546,0
7.79,20,29.39,18.87,0,0,0.184,1,1,1005,0
8.82,18,19.09,11.08,1,0,0.29,1,0,268,0
12.22,10,19.04,15.25,0,0,0.419,1,3,604,0
49.39,16,43.45,3.94,0,0,0.25,1,4,482,0
13.39,22,40.24,15.4,1,0,0.265,1,1,1453,0
22.69,14,13.95,10.74,1,0,0.392,0,2,1356,0
121.42,4,56.99,2.15,0,0,0.22,0,0,1440,0
23.19,7,4.34,9.13,0,0,0.617,1,0,1011,0
69.24,4,19.77,4.63,1,0,0.374,0,2,1419,0
13.02,7,21.37,71.73,0,0,0.148,0,2,1258,0
26.97,21,7.43,19.93,1,1,0.31,1,1,437,0
12.81,4,3.37,10.15,1,1,0.145,0,1,30,0
23.59,21,7.6,26.63,1,0,0.411,1,3,645,0
76.73,6,33.58,15.72,0,0,0.226,1,3,1177,0
5.89,11,34.31,2.2,1,0,0.478,0,4,1804,0
51.13,12,27.98,33.15,0,0,0.225,0,1,1286,0
42.0,3,8.67,1.54,1,0,0.178,1,2,432,0
18.28,4,34.62,29.98,1,0,0.159,0,4,1035,0
7.8,7,9.24,10.99,1,0,0.393,1,2,1275,0
35.59,1,20.74,8.63,0,0,0.317,0,2,1333,0
19.5,18,16.58,3.82,1,0,0.264,1,1,857,0
41.79,13,11.9,11.54,0,0,0.433,0,2,437,0
33.85,20,26.95,14.9,1,1,0.319,1,5,1433,1
164.31,20,31.07,13.84,0,0,0.511,1,2,275,0
26.07,8,8.18,10.85,1,0,0.273,1,3,1208,0
11.9,19,17.39,7.52,1,0,0.061,0,1,506,0
39.62,1,29.88,16.5,1,0,0.483,0,4,30,1
41.26,10,0.48,5.9,1,0,0.449,1,5,877,0
128.92,15,22.94,8.26,0,0,0.202,1,2,849,0
76.33,11,30.35,12.98,1,0,0.263,0,3,522,0
47.32,17,23.74,9.03,0,0,0.093,1,2,1515,0
143.07,20,24.62,1.58,0,0,0.223,1,1,59,0
10.09,10,15.6,10.97,0,0,0.129,1,1,1167,0
17.47,6,28.82,11.02,1,1,0.308,0,1,1231,0
13.11,13,5.02,10.16,0,0,0.16,1,2,1025,0
22.43,20,7.64,7.63,0,1,0.058,0,0,812,0
8.36,23,24.3,6.42,0,0,0.358,1,3,397,0
62.5,19,28.89,9.24,1,0,0.335,1,0,819,0
26.52,5,38.96,3.91,1,0,0.232,1,2,1267,0
7.61,4,51.18,28.11,0,0,0.219,1,1,348,0
11.99,13,8.78,13.24,0,0,0.045,0,3,30,0
45.31,9,5.95,12.01,1,0,0.239,1,3,635,0
76.56,14,33.02,22.62,1,0,0.337,1,1,649,0
243.89,22,11.44,3.32,1,0,0.407,0,1,30,0
610.25,13,16.13,5.41,1,0,0.18,1,0,564,0
50.12,8,30.6,4.93,1,0,0.177,1,1,1754,0
12.31,20,19.74,12.53,1,0,0.184,1,1,1428,0
3.93,10,28.14,3.17,1,0,0.081,1,0,1205,0
43.28,14,8.01,17.7,1,1,0.14,1,0,1044,0
14.69,3,21.58,12.2,1,1,0.311,0,2,30,1
21.86,12,21.23,4.61,1,1,0.143,1,2,1493,0
17.96,10,38.47,1.86,0,0,0.144,1,4,187,0
28.77,2,44.73,11.9,0,0,0.067,1,1,528,0
96.16,5,11.22,1.03,1,0,0.178,1,4,705,0
38.75,16,6.69,4.18,0,0,0.481,0,3,964,0
28.26,4,29.39,8.04,0,0,0.537,0,1,361,0
11.76,3,3.0,7.48,0,0,0.143,1,3,411,0
6.2,1,30.94,4.76,1,0,0.122,1,2,1372,0
20.36,0,32.72,16.81,0,0,0.124,0,1,1874,0
31.38,10,10.44,3.59,1,0,0.322,0,3,772,0
194.01,11,0.72,4.69,0,1,0.113,1,0,1281,0
37.72,14,35.29,9.98,1,0,0.165,0,3,801,0
88.48,13,46.97,10.01,1,0,0.241,0,4,1360,0
20.1,12,44.72,2.31,0,0,0.242,1,3,1165,0
10.13,23,45.76,9.55,1,0,0.122,0,3,1182,1
12.61,5,4.62,5.29,0,0,0.311,1,2,445,0
16.04,17,17.82,4.94,1,0,0.112,1,1,650,1
278.24,1,21.12,11.61,1,0,0.065,1,5,911,0
14.56,20,18.69,3.12,1,0,0.219,0,1,739,0
76.59,8,28.36,7.06,0,0,0.526,0,3,1191,0
13.42,8,6.27,8.47,1,1,0.297,0,1,40,0
84.06,3,2.9,11.76,0,0,0.223,1,2,1695,0
48.66,12,1.88,4.39,0,0,0.413,1,3,1656,0
28.31,9,35.84,13.99,0,0,0.078,0,3,1152,0
31.79,23,4.56,17.33,1,1,0.175,1,2,765,0
17.21,4,18.59,17.01,1,0,0.046,1,2,744,0
51.73,10,10.0,2.14,0,0,0.444,0,3,682,0
21.01,21,10.43,16.63,0,0,0.106,0,2,1104,0
9.72,19,14.34,17.22,0,0,0.235,1,2,647,0
9.23,18,10.84,32.61,1,0,0.323,0,0,672,0
39.35,12,2.91,2.51,1,0,0.372,0,2,77,1
160.63,20,14.35,25.54,0,0,0.319,1,2,939,0
38.86,5,8.18,0.99,0,0,0.307,1,1,743,0
29.41,19,7.79,17.71,1,0,0.319,1,1,1760,0
44.07,13,56.59,20.58,0,0,0.511,0,2,926,1
122.24,8,3.8,17.1,1,0,0.189,1,5,30,0
41.24,5,13.77,1.51,1,0,0.067,1,0,1108,0
21.96,12,19.9,24.27,0,0,0.135,1,0,1028,0
100.11,0,56.63,49.1,0,0,0.452,1,2,554,0
50.84,17,5.6,2.94,0,0,0.247,1,3,1914,0
153.82,5,43.08,6.63,1,0,0.21,0,1,1046,0
39.77,9,14.26,4.27,1,0,0.24,1,0,485,0
9.73,4,14.71,14.86,0,1,0.089,0,1,1585,0
8.43,11,27.12,5.7,1,1,0.115,0,1,986,0
172.59,8,47.95,15.61,1,0,0.129,1,2,835,0
185.61,4,10.77,7.62,0,0,0.239,1,2,586,0
27.67,21,21.1,10.07,0,0,0.212,0,1,769,0
22.57,18,18.87,8.84,0,0,0.163,0,0,152,0
142.8,9,18.15,1.04,0,0,0.079,0,2,743,0
10.95,1,30.71,9.62,1,0,0.073,0,3,406,0
13.53,20,8.74,1.58,0,0,0.141,1,7,1468,0
63.01,16,12.15,1.94,1,0,0.084,0,0,921,0
22.32,13,3.01,24.66,1,0,0.251,1,0,1650,0
32.95,14,25.53,14.6,1,0,0.366,0,2,1598,0
28.12,0,17.47,13.63,1,1,0.165,1,4,431,0
46.41,11,47.1,9.76,1,1,0.272,1,2,958,0
135.3,4,5.47,42.73,0,0,0.242,1,2,916,0
36.26,15,61.62,9.54,0,0,0.254,1,1,975,0
63.05,22,28.84,8.1,1,1,0.361,0,2,1468,0
4.26,12,27.91,7.84,1,0,0.268,1,2,860,0
31.54,14,9.78,21.57,1,0,0.062,1,3,956,0
14.25,16,13.24,9.13,1,1,0.269,0,2,924,0
9.79,22,11.39,11.63,0,0,0.424,1,1,916,0
13.76,0,41.2,22.9,0,0,0.081,1,3,419,0
23.71,7,2.45,13.91,1,0,0.188,1,1,616,0
82.76,6,14.95,18.66,0,0,0.239,1,4,30,0
8.79,17,16.03,4.24,1,0,0.162,0,2,1095,0
34.15,10,11.03,2.55,0,0,0.334,1,1,982,0
20.41,18,6.99,28.64,1,0,0.261,1,1,1021,0
23.86,11,1.05,18.16,0,0,0.412,1,1,1637,0
90.27,23,15.16,15.16,1,0,0.35,0,0,1221,0
56.72,18,25.47,12.33,1,0,0.528,0,2,1497,0
126.14,0,17.49,8.99,0,0,0.171,1,2,1439,0
28.37,23,7.0,4.41,1,0,0.212,1,2,1753,0
16.51,22,16.17,4.26,1,0,0.237,0,0,1545,0
26.47,1,47.51,2.49,0,0,0.373,0,1,480,0
42.2,9,9.11,1.61,1,0,0.355,0,1,1222,1
39.51,23,19.6,3.51,1,0,0.256,1,2,1251,0
11.2,20,21.85,6.28,0,0,0.199,1,1,1121,0
36.25,11,4.14,28.47,1,1,0.08,0,2,1915,0
41.61,13,12.71,1.52,1,0,0.152,0,2,1036,0
410.54,0,12.84,10.09,1,0,0.174,1,2,1195,0
216.34,13,16.93,30.62,1,0,0.295,1,1,879,0
14.11,15,40.21,21.44,1,0,0.291,0,3,819,0
24.84,8,5.26,9.18,0,0,0.377,1,1,737,0
7.66,7,42.02,4.57,0,0,0.235,0,2,458,0
18.34,19,26.95,0.66,1,1,0.296,0,0,1124,0
45.4,10,62.8,10.36,1,1,0.45,1,0,1760,0
110.59,6,1.62,16.28,0,0,0.414,1,1,822,0
15.97,8,87.11,4.69,0,0,0.499,0,2,1066,1
17.22,11,3.94,22.64,1,0,0.292,1,2,489,0
3.87,6,7.51,8.21,0,0,0.436,1,1,30,0
28.14,13,7.58,11.91,0,0,0.162,1,1,907,0
11.45,20,25.98,9.19,0,1,0.474,1,3,579,0
19.5,17,13.68,22.4,1,0,0.282,1,5,413,0
13.78,5,8.7,22.97,0,0,0.194,1,1,62,0
30.14,11,54.99,14.35,0,0,0.363,0,4,137,0
5.71,13,1.25,6.93,0,0,0.491,0,1,979,0
7.64,16,34.82,8.87,0,0,0.367,0,3,1846,0
278.45,18,15.72,44.15,1,1,0.61,0,1,629,1
9.14,11,8.55,32.0,1,1,0.084,1,1,1168,0
11.06,7,9.57,9.63,0,0,0.431,0,1,426,0
207.87,15,12.51,2.68,0,0,0.657,1,0,549,0
604.9,3,7.68,19.57,0,0,0.379,1,2,153,0
10.26,16,30.86,5.75,1,0,0.066,0,1,731,0
22.91,21,11.6,27.43,0,0,0.076,1,0,30,0
46.6,17,27.63,4.63,1,0,0.662,1,2,393,0
186.55,10,9.71,5.82,0,0,0.459,0,0,688,0
12.34,19,19.33,2.34,0,0,0.261,0,1,627,0
25.91,12,19.32,36.47,1,0,0.413,1,0,1109,0
72.05,12,16.79,3.35,1,1,0.37,1,1,1248,0
51.15,20,42.98,18.32,1,0,0.277,1,5,820,1
22.73,4,46.09,7.76,1,1,0.08,0,0,1438,0
28.97,18,29.66,5.91,1,0,0.139,1,1,30,0
8.37,16,36.95,5.57,0,0,0.218,1,1,1263,0
26.1,12,28.46,26.99,1,0,0.513,1,1,821,0
25.37,1,10.86,63.13,0,0,0.117,1,3,109,0
41.77,18,14.66,24.73,1,0,0.17,0,5,1302,0
19.0,5,1.63,0.98,1,0,0.399,1,1,1044,0
53.07,21,6.5,18.4,0,0,0.234,0,3,630,0
91.17,19,3.97,7.81,1,0,0.356,1,0,1421,0
38.68,8,8.48,8.28,1,1,0.345,1,2,919,0
47.08,10,20.58,11.09,0,1,0.064,0,1,1325,0
34.92,0,10.51,9.28,1,0,0.343,0,1,1078,0
33.12,11,31.97,14.39,1,0,0.864,1,3,346,0
16.09,1,6.77,7.47,0,0,0.089,0,4,72,0
45.44,23,26.66,19.96,1,0,0.171,1,0,351,0
30.05,15,6.17,9.92,1,0,0.464,1,4,1046,1
268.59,5,40.81,10.11,1,0,0.321,0,1,625,0
159.71,19,6.75,9.12,0,0,0.49,1,0,1073,0
48.71,0,23.74,18.34,0,0,0.1,1,0,616,0
15.44,13,8.71,6.31,1,1,0.574,1,0,30,0
10.89,2,51.09,14.43,1,0,0.347,0,2,1115,0
108.98,1,49.59,10.38,1,0,0.389,1,1,1351,0
43.07,5,23.12,27.32,0,0,0.152,1,2,815,0
53.52,7,22.76,6.72,0,0,0.19,1,2,768,0
5.79,17,30.24,20.29,1,0,0.374,1,3,1373,0
83.72,21,26.32,12.33,1,0,0.12,1,4,1187,0
52.17,18,33.32,25.73,0,0,0.194,0,4,1530,0
10.91,17,6.6,10.07,0,0,0.181,1,0,1382,0
20.67,13,16.79,6.1,0,0,0.129,0,1,575,0
43.11,8,9.34,6.04,1,0,0.357,1,0,710,0
34.9,6,49.05,11.33,1,0,0.17,1,3,913,0
24.73,22,4.74,9.33,1,0,0.315,1,3,783,0
29.86,12,55.26,6.48,0,0,0.336,0,2,657,0
25.74,13,17.04,11.55,1,0,0.228,0,1,1147,0
38.57,0,33.7,0.21,1,0,0.005,0,2,992,0
144.24,10,10.42,7.9,0,0,0.645,1,1,640,0
2.54,16,4.31,9.62,0,0,0.187,0,2,356,0
26.13,11,47.68,1.33,0,0,0.283,1,3,994,0
39.51,14,24.75,3.11,0,0,0.305,1,1,590,0
44.52,19,5.23,3.35,0,0,0.075,1,3,626,0
22.83,0,15.22,8.87,1,0,0.125,1,5,485,0
5.72,21,14.26,7.36,1,0,0.443,0,3,707,0
45.97,19,24.09,7.46,0,1,0.366,0,2,611,0
186.3,10,6.57,1.36,1,0,0.057,1,2,1437,0
7.14,18,5.1,21.76,1,0,0.725,1,4,771,0
78.56,1,18.71,26.42,0,0,0.251,1,0,178,0
23.84,7,6.97,1.95,1,1,0.201,1,4,942,0
31.15,2,48.74,6.98,0,0,0.054,1,3,1499,0
11.55,15,31.34,7.3,1,0,0.076,1,1,857,0
23.7,20,30.65,13.2,0,0,0.258,0,0,806,0
121.52,14,1.58,6.02,0,0,0.073,0,0,83,0
59.3,17,10.81,20.14,0,0,0.428,1,1,809,0
187.23,3,12.93,2.85,1,0,0.268,0,0,557,0
107.49,22,5.89,16.36,1,0,0.228,1,0,30,0
51.37,4,26.39,12.86,0,0,0.322,1,1,379,0
189.41,12,23.73,2.27,1,0,0.112,1,1,1506,0
51.37,16,29.73,6.68,0,0,0.431,1,2,1366,0
75.79,20,36.42,2.61,1,0,0.347,0,0,1528,0
24.62,22,35.07,38.3,0,0,0.1,1,2,920,0
35.39,14,92.19,7.98,1,0,0.098,1,1,30,1
16.49,13,16.34,5.84,1,0,0.289,1,2,1044,0
89.08,10,14.07,1.04,1,0,0.09,1,1,2079,0
10.19,13,26.13,12.23,0,0,0.126,1,3,288,0
72.41,16,41.23,6.55,1,0,0.595,1,1,53,0
27.37,15,2.94,16.2,0,0,0.231,1,1,381,0
106.83,14,7.98,29.98,1,1,0.262,1,1,1204,0
70.17,10,9.87,18.1,0,0,0.356,1,1,30,0
204.52,4,17.75,3.15,1,0,0.243,0,0,1158,0
68.77,1,10.87,5.91,1,0,0.177,1,3,680,0
6.88,10,36.84,2.01,1,0,0.405,1,4,854,0
30.97,9,19.84,4.56,1,0,0.553,1,2,1128,0
10.26,14,15.07,21.01,0,0,0.068,1,0,708,0
19.72,21,23.9,4.93,1,0,0.489,0,0,831,0
150.09,16,1.95,16.35,0,0,0.451,1,3,921,0
62.65,19,23.0,5.56,1,0,0.186,1,2,1411,0
16.46,13,7.18,17.81,1,0,0.428,1,1,842,0
12.02,22,32.11,3.06,0,0,0.293,0,3,83,0
34.22,22,2.43,2.42,0,0,0.193,1,1,1036,0
9.81,3,25.15,38.04,1,0,0.252,1,2,1189,0
16.93,15,7.37,3.41,0,0,0.384,1,4,2107,0
45.24,12,41.84,21.43,0,0,0.153,1,1,982,0
105.14,23,3.25,14.17,0,1,0.095,1,2,1348,0
60.87,14,17.22,4.37,0,0,0.5,1,1,937,0
3.35,0,28.69,6.93,1,0,0.323,1,1,992,0
44.9,5,21.97,21.79,0,0,0.34,0,0,1535,0
35.59,3,21.86,5.79,0,0,0.256,1,3,1913,0
50.09,4,4.7,16.26,1,1,0.568,1,1,1172,0
166.7,2,4.36,12.74,0,0,0.489,1,0,1548,0
4.21,18,21.2,13.09,1,0,0.493,0,3,30,0
18.34,11,18.68,39.03,1,0,0.771,0,1,340,0
59.79,16,6.19,15.19,1,0,0.234,1,2,589,0
6.81,23,5.82,12.92,1,0,0.16,0,3,1090,0
144.89,15,15.27,1.05,1,0,0.262,1,2,358,0
47.86,11,11.91,26.38,0,0,0.313,0,0,673,0
77.21,6,61.28,18.16,1,0,0.372,0,2,953,0
18.71,18,43.64,12.5,1,0,0.167,1,2,1406,0
74.72,12,31.24,6.88,1,0,0.313,0,2,971,0
96.4,18,47.55,1.14,0,0,0.224,0,2,1228,0
41.8,0,9.21,14.89,1,0,0.414,1,1,792,0
41.86,3,10.55,9.46,0,0,0.097,1,2,602,1
43.39,3,39.16,36.83,1,0,0.07,1,4,1645,0
13.97,16,17.17,16.34,0,0,0.322,1,3,987,0
28.57,12,18.05,10.62,0,0,0.264,0,4,309,0
28.43,7,5.41,45.59,0,0,0.071,1,1,799,0
48.59,7,37.86,9.41,0,0,0.047,1,2,1401,0
90.0,14,26.08,34.46,0,0,0.299,1,0,236,0
11.49,23,13.16,0.78,1,0,0.183,1,2,422,0
29.22,23,10.62,52.34,1,0,0.11,0,3,383,1
145.69,11,42.36,21.69,1,0,0.376,1,1,1063,0
15.74,16,9.31,3.85,0,0,0.169,1,1,618,0
14.55,2,3.73,42.01,1,0,0.571,1,1,248,0
40.54,22,44.1,0.46,0,0,0.472,1,2,280,1
77.04,0,44.74,2.51,0,0,0.402,1,3,1439,0
33.5,8,9.28,14.47,1,0,0.42,1,0,886,0
125.08,17,69.67,26.52,1,0,0.362,0,1,1083,0
78.01,23,15.59,12.65,1,0,0.412,0,3,788,0
76.85,4,9.38,1.27,1,0,0.171,1,1,191,0
57.63,15,25.44,4.31,1,0,0.551,1,6,1266,1
339.56,4,4.57,5.67,1,1,0.339,1,1,607,0
26.97,1,6.92,13.92,1,0,0.204,1,1,1124,0
4.47,10,21.3,8.45,1,0,0.123,0,2,676,0
164.72,13,18.39,24.89,1,0,0.338,1,3,511,0
20.95,6,33.59,1.13,1,0,0.45,1,1,1098,0
36.89,23,5.35,16.42,0,0,0.345,1,3,661,0
122.68,14,61.58,2.54,1,0,0.399,1,2,1840,0
6.67,10,11.71,30.37,0,0,0.149,1,2,1483,0
9.47,11,17.85,16.59,1,0,0.499,0,3,227,0
6.68,11,11.23,8.46,1,0,0.119,1,1,943,0
14.97,2,4.53,6.62,1,0,0.444,0,2,774,0
51.4,14,16.3,13.37,1,0,0.47,0,1,543,0
55.93,18,28.4,24.28,0,0,0.245,1,1,446,0
43.65,10,14.31,12.8,0,1,0.28,0,4,673,0
8.06,10,7.71,8.41,1,0,0.175,0,1,1629,0
3.29,21,34.42,3.42,0,0,0.418,1,2,1121,0
34.97,14,35.39,8.05,0,0,0.13,1,4,942,0
20.66,7,13.68,24.42,0,0,0.312,0,0,226,0
52.43,0,22.36,18.78,1,0,0.222,1,2,30,0
66.82,19,34.24,27.09,1,0,0.323,1,2,369,0
38.02,15,28.16,3.2,1,1,0.489,1,3,1603,0
70.82,15,21.87,1.24,1,0,0.437,0,2,682,0
41.65,6,27.29,17.4,0,1,0.152,1,1,610,0
56.26,4,23.57,1.78,1,0,0.13,1,2,1261,0
16.37,11,17.08,27.06,1,0,0.213,1,1,915,0
27.67,18,5.23,17.87,0,0,0.617,1,5,523,0
40.32,7,6.64,12.46,1,0,0.273,1,2,1125,0
75.23,12,24.36,2.69,1,0,0.036,1,6,1167,0
22.34,23,11.13,9.5,1,0,0.415,1,1,2040,0
55.77,5,23.69,8.06,1,0,0.392,0,0,1553,0
25.39,5,5.09,12.95,1,0,0.225,1,3,724,0
29.44,5,8.42,33.73,0,0,0.166,1,0,894,0
75.91,21,14.31,3.27,1,0,0.01,1,4,243,0
4.51,12,1.16,6.88,0,0,0.232,0,1,796,0
9.06,22,7.4,8.64,1,0,0.131,1,2,1141,0
7.52,22,9.49,28.39,0,1,0.09,1,2,882,0
3.21,10,19.47,10.45,0,0,0.372,1,1,314,0
16.81,1,13.58,16.48,1,1,0.421,1,1,577,0
70.07,7,20.31,30.2,0,0,0.137,0,1,544,0
24.91,13,17.58,12.43,1,0,0.351,0,2,1199,0
40.36,9,13.1,6.97,1,0,0.123,0,2,1180,0
98.42,0,9.55,25.62,0,0,0.5,1,3,941,0
124.92,23,18.06,32.82,1,0,0.248,0,2,1140,0
30.9,7,41.28,15.42,0,0,0.423,0,2,747,0
128.2,14,9.5,4.81,1,0,0.284,1,1,463,0
36.31,22,59.84,6.29,1,0,0.122,1,1,775,0
14.33,13,18.34,32.56,1,0,0.284,0,1,944,0
18.28,16,32.35,17.82,0,0,0.166,1,1,1023,0
7.53,0,22.55,7.41,0,0,0.239,1,0,603,0
13.62,16,25.16,0.98,0,0,0.36,0,0,37,0
23.15,20,7.34,18.14,0,1,0.08,0,0,993,0
73.96,22,11.04,15.5,0,0,0.207,1,1,30,0
185.08,2,14.04,17.86,1,0,0.289,0,3,706,1
8.31,5,26.97,4.06,0,0,0.178,1,0,89,0
49.05,1,14.12,7.0,1,0,0.457,0,5,1440,0
11.7,22,33.67,23.06,1,0,0.482,1,4,1278,1
53.23,6,12.02,6.92,0,0,0.059,0,2,1317,0
29.05,12,8.95,1.57,0,0,0.446,1,3,273,0
5.31,11,10.63,3.51,1,0,0.108,0,0,156,0
83.79,16,28.95,20.37,1,1,0.333,0,3,1950,1
18.08,21,51.01,8.3,1,0,0.522,0,1,946,0
19.42,7,64.09,2.77,1,0,0.472,0,0,30,0
11.36,18,26.73,14.45,0,0,0.092,0,1,679,0
17.21,6,32.54,5.26,0,0,0.114,0,1,443,0
50.8,4,3.71,7.98,1,0,0.476,1,1,1251,0
27.41,2,4.97,11.25,1,0,0.116,0,2,326,0
46.0,8,7.66,27.21,1,0,0.259,0,2,637,0
47.56,13,43.07,11.25,1,1,0.26,1,5,1222,1
124.05,18,42.64,6.46,1,0,0.299,1,1,1004,0
23.51,20,74.13,13.77,0,0,0.259,0,3,659,0
7.56,12,7.49,14.56,1,0,0.385,0,0,348,0
96.28,9,15.48,5.86,0,0,0.342,1,3,1016,0
23.77,4,2.83,8.3,0,0,0.509,1,6,30,1
100.95,21,4.17,9.2,1,0,0.187,1,4,1053,0
48.59,9,13.06,23.72,1,0,0.207,1,0,900,0
29.05,18,7.81,0.24,1,0,0.171,1,3,720,0
46.94,15,7.9,13.12,0,0,0.3,0,3,381,0
232.99,22,9.9,19.17,1,0,0.093,1,2,1061,0
264.27,23,46.59,23.14,0,1,0.18,0,0,1007,1
35.49,16,37.13,1.4,0,0,0.67,0,1,451,0
38.87,15,6.56,1.33,1,0,0.042,0,1,30,0
97.15,3,36.39,4.99,1,0,0.402,0,1,912,0
14.22,0,8.43,16.77,1,0,0.26,1,4,1455,0
46.2,13,3.66,20.98,0,1,0.163,1,2,727,0
32.27,16,9.58,1.06,0,0,0.231,0,4,715,0
45.33,17,20.98,11.5,0,1,0.139,1,3,1003,0
14.39,6,7.31,20.06,1,0,0.479,0,2,469,0
6.76,12,26.36,6.15,0,0,0.214,0,0,755,0
4.17,20,10.21,12.34,0,0,0.388,0,2,1395,0
10.83,2,22.17,2.26,0,1,0.368,1,1,993,0
20.93,9,6.48,15.38,1,0,0.028,0,3,1738,0
24.7,22,16.75,7.84,1,1,0.153,1,2,981,0
229.81,4,7.54,7.07,1,0,0.559,1,2,1195,0
100.08,7,13.39,11.87,0,1,0.043,1,1,632,0
12.65,11,60.46,0.81,0,0,0.148,1,0,762,0
46.89,16,11.45,5.18,1,0,0.372,0,2,982,0
22.04,6,4.86,20.08,0,0,0.285,1,1,1503,0
24.92,19,17.62,1.04,0,0,0.248,1,3,816,0
39.86,5,17.87,1.25,1,0,0.323,1,4,1342,0
61.51,8,17.77,5.8,1,0,0.021,0,5,1518,0
23.59,13,25.22,9.12,1,0,0.054,0,1,1877,0
95.95,0,10.98,11.26,0,0,0.146,0,3,984,0
10.57,18,27.12,36.61,1,0,0.059,1,3,1095,0
33.33,16,16.2,11.64,0,0,0.358,1,3,631,0
444.82,20,4.56,13.03,1,0,0.365,0,1,1068,0
41.39,6,30.02,23.22,1,0,0.42,1,3,1150,1
138.83,9,19.0,3.78,1,0,0.067,1,3,828,0
36.29,21,26.06,13.45,1,0,0.581,1,2,241,0
59.19,1,5.16,16.6,0,0,0.557,0,0,720,1
31.29,11,31.34,14.72,0,0,0.406,0,0,30,0
27.93,11,71.6,11.29,0,0,0.196,1,2,843,0
15.19,10,4.76,10.57,0,0,0.148,1,1,355,0
50.92,10,34.6,2.78,1,0,0.251,0,2,1100,0
14.13,17,19.06,6.5,1,0,0.414,0,1,2032,0
64.43,4,16.34,30.17,0,0,0.052,0,2,1368,0
98.03,21,31.6,5.05,0,0,0.211,1,4,541,0
47.78,21,29.12,9.67,1,0,0.519,0,1,1455,0
24.87,4,40.96,9.09,0,1,0.285,1,5,1053,0
52.14,23,5.37,13.46,0,1,0.276,1,2,1213,0
24.32,6,42.09,9.02,0,0,0.232,0,2,806,0
84.4,1,22.0,7.67,1,0,0.271,1,1,1405,0
5.3,9,2.94,19.55,1,0,0.479,0,2,491,0
23.67,19,11.55,11.62,0,0,0.201,0,1,30,0
4.52,20,19.41,10.59,1,0,0.272,0,2,595,0
7.43,15,11.33,5.43,1,0,0.135,1,2,1067,0
129.52,19,14.72,6.68,0,1,0.229,1,1,616,0
81.06,6,9.96,12.04,1,1,0.418,1,1,1312,1
16.13,21,97.74,21.12,1,0,0.16,0,2,999,1
7.37,15,27.45,26.99,1,0,0.101,0,4,645,0
1.71,3,17.55,12.92,1,1,0.385,1,3,927,1
19.23,3,6.33,41.62,1,0,0.166,1,1,30,0
372.57,6,41.04,7.26,0,0,0.21,0,2,1208,0
51.16,1,24.82,7.21,1,0,0.042,1,2,1018,0
18.92,6,7.0,24.49,1,0,0.201,0,1,494,0
52.72,23,7.05,11.02,1,0,0.116,1,1,1380,0
6.95,5,15.02,5.61,1,0,0.385,1,0,659,0
24.6,15,17.69,9.4,1,0,0.643,0,0,979,0
36.58,23,26.97,3.26,1,1,0.205,1,1,721,0
30.38,6,15.86,8.12,0,0,0.092,0,2,30,0
73.03,16,28.7,2.82,0,0,0.566,0,0,733,0
46.74,10,11.34,3.25,1,0,0.345,1,2,30,0
64.61,6,15.9,11.92,1,0,0.691,1,4,919,0
16.64,22,42.13,0.45,0,1,0.156,1,6,938,0
81.27,15,29.68,2.87,0,0,0.383,0,3,1105,0
168.84,10,16.69,4.34,1,0,0.109,0,3,524,0
12.55,19,21.4,6.42,0,1,0.154,1,3,378,0
13.63,21,15.95,15.48,1,1,0.063,0,2,1075,0
125.94,18,4.21,6.2,0,1,0.314,0,2,30,0
27.35,20,52.58,29.35,0,0,0.396,1,1,985,0
134.8,7,7.47,4.98,0,0,0.173,0,2,1470,0
21.27,8,12.11,0.53,1,0,0.401,1,2,676,0
141.89,5,86.53,3.09,1,0,0.256,1,4,1451,1
37.77,16,6.09,11.77,1,0,0.042,1,3,1064,0
42.87,19,15.2,3.24,0,0,0.145,1,3,1532,0
158.34,15,44.12,4.84,1,0,0.17,0,2,1172,0
23.06,14,60.67,24.34,1,0,0.405,1,2,740,0
12.92,18,24.55,30.3,1,1,0.111,1,5,864,0
21.15,4,41.31,1.82,1,0,0.217,1,3,590,1
52.06,8,13.94,7.6,0,0,0.374,1,4,487,0
6.92,16,0.56,11.53,0,0,0.284,1,3,1125,0
62.64,1,38.7,20.27,1,0,0.432,0,3,851,0
19.32,21,16.37,6.13,1,0,0.507,1,3,524,0
104.36,4,12.59,11.45,0,0,0.13,0,1,1478,0
3.02,18,11.64,23.19,1,0,0.431,1,2,1129,0
15.08,14,28.28,9.67,1,0,0.31,0,1,30,0
6.13,20,28.04,0.14,1,0,0.564,0,2,1186,1
14.49,18,16.77,7.52,1,0,0.121,1,2,524,0
42.42,12,23.65,3.98,1,1,0.252,1,3,1407,0
27.68,18,5.96,4.3,0,0,0.184,1,1,1322,0
25.7,8,14.11,4.69,0,1,0.124,0,2,1475,0
28.24,14,6.24,0.42,0,0,0.297,0,3,1232,1
40.58,21,6.03,28.73,0,0,0.161,1,2,1502,0
12.08,2,21.94,21.32,1,0,0.162,1,3,30,1
67.14,8,17.51,32.14,0,0,0.327,0,1,80,0
64.24,0,11.36,44.0,0,0,0.511,1,2,1355,1
48.67,12,13.52,11.09,1,0,0.484,1,2,215,0
57.77,18,23.39,5.53,1,0,0.184,1,0,718,0
44.54,0,28.72,13.99,0,0,0.164,1,2,1338,0
253.43,13,25.33,14.52,0,0,0.296,0,1,2168,0
30.35,9,2.77,5.51,1,1,0.334,1,2,1052,0
24.36,18,1.05,5.35,1,0,0.17,0,1,951,0
15.59,5,8.16,8.64,1,0,0.269,1,0,30,0
11.8,3,1.07,4.94,0,0,0.473,1,3,1095,0
9.54,2,48.32,14.65,1,0,0.281,1,1,885,0
13.62,9,13.14,2.34,1,0,0.232,0,1,1355,0
30.86,11,4.53,17.47,1,0,0.626,1,1,1179,0
46.26,22,13.01,26.44,0,0,0.379,1,2,1380,0
34.85,11,2.02,30.7,1,0,0.338,1,1,358,0
15.4,4,4.64,49.07,1,1,0.104,0,1,1298,0
81.47,16,12.18,14.84,0,0,0.226,1,3,601,0
69.37,1,10.47,1.84,1,0,0.484,1,2,343,1
28.23,8,12.09,10.37,1,0,0.01,1,2,729,0
17.24,15,23.97,41.37,1,0,0.314,0,3,907,0
57.31,6,34.14,29.97,0,0,0.378,1,2,997,0
39.96,14,18.43,7.12,1,0,0.335,0,2,261,1
7.78,10,35.48,0.67,1,1,0.219,1,1,1501,0
30.94,22,10.68,14.2,1,0,0.33,1,0,1303,0
43.04,6,39.04,1.68,0,0,0.444,0,2,1458,0
13.47,21,18.67,13.86,1,0,0.147,1,2,1721,0
40.04,15,32.01,15.32,1,0,0.359,0,0,635,0
7.73,17,10.88,28.85,0,0,0.463,0,0,1596,0
125.99,4,17.99,0.81,0,0,0.34,1,1,648,1
115.35,0,66.33,20.43,0,0,0.345,1,2,1052,0
25.73,17,17.88,8.72,1,0,0.144,0,3,1317,0
47.63,11,33.93,34.86,0,0,0.653,1,1,887,0
2.97,7,37.04,19.35,1,0,0.237,0,2,1296,0
10.42,21,26.84,11.16,0,1,0.062,1,0,499,0
24.69,7,30.49,3.83,1,0,0.479,0,3,932,0
11.33,10,10.91,9.57,1,0,0.05,1,5,1218,0
67.65,17,7.91,24.55,1,0,0.164,1,2,1059,0
244.03,23,6.34,9.63,1,1,0.605,1,1,221,0
10.21,21,23.11,9.34,1,0,0.181,0,2,620,0
14.33,15,17.47,9.8,0,1,0.281,1,5,684,0
41.91,2,21.88,5.54,1,0,0.285,0,3,1080,1
165.86,2,5.3,3.37,0,0,0.42,1,2,1772,0
9.75,16,9.14,4.02,1,0,0.245,0,1,215,0
42.48,12,33.24,10.63,1,0,0.257,1,2,422,0
204.65,3,19.72,21.23,1,1,0.08,1,1,1686,0
6.35,16,18.78,12.0,1,0,0.604,1,4,1369,0
9.2,22,14.02,24.93,0,1,0.541,1,1,994,0
21.68,1,8.38,30.38,1,0,0.156,0,1,1114,0
19.68,19,39.97,43.39,1,0,0.111,0,3,1217,0
74.63,8,44.8,2.01,1,0,0.372,0,0,999,0
42.17,9,18.06,16.28,1,0,0.445,1,1,949,0
5.61,17,15.27,6.55,1,0,0.383,0,1,1575,0
55.45,5,47.13,4.24,0,0,0.376,1,3,87,0
18.59,3,9.39,8.09,1,0,0.163,1,2,1521,0
118.44,23,11.54,32.95,0,0,0.19,1,2,265,0
17.68,8,32.1,24.65,1,0,0.241,1,3,1633,0
17.52,4,11.37,10.74,1,0,0.306,1,3,834,0
56.89,16,17.24,18.56,1,0,0.122,1,2,778,0
71.02,5,1.49,14.46,1,0,0.141,1,1,288,0
51.84,18,45.56,8.11,1,0,0.372,0,1,1349,1
6.14,1,30.14,4.91,1,0,0.213,1,3,1110,0
56.71,12,38.0,9.56,0,0,0.376,1,2,862,0
11.77,9,7.23,19.58,1,0,0.417,1,0,458,0
41.9,22,52.63,35.9,1,0,0.285,1,2,1410,1
7.97,12,15.96,16.43,1,0,0.156,0,2,788,0
51.74,22,40.39,5.95,0,0,0.303,1,1,690,0
14.78,5,22.63,3.61,1,0,0.249,1,4,1511,1
9.18,11,31.17,14.02,1,0,0.145,1,3,1187,1
67.61,19,23.99,0.86,1,0,0.477,1,1,2112,0
42.17,3,11.29,62.38,0,0,0.374,1,2,959,0
17.92,22,3.29,16.16,0,0,0.332,1,1,1981,0
141.34,18,42.64,28.66,1,1,0.269,1,5,1176,0
21.31,16,33.75,23.43,1,0,0.259,1,2,1290,0
34.2,5,42.6,15.93,0,0,0.436,0,2,959,0
43.33,19,4.33,15.07,0,0,0.06,1,2,1205,0
17.82,20,11.86,20.46,1,0,0.317,1,3,1416,0
53.04,7,3.8,7.42,1,1,0.338,1,2,924,0
19.42,14,9.83,10.91,1,0,0.445,1,2,597,0
21.94,1,37.55,21.44,1,0,0.095,1,3,644,0
129.37,9,30.91,2.0,1,1,0.02,1,5,1066,0
11.7,3,27.9,10.57,1,0,0.594,1,5,769,1
2.97,13,11.93,9.43,1,0,0.274,1,3,992,0
165.83,13,0.81,0.77,0,0,0.375,1,1,1255,0
423.83,12,5.05,17.3,1,1,0.173,0,3,1130,1
22.08,16,14.02,12.88,1,0,0.382,1,1,1414,0
4.77,22,6.29,10.55,0,0,0.173,1,0,995,0
24.28,4,34.01,24.83,1,0,0.315,1,3,485,0
24.87,5,53.8,21.71,1,0,0.447,0,1,709,1
27.39,5,22.49,23.09,1,0,0.261,1,1,1174,0
10.88,22,4.27,9.55,1,0,0.171,0,5,1513,0
59.12,2,43.76,7.2,1,0,0.461,1,0,987,0
55.95,0,18.79,12.62,1,0,0.254,0,2,569,0
7.43,3,16.79,15.8,1,0,0.344,0,0,1164,0
66.63,18,26.16,19.18,1,0,0.007,1,3,1662,0
257.93,13,5.28,4.22,0,0,0.412,0,1,1047,0
39.33,22,12.11,14.92,1,0,0.238,0,5,437,0
23.63,4,15.85,27.15,1,1,0.123,1,3,161,0
28.73,9,21.0,4.87,0,0,0.153,1,0,1764,0
61.27,13,22.71,0.7,1,1,0.156,1,5,969,0
5.87,1,26.13,0.2,1,0,0.111,0,3,385,0
39.03,22,10.08,7.12,1,0,0.194,0,1,745,0
22.41,19,2.55,3.38,1,0,0.11,1,1,1921,0
210.15,3,13.9,16.69,0,0,0.056,0,0,1676,0
27.82,20,15.42,14.42,0,0,0.259,0,2,838,0
175.54,10,2.41,1.04,0,0,0.104,1,3,423,0
10.98,8,9.58,26.17,1,0,0.373,0,2,1647,0
59.58,22,19.5,5.35,1,0,0.116,1,2,1383,0
45.58,12,11.01,3.94,1,0,0.275,1,2,961,0
13.89,5,18.88,13.79,1,0,0.238,1,2,30,1
39.54,19,10.58,6.59,0,0,0.555,1,0,985,0
111.33,17,27.61,12.73,1,0,0.295,1,3,1283,0
23.96,4,6.81,9.12,1,0,0.212,0,2,798,0
6.1,16,16.96,28.57,1,0,0.58,1,3,554,0
32.54,15,17.65,12.98,0,0,0.212,1,2,331,0
13.43,6,33.05,8.12,0,0,0.337,0,4,981,0
23.52,10,12.68,10.23,1,0,0.017,0,1,231,0
30.52,20,53.27,24.01,0,0,0.1,0,3,1135,0
6.02,4,51.85,4.28,1,0,0.058,1,3,229,0
6.58,17,7.27,17.46,0,0,0.35,0,2,611,0
53.63,19,16.56,10.77,1,1,0.285,1,2,444,0
19.63,22,4.77,11.09,1,0,0.561,1,0,362,0
2.55,7,24.59,3.4,1,0,0.111,0,4,281,0
72.59,6,10.87,7.17,1,0,0.285,1,0,1558,0
43.48,22,18.58,5.8,0,0,0.073,1,1,836,0
16.22,11,13.59,10.72,0,0,0.025,1,1,261,0
8.87,13,95.28,2.13,1,0,0.147,1,4,1242,0
76.39,12,14.97,0.59,1,1,0.28,1,2,524,0
46.96,12,13.88,6.54,1,0,0.196,1,2,1596,0
358.74,14,34.66,24.39,1,0,0.366,0,2,647,0
50.41,10,38.35,16.16,0,0,0.58,0,1,696,0
48.8,9,20.81,9.73,0,0,0.372,0,3,205,0
28.02,9,39.13,3.69,1,0,0.291,1,3,1595,0
74.95,15,84.59,5.3,0,0,0.073,0,1,435,0
61.87,19,12.98,8.51,1,0,0.094,1,2,641,1
115.78,13,5.4,2.88,0,0,0.305,1,1,366,0
19.66,16,23.15,15.16,0,0,0.108,0,3,337,0
21.43,9,36.51,14.83,1,0,0.312,0,3,1124,0
20.51,18,50.25,6.43,1,0,0.197,0,4,1899,1
73.02,9,26.46,9.01,0,0,0.454,0,2,1253,0
148.17,10,17.31,8.83,1,0,0.193,0,2,30,0
20.93,1,8.36,13.98,0,0,0.581,0,2,1364,0
21.65,6,42.77,4.13,1,0,0.092,0,3,854,0
45.33,17,21.67,58.77,0,0,0.156,0,3,449,0
25.9,2,2.63,2.11,1,0,0.204,1,1,1060,0
85.8,5,66.23,4.2,0,0,0.153,1,1,531,0
3.48,18,5.76,12.25,1,0,0.277,0,2,1705,0
14.49,20,37.01,36.32,1,0,0.555,1,2,1182,0
15.14,9,20.29,5.92,0,0,0.097,0,2,344,0
3.25,9,2.9,3.54,1,0,0.24,0,2,947,0
12.63,12,15.69,7.78,0,0,0.308,1,3,30,0
13.26,18,13.01,17.88,1,0,0.335,0,3,619,1
27.08,11,3.79,18.64,1,1,0.362,1,4,1480,0
100.78,4,24.55,16.1,0,0,0.493,0,1,1637,1
25.92,10,33.27,39.33,0,0,0.055,1,1,635,0
11.81,6,16.61,18.72,0,1,0.046,0,1,935,0
31.28,16,12.71,21.87,1,1,0.692,1,3,993,1
94.55,3,26.0,23.63,1,0,0.338,1,4,1410,0
12.48,14,0.39,3.07,0,0,0.161,1,0,436,0
13.32,3,11.48,8.7,1,0,0.055,0,2,1499,0
57.89,23,12.25,4.29,1,0,0.485,0,3,1056,1
26.53,15,17.06,4.74,1,0,0.372,1,2,1038,0
63.27,3,3.52,7.06,0,0,0.234,0,5,1061,0
32.67,23,1.78,13.69,0,0,0.415,1,2,911,0
66.8,13,6.36,34.99,1,0,0.374,1,0,1464,0
11.76,14,24.25,17.26,0,0,0.594,1,6,462,0
32.72,1,12.07,14.77,1,0,0.097,0,1,385,0
26.82,4,6.31,7.22,0,0,0.334,0,1,678,0
9.82,19,59.19,37.73,1,1,0.419,1,2,1915,1
6.93,11,12.7,1.91,1,0,0.248,1,3,1628,0
65.74,14,17.15,19.12,0,0,0.316,0,0,580,0
23.31,23,42.3,11.46,0,0,0.434,1,1,788,0
11.91,10,19.24,23.82,1,0,0.762,0,3,618,0
30.08,9,25.8,10.33,1,0,0.294,0,0,1059,0
102.31,19,7.96,29.08,0,0,0.331,0,4,721,0
3.38,1,17.92,3.68,1,0,0.304,1,1,629,0
7.41,10,54.0,0.13,0,0,0.696,1,2,777,0
13.16,20,23.34,2.12,0,0,0.473,1,1,1006,0
142.76,5,20.78,7.4,1,0,0.261,0,4,1575,0
43.93,7,13.82,13.75,1,0,0.134,1,2,689,0
71.33,11,4.7,5.21,1,0,0.367,1,2,1000,0
10.59,1,39.07,11.52,0,0,0.195,0,0,1384,0
10.81,1,16.05,16.25,0,0,0.178,1,1,488,0
51.82,6,9.1,3.97,1,0,0.29,0,3,988,0
35.1,21,4.15,4.11,0,0,0.451,1,4,1255,0
57.33,5,21.64,1.57,0,0,0.025,0,2,1218,0
27.45,17,5.56,29.08,0,0,0.177,1,3,1650,0
43.73,10,39.32,29.63,1,0,0.274,0,3,1162,0
38.79,18,9.62,11.42,0,0,0.123,0,1,927,0
72.08,7,18.24,2.39,1,0,0.332,1,4,1112,0
74.22,20,22.98,33.7,1,0,0.119,1,3,801,0
6.55,8,20.96,4.12,0,0,0.363,0,4,1487,0
3.5,18,33.36,1.68,1,0,0.392,1,0,860,0
90.17,19,10.47,3.99,1,0,0.584,1,6,816,0
108.61,10,17.25,3.44,1,0,0.202,1,4,527,0
11.93,16,26.89,2.54,1,1,0.138,1,1,678,0
5.16,2,50.38,5.13,1,0,0.19,1,2,1179,0
36.56,11,31.62,10.61,0,0,0.561,0,1,254,0
84.0,8,36.09,18.93,1,0,0.369,1,1,700,0
199.86,22,12.98,7.92,1,0,0.359,1,1,704,0
55.5,22,23.33,7.97,0,0,0.041,1,2,1212,0
22.83,18,45.29,7.73,0,0,0.397,1,0,1334,0
13.56,22,16.54,1.68,1,0,0.437,0,4,1639,0
33.5,23,23.44,18.52,0,0,0.269,1,2,548,0
24.55,18,3.11,23.97,0,0,0.615,1,1,1292,0
12.0,14,28.89,32.47,0,0,0.292,0,4,1032,0
256.92,4,20.61,6.78,1,0,0.267,1,3,868,0
197.39,19,27.46,30.98,0,0,0.22,1,1,1265,0
103.14,4,13.26,20.51,0,0,0.311,1,3,235,0
13.19,4,2.26,2.74,1,1,0.273,0,1,635,0
77.87,21,29.92,4.13,0,0,0.231,0,5,357,0
62.78,2,9.03,10.82,1,0,0.556,1,1,1551,0
51.55,3,3.55,7.97,1,0,0.498,0,1,1339,0
115.55,12,19.5,2.15,1,0,0.55,0,3,363,0
62.51,14,55.01,10.75,1,0,0.3,0,1,229,0
69.41,1,7.78,11.0,1,0,0.066,0,1,1199,0
62.61,9,9.38,20.31,0,0,0.567,1,3,467,0
46.56,5,31.05,5.68,1,0,0.089,1,0,1232,0
5.56,7,14.35,4.28,1,0,0.422,1,1,1795,1
36.0,4,29.84,1.53,0,0,0.121,0,1,469,0
18.99,16,13.7,12.63,0,0,0.535,0,1,1201,0
9.21,11,11.86,11.34,0,0,0.293,1,0,783,0
178.01,23,8.16,35.88,0,0,0.233,1,2,1694,0
186.61,0,22.07,19.19,0,0,0.11,1,0,125,0
128.92,18,8.11,5.72,0,0,0.305,0,4,237,0
42.74,21,11.23,10.1,1,0,0.295,1,1,988,0
127.82,11,38.87,2.08,1,0,0.135,1,2,1613,0
33.52,16,71.85,6.73,0,0,0.369,1,1,767,0
40.56,10,24.29,11.79,1,0,0.316,1,1,512,0
11.1,14,39.96,37.19,1,0,0.407,0,1,42,0
49.25,21,12.47,3.4,1,0,0.266,0,1,1121,0
35.18,12,13.98,28.36,1,0,0.315,0,1,212,0
9.0,13,20.23,12.5,1,0,0.345,0,2,1975,1
31.46,23,9.15,18.83,0,0,0.099,1,3,965,0
30.58,11,11.72,9.76,0,0,0.326,0,2,930,0
199.85,4,29.09,4.72,1,0,0.384,0,4,748,0
80.98,16,17.58,27.17,1,1,0.466,0,0,470,0
33.5,16,15.26,6.23,1,1,0.223,0,0,794,0
42.47,5,14.64,17.96,1,0,0.388,1,1,1143,0
34.61,17,6.41,2.33,1,0,0.57,0,3,1375,1
27.03,1,19.64,3.16,0,0,0.084,1,3,891,0
11.22,7,9.16,0.71,1,1,0.259,1,1,818,0
28.47,20,3.07,8.76,0,0,0.258,1,1,961,0
15.7,14,5.51,12.51,1,0,0.14,0,2,520,0
9.48,14,14.88,10.08,0,0,0.277,1,3,1747,0
55.21,14,27.33,1.5,1,0,0.392,0,3,599,0
48.97,3,32.88,3.23,0,0,0.178,0,1,541,0
5.55,23,4.2,18.58,0,0,0.39,0,2,1186,0
29.29,7,25.3,5.57,0,1,0.398,1,1,697,0
89.63,18,57.36,10.55,0,0,0.509,1,4,1668,0
95.51,23,34.11,5.15,1,0,0.256,1,1,1130,0
92.37,5,19.04,16.83,1,1,0.632,1,2,423,0
34.43,15,20.31,5.21,0,0,0.091,0,0,1394,0
14.22,1,18.6,8.07,0,0,0.289,1,0,882,0
11.2,15,10.97,22.69,1,0,0.182,0,3,1618,0
46.74,10,35.32,10.28,1,0,0.459,1,1,535,0
48.39,1,6.98,3.7,1,0,0.029,1,1,1048,0
119.98,16,19.85,14.63,1,1,0.479,0,1,1314,0
99.48,23,37.69,1.49,1,1,0.196,0,2,404,1
29.01,1,19.21,3.52,0,0,0.173,0,1,1690,0
9.54,21,3.85,1.69,1,0,0.601,0,1,923,0
24.07,20,47.03,17.2,1,0,0.524,1,2,1063,0
41.15,13,15.84,13.73,1,0,0.14,1,2,30,0
27.06,21,4.91,15.69,1,0,0.364,0,0,356,0
18.58,7,60.95,11.98,0,0,0.144,1,1,426,0
42.64,17,13.73,26.75,1,0,0.261,0,1,1539,0
20.01,16,8.29,11.72,0,0,0.282,1,0,30,0
17.67,13,20.63,5.49,1,0,0.233,1,2,476,0
45.22,20,5.55,3.88,0,0,0.173,1,4,949,0
22.15,21,10.97,11.57,1,1,0.596,0,0,1146,1
42.27,18,43.17,25.03,0,1,0.287,1,2,1316,0
43.52,14,14.02,2.24,0,0,0.293,0,3,1103,0
10.6,23,24.18,15.35,1,0,0.263,1,2,649,0
20.47,13,44.56,8.06,1,0,0.141,0,2,385,0
139.46,15,13.64,22.1,0,0,0.281,1,4,1689,0
10.36,4,7.95,1.21,1,0,0.11,1,2,1286,0
3.99,7,27.71,35.99,1,0,0.432,0,1,858,0
5.15,21,4.7,7.96,1,1,0.185,1,3,567,0
34.09,11,7.12,0.88,0,0,0.575,1,3,859,0
34.16,12,3.73,2.17,1,0,0.272,1,2,764,0
29.44,19,42.3,39.89,0,0,0.216,0,1,718,0
111.52,7,18.06,15.29,0,0,0.126,1,4,521,0
2.29,6,28.51,7.11,0,0,0.326,0,1,1384,0
49.2,0,7.6,46.84,1,0,0.498,1,3,625,1
157.82,5,23.45,11.29,1,0,0.236,0,2,702,0
10.72,12,24.08,21.03,1,0,0.76,1,0,1376,0
22.65,17,60.73,3.17,1,0,0.137,1,4,1060,0
15.6,7,26.69,6.83,1,0,0.054,1,1,1651,0
13.54,10,32.83,11.12,1,0,0.087,0,1,30,0
23.9,5,19.23,6.01,0,0,0.558,0,0,872,0
138.03,19,0.53,26.49,0,0,0.677,1,5,915,0
207.97,12,21.85,14.91,1,0,0.26,0,3,1150,0
23.67,3,14.79,2.16,1,1,0.525,1,5,817,1
222.53,14,14.19,7.57,0,0,0.307,0,4,1027,0
34.31,8,11.42,3.99,1,0,0.622,0,2,1320,1
191.27,20,14.19,15.22,1,0,0.602,1,2,541,0
30.17,6,9.56,5.98,0,0,0.312,1,1,1322,0
37.75,20,30.56,0.88,0,0,0.14,0,2,573,0
47.73,16,6.49,13.12,0,0,0.692,0,2,971,0
795.41,3,55.24,5.64,0,0,0.326,1,2,71,0
77.58,18,28.65,29.58,0,0,0.447,1,0,224,0
16.33,17,36.7,2.63,0,0,0.043,1,2,556,0
87.27,10,6.99,4.29,1,0,0.159,0,2,205,0
23.06,3,10.72,7.22,1,0,0.128,1,5,774,0
20.29,11,18.63,13.77,1,0,0.028,1,0,1452,0
82.15,14,17.2,22.65,0,0,0.169,1,2,807,0
34.16,3,28.71,6.83,1,0,0.092,0,2,1001,0
43.75,8,17.25,11.43,0,0,0.239,1,3,1895,0
33.58,16,57.32,1.36,1,0,0.597,1,4,1019,0
46.37,13,7.13,4.35,0,0,0.101,1,2,925,0
50.65,23,5.74,6.15,1,0,0.181,1,4,418,0
4.77,5,10.25,7.2,1,0,0.122,0,1,1044,0
64.49,18,14.21,16.72,1,1,0.148,1,2,1327,0
12.4,10,39.05,41.65,1,1,0.052,1,4,572,0
7.83,5,22.95,4.64,1,1,0.288,0,2,1025,0
31.24,22,0.91,15.16,1,0,0.336,1,2,277,0
36.02,14,15.35,26.39,0,0,0.498,1,3,1078,0
16.55,12,11.82,25.35,1,0,0.114,1,2,734,0
76.02,7,15.74,3.4,0,0,0.341,1,4,1131,0
8.65,21,14.22,24.19,1,0,0.074,1,5,30,0
22.04,0,51.55,2.29,1,0,0.284,0,1,882,1
18.45,2,34.87,2.22,0,0,0.154,1,3,1297,0
31.61,4,10.75,10.02,0,0,0.089,0,4,1143,0
43.77,15,16.99,6.1,1,1,0.086,1,4,794,0
12.09,2,13.24,31.45,1,0,0.067,1,0,30,0
68.33,19,1.65,0.83,1,0,0.582,0,1,1567,0
35.27,4,11.21,10.15,0,0,0.347,0,5,382,1
4.99,16,11.35,21.35,0,0,0.034,1,1,1398,0
4.67,19,9.2,0.71,0,0,0.253,1,1,495,0
32.71,21,10.92,6.51,1,0,0.217,1,0,377,0
26.55,7,13.46,20.87,1,0,0.215,1,3,812,0
29.86,1,24.42,9.24,1,0,0.463,1,1,117,0
32.2,18,9.91,9.24,0,0,0.309,1,4,277,0
41.49,10,43.3,22.71,0,0,0.103,1,1,1461,0
85.43,22,7.05,14.2,1,0,0.205,1,2,1333,0
10.9,4,38.13,4.43,1,1,0.133,0,1,427,0
10.26,13,21.5,35.81,0,0,0.614,0,0,604,0
11.1,2,5.22,7.95,1,0,0.139,1,2,30,0
44.21,11,13.17,2.1,0,0,0.294,0,3,685,0
115.0,0,52.93,9.7,0,0,0.788,0,3,605,1
21.51,18,53.99,8.66,0,0,0.174,0,1,1638,0
2.71,14,24.95,13.76,0,0,0.264,1,3,949,0
6.03,2,21.79,15.88,1,0,0.253,0,1,949,0
14.4,11,23.85,1.48,1,1,0.158,1,4,1107,0
18.96,10,12.88,7.3,0,0,0.386,1,1,633,0
22.01,16,7.5,14.28,1,0,0.218,0,2,1218,1
34.42,11,17.63,9.39,1,0,0.678,0,1,1144,0
24.25,11,22.41,5.57,0,0,0.283,1,5,1011,0
94.57,19,25.83,18.2,1,0,0.143,1,0,1115,0
16.84,12,25.06,18.08,0,0,0.295,0,2,1923,0
13.98,19,30.09,8.64,0,0,0.072,0,4,30,0
53.46,21,68.76,0.22,1,0,0.499,1,3,302,1
7.13,20,20.95,4.66,1,0,0.188,1,2,667,0
48.9,22,41.7,26.41,1,0,0.247,0,1,1332,0
36.69,16,26.55,6.62,1,0,0.421,1,3,918,0
28.58,13,73.83,34.63,1,0,0.319,1,1,1247,0
162.11,12,18.62,3.59,0,0,0.272,1,1,830,0
17.77,4,17.01,2.36,0,0,0.267,1,1,539,0
259.9,19,39.84,31.26,1,0,0.123,0,1,1234,1
26.43,16,39.87,1.89,1,0,0.643,0,1,723,0
9.23,20,13.81,6.34,1,0,0.338,1,4,1432,0
35.51,16,25.83,7.39,1,1,0.118,1,4,289,0
11.29,11,30.32,3.47,0,0,0.203,1,1,1592,0
15.62,7,29.07,20.01,1,0,0.571,1,3,1313,1
49.26,23,23.88,7.93,0,0,0.461,1,1,781,0
57.72,17,2.73,1.46,1,0,0.103,1,1,259,0
17.78,20,29.38,2.82,1,0,0.134,1,0,609,0
88.89,14,30.4,4.47,0,0,0.136,1,1,788,0
105.37,12,24.62,10.06,0,0,0.297,1,5,1434,0
139.25,0,12.54,1.97,0,0,0.134,0,0,804,0
56.23,1,49.26,40.82,1,0,0.371,1,2,1300,0
129.47,16,7.36,5.13,1,0,0.142,0,0,582,0
5.05,5,40.4,23.76,1,0,0.158,1,4,800,0
24.1,1,7.27,5.98,1,0,0.305,1,1,837,0
13.92,18,36.88,3.32,1,0,0.302,0,3,2198,0
37.31,14,7.6,21.21,0,0,0.186,1,3,1485,0
18.7,2,35.34,25.47,1,0,0.264,1,1,1195,0
28.05,11,57.08,0.22,1,0,0.096,0,1,1131,0
217.49,11,57.23,11.31,0,0,0.115,0,1,1567,0
27.95,0,48.66,4.05,1,0,0.292,1,2,121,0
50.09,14,18.53,10.74,0,0,0.339,1,4,30,0
26.25,9,10.75,7.21,0,0,0.22,0,1,1059,0
35.72,21,16.21,13.77,1,0,0.308,1,1,717,0
33.32,2,38.23,33.96,0,0,0.696,0,3,509,0
51.85,20,29.04,2.57,0,0,0.377,0,2,1252,0
106.2,0,78.44,6.91,0,0,0.12,1,2,30,0
171.98,18,11.73,21.27,0,1,0.114,1,1,1412,0
45.13,18,59.81,2.76,1,0,0.295,1,3,1645,0
59.71,9,17.28,25.18,1,0,0.408,0,0,321,0
10.48,6,7.24,10.41,0,0,0.2,1,2,1769,0
30.33,3,23.26,1.62,1,0,0.44,1,1,1386,0
84.8,8,28.49,1.09,1,0,0.376,1,1,747,0
78.73,16,45.52,4.56,1,0,0.693,1,2,799,0
40.92,17,11.69,5.4,0,0,0.139,0,2,911,0
80.35,4,23.25,1.18,0,0,0.108,1,3,1001,0
54.1,0,18.8,14.26,0,0,0.294,0,2,1110,0
109.98,13,13.77,16.22,0,0,0.592,0,3,1831,0
44.23,13,55.6,15.49,1,0,0.243,0,1,602,0
23.2,23,28.8,19.58,0,0,0.237,1,3,899,0
46.33,18,1.41,5.88,1,0,0.157,1,2,1003,0
1.77,13,23.55,12.51,0,0,0.484,1,2,149,0
48.56,14,3.58,19.42,0,0,0.182,0,1,1160,0
1.0,15,21.76,14.42,0,0,0.381,0,3,677,0
5.91,10,4.35,11.5,0,0,0.509,1,1,1142,0
52.03,16,28.9,25.93,0,0,0.339,1,4,800,0
53.38,4,3.52,6.51,1,1,0.203,1,3,1414,1
10.36,19,7.65,6.46,0,0,0.493,0,0,99,0
16.25,20,33.9,10.41,1,0,0.449,1,1,30,0
130.39,10,18.53,10.36,0,0,0.228,0,4,1456,0
20.41,10,4.81,9.99,1,0,0.069,0,2,743,1
311.97,11,53.18,1.32,1,0,0.291,1,1,1356,0
33.05,19,13.07,21.57,1,0,0.174,1,0,2597,0
49.8,4,15.03,12.48,1,0,0.321,0,1,725,0
166.81,8,16.2,0.66,0,0,0.264,1,1,696,0
37.75,14,30.7,25.75,0,0,0.426,1,1,1026,0
12.15,16,13.96,5.29,1,1,0.151,1,3,149,0
29.67,7,16.74,9.72,1,0,0.152,0,1,696,0
31.96,2,42.41,3.01,1,0,0.268,1,3,1272,0
8.46,12,38.7,57.57,1,0,0.226,0,1,709,0
25.64,15,15.9,8.41,0,0,0.308,1,3,866,0
15.77,18,16.36,5.56,0,0,0.238,1,3,30,0
83.46,0,0.71,20.3,1,0,0.493,1,1,1285,0
34.28,0,21.46,2.44,0,0,0.063,1,1,1605,0
24.96,9,34.84,22.6,0,0,0.365,1,2,30,0
29.78,13,13.33,7.62,0,0,0.342,1,1,1149,0
41.39,0,47.71,17.1,1,0,0.362,1,1,1395,0
61.36,4,3.05,11.71,0,0,0.254,1,0,975,0
12.19,10,8.18,7.13,1,0,0.344,0,1,1063,0
11.69,6,45.07,1.31,1,1,0.422,1,1,1599,0
99.95,17,33.84,10.3,1,0,0.14,0,4,1821,0
21.93,0,2.82,3.85,1,0,0.356,1,3,1032,0
8.03,21,3.56,10.03,0,0,0.225,1,3,313,0
51.62,4,29.24,18.8,0,0,0.366,1,1,765,0
52.63,10,24.84,14.41,1,0,0.444,1,2,976,0
7.17,23,14.82,0.07,1,0,0.341,1,2,286,0
41.66,15,46.55,6.45,1,0,0.307,1,2,1213,0
69.1,23,10.24,4.71,0,1,0.249,0,1,447,1
48.15,0,1.53,5.36,1,0,0.159,0,1,1831,0
62.3,17,30.68,10.94,1,0,0.531,1,0,243,0
8.13,1,35.88,5.67,0,0,0.623,1,2,2136,0
46.11,14,10.8,3.78,1,0,0.082,1,2,330,0
24.47,7,6.07,1.96,1,0,0.125,0,1,30,0
20.43,18,1.65,6.13,0,0,0.376,0,3,1503,0
79.09,2,18.24,17.65,1,0,0.159,1,2,438,0
145.37,21,23.89,18.39,1,0,0.346,0,2,1080,0
199.21,11,37.81,11.9,1,0,0.44,1,4,998,0
123.32,12,25.03,0.44,1,0,0.074,1,3,283,0
29.67,13,11.59,10.89,0,0,0.685,1,1,30,0
47.12,0,21.46,28.18,0,1,0.353,1,3,698,0
71.29,7,39.2,2.2,1,0,0.113,1,3,1201,0
37.38,17,23.65,5.87,1,1,0.186,0,0,712,0
37.74,23,35.17,17.79,1,0,0.151,0,1,850,0
75.47,23,6.38,0.58,0,0,0.128,1,1,1192,0
31.21,12,29.81,6.0,1,0,0.34,0,1,30,0
15.97,6,25.07,33.2,1,0,0.301,1,3,641,0
21.88,11,13.84,30.39,1,0,0.176,1,1,1578,1
62.42,11,39.72,30.57,0,0,0.292,1,1,620,0
33.21,9,68.17,6.1,0,0,0.32,1,8,976,0
46.54,8,2.7,25.54,1,0,0.286,1,3,608,0
64.72,20,14.44,11.26,1,0,0.185,1,3,742,0
22.76,9,17.19,3.61,0,1,0.181,1,3,898,0
70.54,0,18.26,4.89,1,0,0.276,1,1,246,1
48.37,17,10.47,13.44,1,0,0.118,0,0,1658,0
9.63,15,3.41,0.48,1,0,0.164,1,1,1280,0
140.09,9,15.09,7.88,1,1,0.072,1,1,1556,0
20.07,15,17.3,10.18,1,0,0.484,1,3,825,0
6.33,22,14.0,15.67,0,0,0.247,1,1,80,0
11.65,22,17.63,0.84,1,1,0.487,1,2,676,0
11.93,18,21.86,7.98,1,0,0.086,0,0,1144,0
34.89,14,15.57,19.7,0,0,0.23,0,2,1281,1
25.18,0,10.36,40.07,0,0,0.338,0,2,867,0
23.65,12,17.72,3.61,0,0,0.412,0,3,293,0
61.54,19,23.19,25.42,1,1,0.345,1,1,1399,0
46.52,20,19.02,18.81,1,0,0.211,1,3,819,0
45.42,18,71.31,28.76,1,0,0.208,1,4,712,0
49.89,23,24.48,0.54,1,0,0.511,1,3,978,1
61.32,12,18.33,16.51,1,0,0.251,1,1,1052,0
4.02,2,9.02,24.95,0,1,0.598,1,2,850,0
23.0,11,9.22,9.01,0,0,0.257,1,1,1313,0
3.74,7,14.03,6.71,1,1,0.186,0,1,1305,0
34.33,20,14.4,10.29,0,0,0.297,0,3,1206,0
32.96,18,13.94,23.38,0,0,0.316,1,0,596,0
94.21,10,25.3,3.84,1,0,0.017,0,1,590,1
108.6,9,38.8,3.51,0,0,0.186,0,3,793,0
40.56,3,30.76,0.24,0,0,0.134,0,2,1249,0
20.08,1,28.16,8.16,0,0,0.185,1,1,338,0
53.79,7,8.1,1.65,1,0,0.094,0,4,1056,0
19.53,5,42.98,8.32,1,0,0.391,1,3,995,0
33.07,6,8.83,3.01,1,0,0.243,1,1,1154,0
88.78,23,22.75,5.13,1,0,0.145,0,1,1063,0
18.96,16,26.89,6.07,1,0,0.292,1,2,1100,0
74.12,13,43.88,10.71,0,1,0.113,1,2,675,0
65.2,4,62.61,11.51,1,0,0.606,1,3,73,1
12.75,20,13.53,7.17,0,0,0.111,0,4,661,0
87.7,15,21.31,5.72,1,0,0.015,1,2,1210,0
66.59,12,41.08,5.06,0,0,0.12,1,1,1561,0
36.67,11,66.33,1.07,1,0,0.145,1,2,907,0
15.45,13,14.8,23.4,1,0,0.023,1,6,1737,0
14.02,20,8.5,3.62,1,0,0.472,1,3,1008,0
19.34,17,4.8,9.31,1,0,0.499,1,1,727,0
56.97,11,9.89,2.07,1,0,0.413,1,1,981,0
12.74,16,35.44,16.19,0,0,0.305,1,2,835,0
51.29,22,36.95,9.56,0,0,0.076,1,2,1887,0
9.57,7,24.48,12.32,1,0,0.238,1,3,822,0
27.0,21,14.25,1.96,0,0,0.294,0,2,819,0
36.95,14,25.36,12.87,1,1,0.321,0,1,485,0
381.89,4,19.25,0.58,0,0,0.479,0,2,1421,0
8.35,23,14.83,4.46,1,0,0.172,0,1,241,0
144.32,16,23.62,2.34,0,0,0.452,0,4,199,0
38.47,9,13.73,9.43,1,0,0.407,1,0,154,0
49.96,5,23.54,24.71,0,1,0.112,0,2,228,1
37.28,21,26.44,14.79,1,0,0.287,0,2,1065,0
51.66,19,31.42,28.91,1,0,0.208,1,2,927,0
28.4,1,3.57,9.81,0,0,0.313,1,2,202,0
141.75,15,43.4,16.47,0,0,0.623,0,0,878,0
20.98,2,17.29,20.94,1,0,0.133,0,6,1018,0
102.74,7,63.09,20.75,1,0,0.25,0,2,883,0
17.39,13,35.61,1.83,1,0,0.073,0,2,30,0
31.18,5,8.73,3.52,1,0,0.255,1,2,1331,1
11.34,12,28.51,19.01,1,0,0.381,0,6,1205,1
52.2,10,41.18,29.18,0,0,0.332,1,2,878,0
140.49,13,15.45,3.24,0,0,0.463,0,1,1536,0
30.65,19,8.12,3.82,1,0,0.215,1,1,1449,0
27.2,3,6.87,14.65,0,0,0.117,0,1,142,0
10.86,19,4.65,5.72,0,0,0.288,1,1,1360,0
26.33,5,1.79,20.0,0,0,0.383,0,2,507,0
6.73,0,17.57,15.76,0,0,0.142,0,1,275,0
13.29,10,7.23,22.3,0,0,0.331,0,3,1066,1
41.55,7,10.81,6.64,1,0,0.27,1,5,480,0
123.84,4,64.13,5.39,0,0,0.365,1,1,1396,0
549.61,10,26.54,3.9,1,0,0.3,0,3,1046,0
18.42,20,8.48,28.62,1,0,0.011,0,1,1594,0
139.11,14,84.83,1.96,0,0,0.26,0,1,793,0
42.26,17,23.39,1.65,1,0,0.331,1,3,1410,0
28.47,3,79.82,10.09,1,0,0.56,1,3,687,1
51.04,1,53.84,5.28,1,0,0.596,0,2,1481,1
35.23,8,24.02,21.08,1,0,0.46,1,0,1112,0
36.98,18,17.45,1.46,1,0,0.181,1,2,782,0
22.01,21,35.09,7.37,1,0,0.339,1,2,1794,0
8.18,2,22.46,0.76,1,0,0.374,1,3,430,0
7.07,11,12.77,6.23,0,0,0.315,0,1,826,0
63.64,9,12.09,9.87,1,0,0.43,1,0,1208,0
25.11,17,39.22,8.45,0,0,0.157,1,3,1210,0
18.25,4,8.47,7.9,0,0,0.314,1,4,345,0
33.4,11,38.83,15.89,0,0,0.134,1,2,219,0
73.33,20,19.67,3.02,1,0,0.314,1,0,642,0
39.66,11,3.75,12.56,1,0,0.491,1,0,957,0
17.18,18,41.08,7.62,1,0,0.438,1,2,620,0
112.88,14,8.68,6.34,0,0,0.247,1,1,951,0
160.64,14,9.82,13.79,1,0,0.018,0,3,1589,0
54.3,6,16.06,10.6,1,1,0.386,1,2,1064,0
87.68,23,18.26,13.26,1,0,0.182,1,1,864,1
114.66,5,24.15,38.4,0,0,0.7,0,1,1215,1
102.52,22,39.56,7.54,1,1,0.635,0,2,639,1
61.2,23,38.62,1.73,1,0,0.061,0,2,579,0
60.24,12,11.77,3.13,1,0,0.425,1,4,636,0
55.68,20,12.11,28.43,0,0,0.392,1,2,927,0
11.05,17,36.55,6.09,1,0,0.363,1,1,1598,0
66.73,17,7.28,15.8,0,0,0.1,1,0,1369,0
8.54,1,19.66,8.42,0,1,0.146,1,1,1416,0
14.96,3,51.09,2.5,0,0,0.096,1,1,262,0
121.94,1,13.36,10.49,1,0,0.207,0,0,594,0
76.72,0,4.56,4.17,0,0,0.073,1,2,1507,0
146.55,20,8.68,4.78,1,0,0.151,0,1,933,0
25.24,4,9.22,8.47,1,1,0.307,0,2,436,1
10.46,0,8.01,1.02,0,0,0.457,0,3,1422,0
26.04,22,15.43,15.49,0,0,0.062,1,2,94,0
36.67,6,78.75,5.41,0,0,0.317,1,4,1147,0
35.84,19,27.94,17.33,0,0,0.123,1,3,284,0
102.89,23,16.7,16.79,1,0,0.076,1,3,1291,0
23.07,12,17.9,7.26,1,0,0.543,1,0,853,0
47.09,22,10.38,9.88,0,1,0.159,0,1,1304,0
12.32,23,17.85,12.67,1,0,0.183,1,1,557,0
51.95,3,49.52,6.05,1,0,0.356,0,3,69,1
33.22,3,20.19,0.68,1,0,0.164,0,2,632,0
15.65,8,38.45,10.41,1,1,0.055,1,3,249,0
26.16,13,34.83,20.85,1,1,0.327,1,4,830,0
27.55,18,76.29,4.0,0,0,0.269,1,3,707,0
25.28,4,34.37,18.14,0,1,0.106,0,2,1542,1
194.68,4,72.72,2.11,0,0,0.359,1,2,473,1
30.01,7,40.54,6.77,1,0,0.212,1,2,567,0
25.95,6,24.15,7.84,1,0,0.233,1,3,505,0
4.07,22,9.58,8.65,1,1,0.106,0,6,1252,0
13.54,9,38.29,3.34,1,0,0.429,1,0,1000,0
25.46,20,40.66,2.14,1,0,0.503,1,0,30,0
16.68,1,41.44,7.04,0,0,0.187,1,1,2022,0
131.86,2,0.59,14.14,1,0,0.373,0,3,1335,1
28.08,19,13.06,3.93,1,0,0.377,1,1,685,0
120.11,5,27.67,7.64,0,0,0.529,0,1,30,0
35.22,1,13.93,38.42,1,0,0.22,1,1,953,0
34.37,14,12.03,11.18,1,0,0.52,1,2,711,0
30.3,3,10.34,7.01,0,0,0.127,1,0,665,0
33.24,1,3.88,8.34,1,1,0.404,1,0,1171,1
184.71,9,26.56,32.96,0,0,0.318,0,1,1213,0
3.26,13,11.3,14.55,0,0,0.188,0,4,1953,0
4.47,12,13.38,4.18,1,0,0.162,0,5,273,0
19.24,14,16.7,15.67,1,0,0.105,1,1,1464,0
33.6,0,29.89,2.75,1,0,0.156,1,2,342,0
66.03,6,23.65,9.58,0,0,0.146,1,1,1258,0
53.15,8,22.81,23.78,0,0,0.209,1,2,893,0
22.55,7,1.41,9.67,0,0,0.109,0,2,1208,0
91.75,13,38.99,2.5,1,0,0.135,1,2,1331,0
92.78,5,60.45,8.85,1,0,0.301,0,4,244,0
39.81,15,22.32,23.64,1,0,0.18,1,3,173,0
86.72,22,7.02,3.85,1,0,0.1,0,0,1034,0
43.49,15,12.31,15.47,1,0,0.068,1,0,30,0
18.89,9,7.34,24.67,1,0,0.622,0,5,1185,0
66.54,10,55.56,12.44,1,0,0.281,1,1,1042,0
36.99,14,13.32,9.19,0,0,0.086,1,1,94,0
33.16,17,23.13,4.23,1,1,0.161,1,4,1226,0
144.45,7,16.14,4.83,0,0,0.183,0,2,1232,0
2.86,0,28.86,6.94,0,0,0.131,0,0,347,0
8.02,16,8.99,15.79,0,0,0.487,0,4,1234,0
10.1,15,22.43,45.49,1,1,0.612,1,1,773,0
23.03,2,13.43,3.9,1,0,0.245,1,2,53,0
25.67,15,42.76,14.11,1,0,0.46,1,2,1501,0
7.34,1,1.64,20.29,1,0,0.688,1,1,941,0
12.36,15,14.73,9.05,0,1,0.175,0,2,1665,0
14.0,17,39.86,8.7,1,0,0.144,1,4,476,0
386.61,0,36.57,1.44,1,1,0.406,1,0,826,0
200.69,17,4.22,10.41,1,0,0.276,1,2,1058,0
21.94,2,33.7,8.33,0,0,0.154,1,2,1434,0
23.02,6,8.22,6.26,0,0,0.276,1,2,606,0
10.49,16,10.68,11.97,1,0,0.118,0,1,1202,0
4.91,8,38.3,3.04,0,0,0.276,1,0,492,0
29.46,23,14.48,3.78,1,0,0.307,0,2,1567,0
12.21,22,3.9,10.61,1,0,0.189,1,3,30,0
30.42,23,6.33,28.39,1,0,0.135,0,3,1527,1
6.68,2,19.85,7.49,1,0,0.322,1,0,501,0
15.46,4,14.07,9.08,1,0,0.308,1,2,151,0
38.42,4,13.85,8.8,1,0,0.251,1,2,1908,0
47.76,14,28.48,2.89,0,0,0.304,1,0,650,0
50.27,10,24.71,6.62,0,0,0.146,0,2,849,0
8.84,17,14.94,10.17,0,0,0.16,0,4,1316,0
77.84,6,37.02,9.97,1,0,0.341,1,2,1149,0
14.88,4,28.66,12.8,1,1,0.313,1,1,1228,0
62.36,15,23.59,2.74,0,0,0.067,1,1,1032,0
32.77,14,12.22,4.62,0,1,0.193,0,3,525,0
8.36,16,41.31,1.02,1,0,0.305,1,2,1122,0
24.14,7,13.71,25.24,1,0,0.154,0,1,2001,0
47.72,12,14.8,5.75,0,0,0.225,1,5,1258,0
61.13,22,56.44,11.09,1,0,0.121,1,2,748,0
28.76,14,8.65,8.6,0,0,0.347,1,2,725,0
153.21,22,8.54,0.24,1,0,0.333,0,1,898,0
90.7,10,15.29,2.14,1,1,0.062,1,5,376,0
25.62,1,6.96,8.26,0,0,0.239,0,2,1488,0
70.11,18,7.14,13.95,1,0,0.256,1,2,567,0
229.02,11,55.3,13.04,1,0,0.246,1,6,1131,0
235.21,1,15.08,1.77,0,0,0.395,1,1,2293,0
9.7,3,24.19,2.87,1,0,0.143,1,1,562,0
13.11,7,4.68,12.08,1,0,0.197,1,0,671,0
146.19,4,7.96,12.94,1,0,0.289,0,2,1085,0
11.49,16,60.68,1.63,1,0,0.177,1,3,1397,0
8.82,14,7.03,12.02,1,0,0.217,0,1,423,0
20.36,7,24.78,8.21,1,1,0.355,1,1,1181,0
50.41,2,0.5,6.84,1,0,0.058,1,1,1081,0
29.89,1,4.3,29.05,0,0,0.275,0,1,284,0
17.28,22,14.88,7.5,0,0,0.09,1,0,635,0
16.87,8,36.2,5.05,0,0,0.244,1,2,1505,0
16.24,2,18.97,16.62,0,1,0.382,0,2,610,0
13.74,17,16.01,16.06,0,0,0.176,1,3,30,0
324.29,20,30.41,24.19,1,0,0.357,1,1,703,0
44.59,2,22.18,15.2,0,0,0.056,0,1,1658,0
80.38,22,17.99,14.71,0,1,0.12,0,1,30,0
20.31,17,12.45,8.84,0,1,0.16,1,0,911,0
27.5,6,15.52,3.05,1,0,0.091,1,4,1115,0
16.22,18,12.14,13.26,0,0,0.278,1,2,881,0
2.34,10,18.18,2.67,1,0,0.336,1,5,65,0
8.35,15,25.43,8.82,0,0,0.657,1,3,678,0
5.42,3,5.33,8.59,0,0,0.244,0,1,517,0
3.49,5,10.01,8.8,1,0,0.427,1,0,1829,0
10.02,18,29.68,0.89,1,0,0.142,0,6,275,0
124.58,19,32.5,5.73,0,1,0.117,1,2,1173,0
31.68,0,49.88,48.39,1,0,0.436,1,3,303,1
120.37,5,19.28,9.73,0,0,0.26,0,3,1214,0
49.95,14,9.49,19.53,1,0,0.544,1,2,659,1
72.43,21,10.17,12.0,1,0,0.581,0,1,596,0
13.45,16,18.79,39.02,0,0,0.081,0,1,1539,0
55.92,16,7.93,12.11,0,0,0.373,1,1,581,0
68.63,9,47.49,9.78,1,0,0.382,0,2,66,0
18.6,1,12.07,1.98,0,0,0.145,1,3,475,0
57.95,18,42.85,2.1,1,0,0.379,0,3,847,0
58.33,19,6.95,4.8,1,0,0.076,0,1,1277,0
19.11,10,15.57,7.28,0,1,0.413,1,3,30,0
10.78,12,13.67,2.38,0,0,0.151,0,2,723,0
10.13,5,4.54,9.69,0,0,0.123,0,3,222,0
36.11,10,14.58,9.37,1,0,0.134,1,1,30,0
45.93,5,22.11,31.88,1,0,0.331,1,1,1710,0
14.99,10,1.47,35.41,1,0,0.161,1,0,840,0
34.01,3,27.24,16.65,1,1,0.195,0,2,189,1
58.59,14,23.6,17.04,0,0,0.501,1,0,652,0
61.45,5,17.84,22.17,1,0,0.241,0,5,469,1
156.32,17,31.43,12.19,0,0,0.032,1,3,423,0
118.75,12,33.03,23.12,1,0,0.408,0,2,1175,0
12.17,21,97.57,1.75,1,0,0.058,0,2,1729,0
178.32,5,4.29,18.57,1,0,0.166,1,3,1370,1
19.47,6,52.48,2.55,0,0,0.156,1,0,308,0
94.15,5,37.53,3.01,1,0,0.511,0,2,540,1
35.45,15,23.58,21.95,1,0,0.339,1,3,548,1
21.93,2,7.09,4.29,1,0,0.623,0,3,1141,1
5.43,16,12.83,3.13,1,0,0.21,0,4,1130,1
27.89,19,11.29,12.93,1,0,0.369,1,2,409,0
6.96,16,16.38,3.83,0,0,0.45,1,4,1073,0
87.12,3,30.52,3.14,0,0,0.371,0,0,1235,0
150.93,11,45.66,1.48,1,0,0.097,0,3,1041,0
14.93,12,63.12,5.51,0,0,0.102,1,4,483,0
44.79,9,12.92,16.51,1,0,0.07,1,0,1304,0
16.03,11,20.78,18.57,0,0,0.268,1,6,1225,0
17.66,18,8.45,6.93,1,1,0.659,1,2,868,1
71.84,20,38.78,31.38,1,0,0.404,0,4,1335,0
31.86,7,24.75,13.57,1,1,0.481,1,2,1393,0
188.6,7,15.15,22.29,0,0,0.09,0,1,2113,0
20.45,4,3.99,4.88,1,0,0.461,1,0,986,0
89.96,9,21.01,6.38,1,0,0.242,0,4,988,0
36.5,13,22.77,7.35,1,0,0.257,1,2,172,0
73.39,17,2.72,6.3,1,0,0.324,1,1,1233,0
21.18,6,5.42,0.32,1,1,0.252,1,2,788,0
31.51,5,20.6,9.24,0,0,0.098,0,2,889,0
29.5,0,59.34,12.02,0,0,0.251,0,2,128,1
14.35,2,41.73,11.36,0,0,0.158,0,1,407,0
64.21,1,15.51,34.07,1,0,0.093,0,0,763,0
63.45,4,13.62,36.12,1,0,0.562,0,1,179,1
59.95,16,9.74,0.91,0,0,0.32,0,0,1282,0
154.0,18,8.83,26.9,1,0,0.344,1,2,1115,0
141.08,23,14.48,32.6,1,0,0.625,0,4,1266,1
22.76,13,71.81,0.48,0,0,0.08,1,1,840,0
48.09,10,13.53,15.97,0,0,0.489,1,1,1665,0
17.75,21,18.2,9.48,0,0,0.203,1,4,2158,0
33.9,3,5.83,31.33,1,0,0.354,0,1,816,0
18.18,15,28.03,29.77,1,0,0.187,0,0,926,0
167.35,19,17.95,62.64,0,0,0.691,1,1,868,0
47.64,12,12.86,16.47,0,0,0.295,1,0,527,0
26.63,6,7.33,14.07,1,0,0.446,1,4,64,0
109.25,14,9.24,3.8,0,0,0.762,1,0,715,0
3.78,23,12.12,5.37,1,0,0.392,1,2,1275,0
4.42,5,12.8,14.65,1,0,0.075,0,3,934,1
73.39,13,7.26,5.1,0,0,0.462,1,2,577,0
35.18,1,16.62,9.42,1,0,0.526,0,1,1505,0
42.54,5,21.4,1.13,1,0,0.269,1,2,1122,0
8.79,18,31.82,10.05,0,0,0.056,1,1,2393,0
32.35,11,57.07,0.62,0,0,0.121,1,2,1272,0
245.55,4,2.64,21.68,0,0,0.089,1,0,1174,0
75.51,8,23.94,10.54,1,0,0.454,1,3,734,1
39.24,2,14.09,4.68,1,0,0.317,0,0,1314,0
21.35,18,1.76,7.76,1,0,0.101,1,2,341,0
22.32,22,10.39,5.17,1,0,0.064,0,1,966,0
3.94,2,29.42,3.54,1,0,0.247,1,5,850,0
42.85,5,26.63,5.94,0,1,0.154,1,1,1211,0
77.13,20,19.85,5.99,1,1,0.54,1,1,1108,0
6.85,21,9.45,7.01,0,0,0.387,1,3,994,0
17.09,18,46.87,0.26,0,0,0.761,1,1,1545,0
10.41,17,6.41,23.05,1,0,0.61,0,0,1703,0
12.61,20,13.01,23.42,1,0,0.173,0,4,1659,0
34.93,8,15.09,8.69,0,0,0.195,1,1,1363,0
4.12,21,16.89,37.45,1,0,0.662,0,1,1145,0
61.21,21,81.12,6.4,1,0,0.24,1,5,1353,0
70.38,5,53.81,9.81,0,0,0.088,0,3,1144,0
25.76,1,25.99,13.89,1,0,0.309,1,2,1396,0
2.77,12,18.06,9.56,1,0,0.591,1,2,863,0
12.23,18,17.89,4.7,0,1,0.118,1,4,1039,0
113.62,20,31.04,9.16,1,0,0.367,1,1,1668,0
2.06,3,40.67,1.73,1,0,0.354,0,2,1360,0
23.39,9,6.26,3.56,1,0,0.045,1,2,1303,0
10.18,18,57.44,19.54,0,0,0.321,1,2,933,0
74.04,1,25.03,54.58,0,0,0.066,1,1,969,0
16.86,17,11.25,4.52,0,0,0.286,1,0,462,0
49.6,6,16.1,7.43,0,0,0.242,1,3,934,0
58.29,0,26.05,7.0,0,0,0.585,0,3,1013,0
207.73,5,27.02,11.16,0,0,0.115,0,1,1077,0
27.03,17,7.38,21.54,1,0,0.288,1,1,326,0
48.23,20,17.33,10.2,1,0,0.457,0,2,1741,1
7.5,1,21.34,1.86,0,0,0.073,1,2,739,0
108.9,11,41.11,4.94,1,0,0.358,0,3,204,1
15.48,4,44.3,12.56,0,0,0.202,1,1,518,0
18.9,16,5.53,6.23,1,0,0.528,1,3,396,0
32.39,18,18.79,6.48,1,0,0.141,0,0,566,0
6.94,23,10.73,6.66,1,0,0.153,1,1,1129,0
41.63,8,25.6,24.14,1,0,0.033,1,3,1456,0
87.14,7,78.34,2.5,0,0,0.108,1,4,764,0
44.39,7,37.71,17.58,1,0,0.557,1,3,30,0
6.76,18,27.34,4.77,0,0,0.049,1,2,219,0
29.26,10,33.22,10.51,1,0,0.399,1,2,1126,0
69.55,0,51.15,15.12,0,1,0.009,1,0,342,0
5.06,22,35.32,8.32,1,0,0.349,1,1,858,0
11.3,2,6.56,20.43,0,0,0.439,1,1,277,0
79.56,22,60.46,31.12,0,0,0.02,1,2,841,0
43.38,3,20.3,35.41,1,0,0.175,0,3,758,0
50.0,12,24.83,13.31,1,1,0.031,0,3,800,0
212.62,7,44.26,5.11,1,0,0.137,0,2,679,0
52.91,16,75.77,1.78,1,0,0.267,0,2,169,0
63.94,9,12.97,3.19,1,0,0.167,0,1,1408,1
498.07,8,42.56,28.2,1,0,0.342,0,2,782,1
26.74,11,12.29,12.77,1,0,0.11,1,0,1328,0
14.91,23,23.29,7.87,0,0,0.416,0,4,955,0
50.79,5,4.56,1.52,0,0,0.306,1,1,1180,0
51.37,5,12.35,6.43,1,0,0.025,1,2,748,0
19.56,1,22.4,27.47,0,0,0.726,0,3,868,0
11.79,17,28.45,10.48,1,0,0.406,0,1,533,0
333.57,16,27.26,7.28,1,0,0.216,1,1,918,0
45.92,14,38.75,4.67,1,0,0.36,0,2,1026,0
15.92,0,13.96,6.48,0,1,0.346,1,5,296,0
82.76,18,17.52,5.35,1,0,0.237,1,3,1037,0
29.69,19,18.22,17.36,1,1,0.209,0,0,1269,0
25.72,22,14.85,3.43,0,0,0.343,0,2,1755,0
58.11,22,8.66,3.14,1,0,0.177,1,2,888,0
9.1,6,20.41,4.06,1,0,0.427,1,0,746,0
47.12,17,34.32,5.58,1,0,0.273,0,3,67,0
224.29,9,24.45,9.39,1,0,0.114,1,3,694,1
52.78,14,13.34,12.71,1,0,0.121,1,1,1231,0
22.73,7,20.72,26.2,1,0,0.416,1,4,785,0
19.94,15,12.66,19.38,0,0,0.377,0,3,30,0
21.97,22,28.99,6.67,0,0,0.267,1,3,747,0
25.69,15,35.14,6.73,1,1,0.475,1,1,863,0
22.7,22,35.75,18.54,1,0,0.154,0,3,935,0
82.79,22,16.08,5.52,0,0,0.354,1,1,1603,0
5.85,2,12.89,14.79,0,0,0.3,0,1,1185,0
78.41,23,38.75,1.52,0,0,0.392,1,1,491,0
22.65,19,15.09,13.2,0,0,0.175,1,2,845,0
48.28,10,20.46,11.69,1,0,0.09,1,2,475,0
10.73,14,24.25,5.6,1,0,0.549,1,1,1146,0
125.04,14,19.16,2.16,1,1,0.245,1,2,849,0
115.08,18,32.06,1.74,1,0,0.466,0,1,1015,0
86.45,19,5.14,10.96,0,0,0.227,1,5,660,0
7.28,2,27.05,12.61,1,0,0.267,0,3,34,0
75.88,0,9.79,0.7,1,0,0.25,1,2,947,0
49.64,5,13.76,0.66,0,0,0.099,1,0,1090,0
6.65,12,22.01,2.76,0,0,0.247,1,3,1548,0
32.32,20,3.86,3.24,1,0,0.461,0,0,974,0
47.68,15,16.79,4.31,1,0,0.217,1,2,736,0
57.75,3,14.57,11.02,0,0,0.175,1,3,1732,0
39.54,17,17.54,21.21,1,0,0.428,1,3,801,1
44.31,11,13.92,21.48,0,0,0.056,1,2,640,0
144.55,8,20.56,16.14,1,0,0.291,1,3,906,0
112.85,18,12.27,20.71,1,0,0.384,0,0,860,1
1.88,7,18.6,3.41,1,0,0.265,0,1,566,0
24.11,14,21.97,15.78,0,0,0.366,0,6,345,0
28.09,4,39.74,17.57,0,0,0.583,1,0,920,0
5.74,9,45.92,1.27,0,0,0.107,1,2,106,0
36.39,13,5.6,26.45,1,0,0.403,1,4,697,0
115.44,14,41.91,18.24,0,0,0.086,0,3,708,0
11.17,22,8.61,4.93,1,0,0.254,1,4,884,0
46.36,6,18.72,0.94,1,0,0.067,1,2,974,0
13.25,21,4.16,10.77,1,0,0.124,0,1,680,0
16.91,19,2.22,6.65,1,0,0.583,1,1,800,1
145.1,8,75.26,2.06,1,0,0.181,0,3,994,1
19.25,3,19.11,9.22,0,0,0.55,1,2,840,0
52.57,6,15.96,5.64,1,0,0.311,1,0,553,0
5.1,15,23.94,18.36,1,0,0.096,0,5,919,0
213.22,18,16.27,0.62,1,0,0.528,0,2,1803,0
60.5,14,34.84,19.92,1,0,0.279,0,2,954,0
27.59,17,22.94,8.59,1,0,0.577,1,3,1021,0
58.88,2,30.91,15.93,1,0,0.309,0,2,621,0
8.09,12,9.88,28.21,0,0,0.508,0,3,697,0
108.04,20,4.81,12.9,1,0,0.412,0,2,555,0
23.95,9,37.67,19.66,0,0,0.205,1,1,830,0
27.0,21,24.71,1.49,0,0,0.108,1,1,1265,0
20.25,2,6.57,1.76,1,0,0.116,0,1,826,0
18.53,23,6.68,6.54,0,0,0.397,1,2,1410,0
66.33,18,20.91,4.63,0,1,0.669,1,2,921,0
42.77,15,29.19,13.84,1,1,0.218,0,2,470,0
63.54,14,8.55,13.82,0,1,0.1,0,2,909,0
32.83,22,31.98,23.53,1,0,0.358,0,2,465,0
55.32,9,39.56,8.53,1,0,0.25,1,1,512,0
21.78,3,20.5,1.5,1,0,0.49,1,5,726,0
307.89,22,19.2,23.74,0,0,0.611,0,1,1797,0
6.9,2,6.01,22.84,0,0,0.525,1,2,1336,0
116.86,15,9.96,6.63,1,0,0.348,0,2,337,0
130.05,6,17.37,23.38,0,0,0.084,0,2,851,0
14.12,22,25.19,7.13,1,0,0.13,0,4,1460,0
307.75,23,21.94,2.65,0,1,0.272,0,1,1143,0
89.61,11,2.73,19.26,1,0,0.216,0,2,862,0
87.46,12,8.11,4.72,1,1,0.27,0,0,30,1
34.06,10,23.03,21.26,0,0,0.5,1,0,347,0
26.65,10,25.67,2.37,0,0,0.355,1,4,804,0
26.86,22,13.72,41.44,1,0,0.111,0,1,1423,0
48.94,6,30.03,6.49,0,0,0.279,1,6,1589,0
134.45,23,29.7,5.82,0,0,0.533,1,6,630,0
39.7,15,71.9,18.12,1,0,0.23,0,2,1335,0
13.31,23,19.3,12.88,1,0,0.058,1,1,493,0
75.52,14,13.29,6.56,1,0,0.048,1,2,1188,0
83.19,19,8.6,5.62,0,0,0.181,0,4,30,0
63.73,11,5.26,32.35,0,0,0.481,0,0,370,0
69.79,11,28.81,8.07,1,0,0.092,1,0,339,0
25.26,6,26.53,8.38,0,0,0.125,1,1,108,0
13.08,5,5.96,2.38,1,0,0.146,0,2,1002,0
13.9,0,28.95,27.15,1,0,0.086,0,1,417,0
6.45,9,21.36,3.38,1,0,0.46,1,2,390,0
41.97,23,14.98,2.98,1,0,0.252,1,2,839,1
30.46,22,2.46,20.05,0,0,0.309,0,4,252,0
21.33,16,26.34,10.57,0,0,0.188,1,3,254,0
1.72,8,57.86,5.79,1,0,0.413,0,0,1121,0
9.51,12,9.63,7.36,1,0,0.079,1,0,1121,0
101.58,18,21.39,3.51,1,0,0.472,0,1,1446,0
17.04,0,27.89,4.63,1,1,0.276,1,2,1423,0
47.49,22,1.27,0.71,0,0,0.322,1,0,311,0
8.24,20,8.27,18.13,1,0,0.37,0,0,902,0
139.59,23,4.44,6.6,1,0,0.151,0,1,1644,0
28.67,2,57.63,21.29,1,0,0.591,1,1,1272,1
44.26,22,1.17,2.48,1,0,0.297,1,3,356,0
338.93,14,14.92,15.21,0,1,0.442,1,2,1148,1
150.87,13,23.26,2.89,0,0,0.244,0,3,528,0
24.37,4,9.56,4.02,0,0,0.623,1,3,739,0
18.3,11,1.56,8.01,1,0,0.531,1,3,1116,1
23.91,8,15.44,40.21,1,0,0.557,0,2,1125,0
55.14,23,9.42,6.09,0,0,0.298,0,1,740,0
29.81,8,25.22,7.78,0,0,0.301,1,0,79,0
22.3,5,32.33,10.59,1,1,0.353,1,2,736,0
143.62,22,6.0,7.62,0,0,0.193,0,5,915,0
29.54,4,10.33,2.47,0,0,0.182,1,1,30,0
330.16,21,10.8,22.74,1,0,0.248,1,2,692,0
36.26,23,31.99,5.44,0,0,0.297,0,2,492,0
197.42,7,19.58,1.45,0,1,0.18,1,0,670,0
47.34,16,6.25,11.47,0,0,0.493,0,1,610,0
86.74,19,39.52,23.9,0,0,0.242,1,4,30,0
16.04,12,9.54,3.46,0,0,0.164,0,0,601,0
14.1,16,11.97,6.69,1,1,0.423,1,2,585,0
52.44,3,7.78,8.31,1,0,0.473,0,3,1062,0
88.99,12,20.76,4.99,0,0,0.073,0,1,165,0
34.48,12,13.71,8.61,0,0,0.372,1,2,887,0
9.15,13,47.91,31.5,0,0,0.124,0,6,331,0
8.5,22,19.79,8.78,1,0,0.265,0,1,1121,0
7.95,19,8.24,13.74,0,0,0.112,1,2,1356,0
5.65,14,18.14,5.83,1,0,0.518,1,1,1477,0
36.95,9,52.68,11.21,0,1,0.174,0,2,1853,0
102.01,9,5.54,12.52,1,0,0.519,1,1,30,0
32.67,0,26.32,17.22,1,0,0.427,0,0,501,0
3.45,13,2.51,5.24,1,0,0.096,1,2,1401,0
27.36,6,45.58,6.99,0,1,0.463,1,1,375,0
28.14,21,12.24,18.72,0,1,0.086,0,1,1588,0
269.35,18,8.02,5.77,1,0,0.416,1,1,932,0
7.71,21,50.47,2.46,0,0,0.353,1,3,992,0
22.41,23,17.18,5.02,0,0,0.101,1,0,597,0
182.34,9,17.72,18.22,1,0,0.102,1,3,1415,0
51.93,10,12.4,20.54,1,0,0.396,1,0,1291,0
58.17,14,12.87,15.59,0,0,0.09,1,1,994,0
37.14,10,2.18,23.33,1,0,0.28,1,5,30,1
46.06,6,26.03,29.61,1,0,0.156,0,0,364,0
72.07,16,4.47,16.3,0,1,0.391,1,2,30,0
14.74,10,35.72,7.61,1,0,0.048,1,0,1340,0
79.68,22,6.65,1.6,1,0,0.095,0,2,1444,0
8.39,5,19.05,2.24,1,0,0.163,0,0,671,0
45.99,10,10.66,3.74,1,0,0.398,1,1,888,0
39.6,12,12.39,21.18,1,0,0.267,0,3,757,0
17.88,21,14.54,4.05,1,0,0.41,0,2,1636,0
32.37,13,23.05,4.01,1,0,0.723,1,3,934,1
17.77,1,49.46,4.5,1,0,0.234,0,2,617,0
11.34,8,12.13,8.57,0,0,0.219,1,5,863,0
23.25,21,1.7,11.48,0,0,0.641,1,2,909,0
10.98,6,42.18,11.45,1,0,0.493,1,2,1074,0
45.73,8,29.04,4.66,1,0,0.08,0,2,448,0
10.48,3,6.39,20.09,1,0,0.397,0,3,408,0
67.49,17,5.29,7.97,1,0,0.358,1,3,30,0
10.16,3,23.86,17.86,1,0,0.405,1,2,480,0
18.8,8,20.78,9.09,0,0,0.038,0,3,1134,0
17.73,17,58.15,4.48,0,0,0.396,1,5,1032,0
124.6,21,26.22,6.01,1,0,0.351,1,2,1380,0
46.08,5,10.05,3.51,1,0,0.253,1,2,30,0
26.8,7,8.07,1.36,0,0,0.091,1,0,1138,0
54.53,2,18.56,10.12,1,0,0.129,1,2,706,0
4.03,10,2.33,2.91,0,0,0.085,0,2,859,0
31.72,23,3.56,1.9,0,0,0.431,0,3,733,0
244.08,7,5.63,17.14,0,0,0.098,1,3,730,0
37.8,6,9.82,24.53,0,0,0.363,1,1,875,0
35.44,9,16.96,4.03,1,0,0.299,1,1,1340,0
57.29,21,27.53,76.42,0,0,0.198,0,3,1378,0
81.09,13,43.97,16.72,1,0,0.275,1,2,208,0
4.49,14,38.14,10.03,0,0,0.072,0,1,1056,0
6.16,18,33.96,0.71,1,0,0.051,0,1,453,0
40.87,17,11.98,13.54,0,0,0.193,1,3,910,0
16.2,14,8.28,2.49,1,1,0.294,1,2,911,0
122.98,13,23.49,3.01,1,0,0.379,1,3,1223,0
24.16,12,24.64,14.78,1,0,0.211,1,1,178,0
4.78,4,6.25,37.57,1,0,0.243,0,0,1131,0
9.32,9,14.48,10.45,1,0,0.044,1,4,952,0
2.12,20,7.66,19.9,1,0,0.295,0,3,1383,0
26.2,0,3.4,37.04,0,0,0.167,1,0,637,0
27.43,19,22.14,1.34,0,0,0.656,0,1,1179,0
21.66,13,33.48,14.98,1,0,0.233,0,1,335,0
97.41,8,54.48,25.19,0,0,0.607,0,3,462,0
109.78,2,15.42,22.15,1,0,0.187,1,3,982,0
27.93,18,2.67,23.74,0,1,0.335,1,0,425,0
3.92,0,61.25,5.25,1,0,0.088,1,3,1100,1
61.39,13,65.03,11.84,1,1,0.144,1,2,30,1
57.71,3,106.87,25.41,0,0,0.268,1,3,866,0
45.12,21,78.93,14.52,0,0,0.506,0,1,884,1
88.37,4,21.13,2.1,1,0,0.164,1,1,657,0
10.33,19,17.6,2.68,1,0,0.234,1,0,1292,0
246.84,13,30.95,22.69,0,0,0.28,1,2,1006,0
12.69,0,4.21,15.31,1,0,0.356,0,3,663,0
70.05,17,9.33,17.88,1,1,0.279,1,3,561,0
6.13,21,15.61,13.04,1,0,0.138,0,3,917,0
13.06,5,39.16,17.96,1,0,0.51,0,2,883,0
150.86,23,40.42,17.82,0,0,0.015,0,1,803,0
25.51,19,16.34,0.25,0,0,0.741,1,4,1255,0
76.7,17,4.71,0.81,0,0,0.269,0,2,379,0
41.97,8,33.05,4.09,0,0,0.634,1,3,797,0
29.82,2,4.36,12.99,1,0,0.3,1,2,1763,0
129.52,10,10.89,11.81,1,0,0.545,1,4,789,0
26.14,19,21.01,2.77,1,0,0.684,1,1,577,0
5.58,14,3.8,29.72,1,0,0.247,1,4,810,0
14.83,15,8.78,17.43,0,1,0.405,1,2,643,0
57.47,18,36.8,0.81,0,0,0.438,1,1,737,0
49.18,8,30.97,10.55,1,0,0.195,1,1,1156,0
6.91,0,5.42,2.46,0,0,0.428,1,0,1002,0
16.05,21,23.03,12.67,1,0,0.313,0,5,30,0
18.51,14,2.61,8.75,1,0,0.663,0,0,1532,1
22.98,13,28.56,6.32,1,0,0.364,0,2,733,0
8.37,13,9.56,20.63,1,0,0.18,1,4,530,0
17.67,20,14.74,20.33,0,0,0.276,1,2,1106,0
15.98,18,19.05,4.8,0,0,0.642,0,0,1605,1
71.63,16,5.79,22.23,0,0,0.121,1,3,1282,0
74.38,18,8.87,5.08,0,0,0.264,0,0,791,0
28.62,6,55.92,1.75,0,0,0.033,1,4,1034,0
22.38,17,13.84,0.84,1,0,0.194,0,1,844,0
38.09,23,19.92,5.49,0,0,0.033,1,0,215,0
14.64,5,20.18,6.04,1,0,0.11,0,0,509,0
10.52,13,44.82,10.84,0,0,0.473,1,6,130,0
12.93,16,32.4,4.07,0,0,0.257,0,2,2028,0
17.55,12,6.12,21.92,1,0,0.183,1,1,501,0
10.35,23,48.9,1.07,1,0,0.138,1,1,999,0
38.94,9,61.92,4.97,1,1,0.22,1,2,1247,0
68.7,5,6.08,2.16,1,0,0.261,0,2,882,0
6.77,3,13.09,8.49,0,0,0.488,1,1,1087,0
33.96,20,16.02,1.06,0,0,0.519,0,2,621,0
26.58,16,13.54,6.52,1,0,0.462,1,1,1131,0
46.6,13,28.67,4.79,0,0,0.201,1,4,425,0
32.69,10,14.82,6.56,1,0,0.339,1,0,675,0
7.74,9,11.05,7.33,0,0,0.245,0,4,1274,0
9.37,22,29.66,34.16,0,0,0.131,0,2,610,0
34.1,16,1.77,13.26,0,0,0.276,0,0,1211,0
92.65,23,21.16,13.12,1,0,0.329,0,3,424,1
3.62,19,26.19,4.68,0,0,0.093,1,1,1688,0
46.79,18,46.72,19.78,0,0,0.452,1,2,1602,0
108.81,13,18.75,21.87,0,0,0.302,0,2,821,0
28.42,5,2.87,15.63,1,1,0.28,0,1,1421,0
57.41,15,19.68,14.41,0,0,0.446,1,1,973,0
16.39,17,2.59,1.58,1,0,0.429,1,1,362,0
29.39,12,24.08,12.74,0,0,0.412,1,1,1529,0
6.55,0,41.08,28.06,0,0,0.327,0,1,212,0
3.18,23,16.73,13.3,1,0,0.711,0,2,780,1
85.01,19,14.83,17.62,1,0,0.338,0,2,511,0
12.37,8,31.86,6.59,0,0,0.437,1,2,1474,0
21.0,11,23.4,4.27,0,0,0.382,1,0,870,0
8.28,2,30.11,2.48,1,0,0.517,1,1,789,0
8.09,22,77.76,24.55,0,0,0.032,0,3,965,0
27.83,5,11.71,8.07,0,0,0.194,0,5,1664,0
15.97,9,25.33,22.05,1,0,0.02,1,3,1395,0
48.33,10,49.49,5.78,1,0,0.409,1,3,1709,0
52.07,6,50.04,23.26,0,0,0.281,0,1,588,0
45.64,15,27.21,9.76,1,0,0.02,1,3,1409,0
42.04,23,14.32,6.53,0,0,0.391,1,2,635,0
160.42,20,29.82,6.58,1,1,0.159,1,2,30,0
11.39,12,30.29,19.17,1,0,0.087,1,1,575,0
31.35,3,34.15,13.27,0,0,0.739,1,1,705,0
102.79,20,6.52,19.28,0,0,0.064,1,0,194,0
117.28,6,60.78,27.76,1,0,0.411,1,3,1853,0
7.99,21,49.62,7.49,1,0,0.208,0,2,312,0
24.23,9,17.17,15.87,0,0,0.013,0,0,857,0
128.78,12,46.22,8.54,0,0,0.24,1,4,340,0
55.04,10,16.2,6.06,1,0,0.474,1,2,1280,0
40.26,10,54.14,13.44,1,0,0.328,0,1,835,1
26.64,3,19.55,1.56,0,0,0.147,1,6,943,0
22.56,13,7.98,20.97,0,0,0.098,1,0,1186,0
44.18,9,70.72,12.12,0,0,0.159,1,3,483,0
25.73,20,33.15,4.5,0,0,0.023,0,2,1386,0
31.74,11,15.33,12.38,0,0,0.406,1,1,827,0
35.82,23,57.33,0.95,0,0,0.24,1,4,30,0
16.81,7,30.06,2.38,1,0,0.203,1,1,436,0
56.38,7,13.72,2.4,1,0,0.688,1,1,1893,0
610.48,0,57.84,2.07,0,0,0.297,0,3,1233,1
5.6,17,34.04,7.7,1,0,0.593,1,3,599,0
45.79,1,23.87,12.32,1,0,0.42,1,4,959,0
15.48,6,18.54,57.68,1,0,0.584,0,4,1180,0
58.99,21,7.68,23.64,0,0,0.277,0,3,1154,0
34.69,14,0.88,0.58,0,0,0.232,1,4,1877,0
70.94,13,31.6,34.85,1,0,0.038,1,2,1095,0
107.29,19,6.15,4.56,0,0,0.177,1,4,1419,0
40.14,18,7.67,14.87,0,0,0.03,1,2,1271,0
102.72,21,15.97,7.93,0,1,0.097,0,3,554,0
3.18,15,16.31,36.59,0,1,0.241,1,3,1285,0
162.46,10,8.72,22.04,0,0,0.05,0,0,825,0
48.19,3,31.57,32.61,1,0,0.257,0,3,641,0
97.3,8,3.11,15.58,0,0,0.15,1,2,1176,0
9.78,16,31.1,5.75,0,0,0.437,0,1,1461,0
14.43,6,14.45,17.59,0,0,0.101,1,2,1132,0
38.32,16,8.29,27.77,0,1,0.323,1,1,1817,0
32.56,3,3.49,3.77,0,0,0.39,1,0,1273,0
43.95,1,21.15,13.93,0,0,0.307,0,3,1668,0
97.96,8,5.65,20.07,1,0,0.526,0,1,771,0
5.67,5,4.79,5.2,1,0,0.333,0,0,30,0
87.69,20,49.11,6.63,1,0,0.495,0,3,367,1
33.39,9,4.28,8.62,1,0,0.283,0,0,1032,0
27.01,10,3.03,14.06,1,1,0.17,1,3,342,0
7.61,9,29.26,9.78,0,1,0.339,1,3,938,0
54.76,7,22.54,10.74,0,0,0.242,0,0,1066,0
2.96,22,10.95,39.64,0,0,0.118,0,0,459,0
63.33,17,7.19,9.42,0,0,0.538,0,3,1172,0
7.45,3,9.28,30.76,1,0,0.264,0,2,1101,0
34.93,5,11.23,53.41,0,0,0.14,1,5,299,0
29.4,1,26.76,4.18,0,0,0.439,1,5,935,0
106.65,6,21.56,22.53,0,0,0.473,1,3,1856,0
27.7,15,13.09,6.16,1,0,0.388,1,3,886,0
16.54,22,12.96,21.71,0,0,0.398,1,0,216,0
19.95,11,30.28,5.93,1,1,0.251,1,4,197,0
118.26,1,8.26,0.46,1,0,0.56,0,7,1375,1
56.62,1,3.35,19.11,1,1,0.28,0,1,660,0
22.52,9,45.36,11.05,0,0,0.241,0,2,1198,0
26.14,6,13.11,28.64,0,1,0.258,1,1,597,0
6.91,13,65.79,5.84,0,0,0.117,1,4,664,1
48.84,2,11.51,9.33,1,0,0.126,0,3,1172,0
5.7,5,17.74,5.53,1,1,0.369,1,3,1174,0
70.23,13,7.61,2.28,0,0,0.33,1,3,1179,0
37.66,6,21.84,13.58,0,0,0.183,1,3,917,0
360.31,8,13.25,9.37,0,1,0.488,1,3,1621,0
11.02,5,14.68,0.89,0,0,0.109,0,2,1165,0
29.88,1,19.34,29.41,1,0,0.244,1,1,471,0
199.99,8,11.75,10.54,1,0,0.213,0,1,756,0
109.0,7,21.29,5.35,1,0,0.23,1,3,951,0
16.51,21,9.41,19.33,1,0,0.524,0,1,274,1
41.43,21,20.41,24.18,1,1,0.309,1,0,680,0
33.18,10,2.62,2.61,1,0,0.394,1,4,1578,0
43.9,6,4.28,2.1,0,0,0.497,0,1,388,0
16.47,10,7.49,6.64,0,0,0.781,1,1,674,0
30.29,14,5.32,14.39,1,1,0.085,0,4,706,0
6.7,9,5.8,33.54,0,0,0.04,1,0,1036,0
37.91,18,25.52,0.09,1,0,0.395,0,1,1182,0
51.94,23,13.57,41.68,0,1,0.117,1,2,745,0
26.38,9,11.75,11.56,1,0,0.338,0,3,1346,0
6.59,2,21.44,27.7,1,0,0.26,1,1,407,0
88.99,2,22.75,26.18,0,0,0.21,1,3,452,0
47.68,20,10.57,9.39,1,0,0.22,0,1,1841,0
16.02,9,37.4,6.48,0,0,0.17,0,1,1046,0
25.01,7,14.25,15.3,0,0,0.655,0,0,1089,0
7.38,14,27.4,11.84,1,0,0.204,0,2,323,1
11.88,22,9.39,5.02,0,0,0.088,1,1,1123,0
19.34,10,20.78,9.4,1,1,0.358,1,2,268,0
113.12,7,29.37,7.17,1,0,0.036,0,2,772,0
17.47,20,26.86,10.26,0,0,0.324,0,3,445,0
62.82,1,25.01,24.14,0,0,0.108,1,1,745,0
19.33,20,8.96,7.12,1,0,0.435,0,1,676,0
42.43,12,5.07,12.95,1,0,0.248,0,2,1246,0
28.75,0,4.44,9.23,1,0,0.068,1,4,722,0
79.29,5,11.25,9.13,0,0,0.381,1,1,750,0
19.4,16,10.53,7.87,0,0,0.433,1,1,884,0
6.87,18,23.05,15.68,0,0,0.295,1,0,1624,0
8.31,4,17.18,0.2,0,0,0.384,0,1,1809,0
19.46,15,4.59,15.91,1,0,0.235,0,4,473,0
9.5,23,33.31,12.21,0,0,0.633,1,1,570,0
49.91,16,19.89,11.49,1,0,0.838,1,1,979,0
20.79,16,8.4,1.09,1,1,0.431,0,2,1134,0
355.88,4,9.82,23.5,1,0,0.295,1,4,1777,0
5.83,15,45.13,7.64,1,0,0.072,1,2,698,0
40.59,17,5.32,7.2,0,0,0.007,1,1,1133,0
10.72,2,46.84,3.87,0,0,0.038,0,1,1002,0
20.22,7,13.27,4.48,1,0,0.301,1,1,698,0
38.15,21,14.06,1.02,1,0,0.409,0,0,830,0
3.24,23,21.54,10.64,0,1,0.222,1,5,740,0
41.96,4,3.25,5.79,1,0,0.535,1,1,247,0
222.05,17,19.82,20.5,1,0,0.102,1,2,2094,0
21.04,12,28.94,13.56,0,0,0.169,1,2,1606,0
42.94,14,10.98,11.86,0,0,0.334,1,1,1699,0
92.29,12,16.05,6.46,0,0,0.164,0,1,635,0
28.11,20,66.8,8.26,0,0,0.39,0,2,481,0
18.52,10,31.32,32.67,0,0,0.168,1,0,1552,0
3.4,14,6.93,6.37,1,0,0.224,1,0,478,0
62.87,16,10.38,7.91,1,0,0.192,1,6,1922,0
29.57,13,12.91,3.3,1,0,0.101,1,2,962,0
12.03,21,32.8,7.29,1,0,0.185,1,2,1843,0
37.58,5,6.9,10.13,0,1,0.302,0,1,30,0
18.47,22,26.92,3.37,1,0,0.262,1,3,686,0
19.52,16,27.05,0.9,1,0,0.164,0,3,1611,0
60.72,23,16.9,8.06,1,0,0.316,1,2,762,1
8.69,8,33.62,29.28,0,1,0.298,0,1,957,0
94.38,11,7.61,9.65,1,0,0.345,1,2,880,0
8.19,1,38.67,12.54,1,0,0.267,0,3,283,0
17.07,22,2.46,6.92,0,0,0.356,0,0,621,0
226.55,19,6.86,14.56,1,0,0.3,1,2,1580,0
102.24,7,2.54,18.12,1,0,0.188,1,2,87,0
36.51,1,8.04,25.12,1,1,0.469,1,1,729,0
12.93,16,27.43,31.23,0,0,0.282,1,1,1006,0
19.51,16,22.27,13.26,1,0,0.216,1,2,515,0
35.63,12,19.68,25.7,1,0,0.739,1,2,1134,0
34.38,3,7.92,20.59,1,0,0.169,0,0,1504,0
30.24,22,15.83,14.87,0,0,0.641,0,2,1198,0
32.11,10,38.96,9.45,1,0,0.134,1,1,1266,0
26.73,17,8.25,0.53,1,0,0.218,1,3,590,0
7.83,20,8.62,45.92,1,0,0.22,1,1,817,0
19.76,13,8.98,10.79,0,0,0.15,0,3,692,0
82.65,2,18.86,6.22,1,0,0.306,0,3,1250,0
8.43,21,25.6,6.24,1,0,0.184,1,2,1626,0
27.4,16,30.17,17.91,1,0,0.226,1,3,1107,0
14.59,21,12.88,2.46,0,0,0.316,1,1,477,0
37.02,14,11.85,29.22,1,0,0.778,1,3,30,1
22.45,21,9.96,13.1,1,0,0.063,0,3,993,0
145.1,20,24.38,4.93,1,0,0.118,1,2,1281,0
54.96,5,3.4,15.93,0,0,0.118,1,2,481,0
8.92,4,14.41,19.21,0,0,0.368,1,3,911,1
64.79,3,14.49,4.7,0,0,0.236,1,0,290,0
15.26,19,27.34,15.46,1,0,0.365,0,1,1036,0
18.6,5,4.64,6.99,1,0,0.102,0,2,102,0
45.32,10,28.95,7.13,0,0,0.277,0,1,1209,0
20.25,18,23.24,7.91,1,0,0.428,1,6,600,0
80.87,10,56.59,0.19,1,1,0.127,1,3,1052,0
15.26,1,49.25,23.57,1,0,0.638,1,2,842,0
17.83,8,36.97,7.29,0,0,0.1,1,2,1328,0
17.18,2,1.67,7.03,0,0,0.438,1,2,1351,0
18.81,9,5.15,26.21,1,1,0.207,0,3,787,0
99.4,17,33.72,14.14,0,0,0.424,1,5,1816,0
62.1,12,14.11,4.13,0,0,0.193,0,2,1055,0
183.08,16,49.19,12.51,1,0,0.238,1,3,30,0
319.78,2,17.23,14.56,1,1,0.346,1,3,563,0
11.81,18,26.63,8.31,0,0,0.189,0,2,265,0
35.53,10,25.2,37.13,1,0,0.088,1,1,347,0
10.21,6,16.87,7.97,1,0,0.098,1,2,742,0
15.22,15,34.14,9.76,1,0,0.029,1,3,511,0
17.64,3,28.22,10.13,1,0,0.193,1,4,958,0
11.51,11,5.68,18.2,0,0,0.307,1,3,583,0
11.57,10,69.94,3.68,1,0,0.154,1,3,1812,0
28.67,3,5.16,20.19,0,0,0.258,1,3,1106,0
9.81,22,8.59,49.31,1,0,0.541,1,0,30,0
76.87,8,26.29,1.77,1,0,0.053,0,0,1153,0
13.23,0,22.69,3.98,1,0,0.374,0,3,906,0
549.81,10,30.01,1.42,1,0,0.166,1,5,93,0
21.09,23,13.72,0.38,1,0,0.118,1,2,613,0
35.59,16,23.99,3.85,1,0,0.26,1,4,819,0
9.07,15,9.16,4.16,1,0,0.457,1,2,834,0
182.38,21,17.23,19.3,1,0,0.324,1,3,215,1
101.44,2,45.09,25.66,0,0,0.079,0,1,1413,0
44.56,13,5.13,12.43,0,0,0.259,1,3,1081,0
8.61,7,35.68,23.24,1,0,0.255,1,4,1291,0
40.88,16,14.58,17.94,1,0,0.387,1,1,901,0
10.79,20,7.37,5.22,0,0,0.448,0,3,751,0
142.93,1,7.89,13.82,1,0,0.151,0,3,1308,0
74.38,3,14.22,3.31,1,0,0.305,1,1,922,0
36.43,22,36.88,9.76,1,0,0.227,1,3,1252,0
2.9,11,23.88,11.81,1,1,0.232,0,3,1125,0
12.39,7,4.67,16.25,0,0,0.14,1,3,892,0
65.88,3,34.36,34.14,1,0,0.349,0,2,1641,0
111.37,8,30.3,2.27,1,0,0.114,0,2,1462,0
100.4,0,2.5,9.52,1,0,0.141,0,2,1427,0
6.74,5,7.04,29.54,1,0,0.476,1,5,612,1
44.77,4,39.67,4.8,0,0,0.382,0,1,137,0
91.42,2,16.94,3.49,1,1,0.321,1,3,718,0
6.31,23,34.2,17.63,1,0,0.305,1,1,673,0
32.85,18,1.06,15.43,0,0,0.434,1,3,1741,0
43.55,22,0.49,1.44,0,0,0.321,0,2,30,0
24.51,5,27.69,5.64,0,0,0.174,1,1,1887,0
5.2,6,10.01,2.85,1,0,0.298,1,2,1166,0
23.91,6,28.87,2.87,0,0,0.333,1,2,1215,0
23.87,13,34.54,14.49,1,0,0.276,1,2,1805,0
28.56,4,10.19,14.47,1,0,0.112,1,2,1782,0
18.85,5,15.65,9.57,0,0,0.344,1,0,1169,0
21.26,23,12.86,2.22,1,0,0.48,1,2,1046,1
31.83,8,10.03,2.98,1,0,0.23,1,3,1150,0
51.54,18,20.21,13.45,1,0,0.696,1,1,1123,0
24.42,5,31.99,1.7,1,0,0.093,1,3,1037,0
21.98,22,8.66,0.85,0,0,0.309,1,0,1244,0
36.32,16,8.62,6.1,1,0,0.193,1,2,594,0
4.85,20,10.27,9.61,1,1,0.349,1,3,1261,1
53.36,12,26.32,1.08,0,0,0.154,0,3,355,0
33.1,21,34.36,13.96,1,1,0.343,1,4,902,0
34.46,8,12.67,8.63,1,1,0.5,1,2,1191,0
86.55,11,1.81,2.65,1,0,0.191,0,5,30,1
4.7,1,6.17,10.44,1,0,0.417,1,2,30,0
4.6,4,12.01,0.54,0,0,0.075,0,2,1036,0
43.55,18,7.6,6.62,0,0,0.24,0,2,37,0
32.88,7,4.63,6.92,1,0,0.108,0,4,940,0
39.26,2,17.6,9.72,1,0,0.303,0,2,652,0
20.86,7,81.92,10.84,0,0,0.159,1,4,1116,0
64.35,8,6.61,18.36,0,0,0.551,0,1,1393,0
84.15,17,20.36,9.2,1,0,0.165,1,5,219,0
53.73,2,25.36,1.61,0,0,0.306,0,4,1565,0
25.51,0,26.92,3.51,1,0,0.166,1,0,873,0
4.02,17,16.05,1.07,0,0,0.391,0,3,1248,0
71.47,3,4.9,41.75,1,0,0.199,1,1,1685,0
112.36,10,31.84,37.22,1,0,0.361,1,4,1114,0
63.09,16,14.7,1.56,1,0,0.047,0,1,791,0
13.74,12,13.46,21.16,1,0,0.103,0,2,851,0
64.96,2,5.35,13.78,1,0,0.497,1,3,1015,1
78.3,17,10.27,24.35,0,1,0.139,1,3,1273,0
157.4,1,26.24,3.68,1,0,0.197,1,3,1644,0
13.79,5,14.7,13.83,1,0,0.351,0,2,1215,0
26.4,2,3.72,4.71,1,0,0.244,1,2,30,0
69.91,12,29.08,2.71,1,0,0.174,1,2,1647,0
35.07,16,55.45,10.33,0,0,0.191,0,1,1015,0
10.83,15,4.36,17.84,0,0,0.14,1,6,1387,0
50.13,3,15.75,16.49,1,0,0.584,1,2,1094,0
59.07,8,16.23,22.42,1,1,0.259,1,1,63,0
36.16,3,4.24,4.03,1,0,0.199,1,3,30,0
41.25,8,40.63,37.01,1,0,0.175,0,2,483,0
25.57,5,16.52,10.06,0,0,0.827,0,0,978,1
145.22,17,32.65,2.53,1,0,0.22,1,1,323,0
13.45,18,21.37,21.08,0,0,0.289,1,2,1452,0
18.41,19,39.55,8.82,0,0,0.222,1,1,596,0
33.48,4,21.13,5.39,1,0,0.139,1,3,1097,0
79.75,0,11.31,8.87,1,1,0.407,1,3,1192,0
7.41,0,24.75,0.8,1,0,0.506,1,2,868,1
8.93,20,7.81,31.47,0,0,0.297,0,2,498,0
4.32,21,26.62,15.26,1,0,0.311,0,2,751,0
34.22,5,6.59,10.08,0,0,0.195,1,4,617,0
10.82,21,15.29,7.03,1,0,0.127,1,1,520,0
22.54,12,12.88,23.32,1,0,0.404,1,2,380,0
64.16,4,19.97,32.9,1,0,0.169,1,1,1274,0
17.43,7,44.22,2.16,1,0,0.212,1,4,1779,0
41.73,6,9.95,10.06,1,0,0.155,0,0,960,0
24.55,18,31.13,13.05,0,0,0.295,1,3,1066,0
64.85,4,40.48,23.15,1,0,0.517,1,2,802,1
53.26,4,30.44,17.25,1,0,0.241,0,2,756,1
16.58,17,19.85,13.82,0,0,0.097,0,0,408,0
27.98,7,19.07,9.2,0,0,0.328,1,5,1388,0
94.04,6,9.39,1.82,1,0,0.176,0,2,993,0
49.08,19,3.09,10.73,0,0,0.334,1,6,1128,0
8.19,22,17.02,7.34,1,0,0.201,1,1,796,0
63.79,13,43.01,2.14,1,0,0.166,1,2,36,0
11.19,19,47.31,32.96,0,0,0.433,1,3,495,0
135.98,20,3.91,9.92,0,0,0.268,1,1,1108,0
92.21,14,46.3,16.86,0,0,0.043,0,0,1036,0
44.25,19,25.63,7.68,0,0,0.362,0,0,925,0
38.75,0,23.47,3.09,0,0,0.143,1,2,1214,0
26.87,0,42.79,17.91,1,0,0.328,0,3,332,1
65.27,21,34.41,34.7,1,0,0.095,1,2,1353,0
22.86,3,6.48,22.88,0,0,0.272,1,5,1808,0
41.91,17,8.41,14.34,1,0,0.621,1,1,1442,0
79.2,10,2.63,7.44,0,0,0.157,0,3,753,0
18.88,18,22.66,12.05,1,0,0.245,1,2,1555,0
17.88,15,7.29,17.44,1,0,0.63,0,2,1107,0
10.03,1,10.95,6.81,1,0,0.198,1,1,847,0
11.42,8,39.2,17.24,0,0,0.418,0,1,1202,0
5.32,17,25.03,8.02,0,0,0.505,0,2,1577,0
68.71,22,25.54,3.31,1,0,0.447,1,2,30,0
202.13,19,68.99,8.44,1,0,0.154,1,0,30,0
137.73,21,0.22,10.72,1,0,0.573,0,3,146,0
6.51,22,7.69,21.08,1,0,0.478,1,3,685,0
68.36,21,12.81,12.72,1,0,0.071,0,0,1136,0
137.29,13,8.2,1.2,1,1,0.246,1,3,1626,0
20.97,8,32.45,17.43,0,0,0.549,1,1,294,1
36.65,12,14.15,7.08,1,0,0.255,1,3,1613,0
4.45,19,5.78,1.79,1,0,0.172,1,0,677,0
43.24,10,21.16,17.3,1,1,0.143,1,2,1263,0
11.43,19,24.01,19.62,0,0,0.121,0,1,777,0
40.43,16,6.3,11.26,1,0,0.56,1,3,230,0
6.95,5,14.75,13.28,1,0,0.536,1,1,1464,0
56.99,22,24.44,10.93,1,1,0.392,0,5,459,1
92.25,20,40.8,16.83,1,0,0.255,1,1,179,0
15.13,14,9.04,8.23,0,0,0.263,1,5,1474,0
10.62,4,26.54,0.38,0,0,0.413,1,3,1192,1
3.83,5,10.35,3.37,0,1,0.095,1,0,1569,0
25.37,20,18.17,4.2,1,0,0.4,1,3,1672,0
18.51,0,6.89,7.13,1,0,0.501,0,2,1182,1
7.02,11,25.93,7.92,1,0,0.481,1,1,296,0
52.09,14,35.97,30.47,0,0,0.389,1,1,175,0
21.12,5,15.3,9.77,0,0,0.268,1,2,439,0
11.29,20,13.71,13.28,0,1,0.291,1,0,1735,0
19.02,12,12.62,8.54,0,0,0.256,0,3,1090,0
96.67,1,5.11,10.95,0,0,0.357,1,0,737,0
60.52,7,29.88,13.15,1,0,0.187,1,0,1330,0
29.08,9,40.06,22.95,0,0,0.322,1,1,1235,0
61.5,5,8.57,22.53,1,0,0.352,0,3,928,0
10.37,22,20.18,1.71,1,0,0.174,1,1,1290,0
34.2,8,25.4,4.38,0,0,0.194,1,2,315,0
38.37,12,10.19,7.08,1,1,0.165,1,2,2139,0
20.7,12,47.17,21.13,1,0,0.228,1,4,30,0
51.19,5,20.48,12.1,1,0,0.399,0,2,426,1
15.17,13,3.91,7.88,0,0,0.297,0,0,539,0
55.14,8,37.37,2.4,1,0,0.196,0,0,665,0
57.5,0,15.82,18.03,1,0,0.243,1,1,772,0
1.79,9,11.83,23.79,1,0,0.075,1,1,1422,0
108.89,14,28.22,3.57,1,0,0.626,1,2,1089,0
1.57,2,10.51,1.14,1,0,0.236,0,1,721,0
17.88,18,45.1,9.05,0,1,0.387,1,3,1440,0
92.33,15,38.31,9.26,1,0,0.21,1,2,642,0
24.11,7,49.5,29.25,1,0,0.337,1,4,865,0
7.64,14,66.38,5.26,0,0,0.35,1,1,510,0
11.09,7,25.1,4.34,1,0,0.304,0,2,104,1
92.47,15,17.05,4.15,0,0,0.177,0,2,753,0
4.85,3,10.13,2.63,1,0,0.786,1,1,1017,0
102.41,14,26.98,8.07,1,0,0.245,0,6,1850,0
31.34,1,65.13,18.94,0,0,0.046,1,2,713,0
10.05,0,5.15,19.61,0,0,0.301,0,1,828,0
18.48,6,21.85,2.79,0,0,0.754,1,0,542,1
11.97,4,3.84,21.85,0,0,0.214,0,0,31,0
78.75,11,3.66,9.91,1,0,0.142,1,1,498,0
68.88,3,41.01,17.2,1,0,0.174,0,1,561,0
5.93,5,36.4,5.62,0,0,0.237,1,2,1387,0
22.12,2,9.65,9.71,0,0,0.418,0,2,762,0
13.97,21,6.17,7.81,1,0,0.069,1,4,802,0
120.72,17,50.86,10.54,1,0,0.327,0,1,1467,0
8.58,5,6.65,7.58,1,0,0.407,1,1,1264,0
164.72,2,4.69,11.5,0,0,0.205,1,2,1212,0
32.03,20,6.87,0.33,0,0,0.254,1,5,1494,0
10.36,16,23.64,5.38,1,0,0.561,0,1,285,1
16.82,21,72.76,8.46,1,0,0.443,1,3,30,0
14.86,4,10.28,15.56,0,0,0.207,1,3,933,0
9.26,8,40.64,0.34,1,0,0.375,1,1,636,0
36.41,2,18.9,22.89,0,0,0.39,0,2,1468,0
9.7,10,1.83,9.77,0,0,0.485,0,2,826,0
3.74,3,10.57,21.41,0,1,0.279,1,5,1952,1
22.65,0,36.69,12.96,1,0,0.322,0,6,1577,1
5.46,12,35.27,27.57,0,0,0.496,1,3,1289,0
15.61,23,9.21,13.68,0,0,0.276,0,0,1491,0
13.34,15,29.77,1.26,1,0,0.212,0,0,400,0
13.86,18,15.54,16.19,1,0,0.115,1,0,476,0
244.93,19,22.94,10.67,1,0,0.419,0,3,313,1
35.04,23,42.28,5.01,1,0,0.215,0,1,736,1
42.32,3,9.57,11.09,1,0,0.413,0,2,74,0
5.6,6,12.32,13.96,1,0,0.507,1,1,272,0
17.22,14,42.84,11.64,0,1,0.234,0,1,612,0
41.07,19,67.58,1.76,0,0,0.135,1,2,30,0
11.89,18,33.44,29.66,0,0,0.253,1,2,784,0
82.11,17,21.85,18.2,0,0,0.629,0,3,84,0
9.95,7,33.21,9.2,1,0,0.24,1,1,622,0
24.87,8,10.52,7.06,1,0,0.263,0,1,30,1
18.43,1,18.03,28.2,1,0,0.486,1,2,1482,0
39.03,7,3.61,11.54,1,1,0.039,1,1,1454,0
17.45,3,10.74,1.91,0,1,0.127,0,4,389,0
25.26,22,24.06,28.29,0,0,0.275,0,2,843,0
26.15,2,20.19,6.02,1,0,0.214,1,0,1668,0
15.89,8,1.1,1.89,1,0,0.281,1,1,1689,0
53.79,21,14.02,11.75,1,0,0.12,1,2,701,0
42.03,22,19.86,4.69,0,0,0.255,0,2,427,0
30.31,9,20.48,8.34,1,0,0.418,1,1,1887,0
21.53,11,4.58,13.43,1,0,0.05,0,2,300,0
73.45,12,30.19,0.04,1,0,0.229,1,4,1278,0
26.16,19,61.09,10.48,1,0,0.092,0,0,714,0
24.37,18,32.93,23.69,0,0,0.125,1,3,697,0
36.77,12,18.04,2.15,0,0,0.285,0,1,547,0
180.65,8,51.72,18.72,0,0,0.534,1,4,1075,0
8.67,8,10.55,10.03,0,0,0.189,1,3,899,0
71.51,15,27.32,14.84,1,0,0.549,1,0,197,0
4.99,20,16.5,6.1,0,1,0.176,1,1,879,0
41.15,1,52.12,11.45,1,0,0.354,0,3,532,1
159.99,18,7.16,28.54,1,0,0.271,0,5,834,0
53.98,11,7.14,15.03,0,0,0.079,0,1,1148,0
39.28,3,43.55,2.49,0,0,0.365,1,4,648,0
18.91,2,25.84,22.14,1,0,0.643,1,2,746,1
34.16,8,46.09,8.71,0,0,0.085,1,2,543,0
25.74,5,7.86,0.44,0,0,0.194,1,1,1103,0
15.09,2,9.33,3.82,1,0,0.244,1,1,849,0
24.78,7,22.5,2.91,0,0,0.099,1,2,1099,0
40.38,20,3.8,8.32,1,0,0.142,1,0,941,0
15.38,17,21.28,22.65,1,0,0.346,0,4,1825,0
14.79,5,12.15,18.02,1,0,0.314,0,3,1104,0
8.5,16,16.42,4.89,0,0,0.361,0,0,944,0
48.95,10,30.06,13.82,0,0,0.216,1,2,985,0
57.13,17,31.22,5.64,1,0,0.542,0,4,1751,0
41.75,5,58.98,6.99,1,0,0.257,1,0,1549,0
86.94,1,38.9,12.31,1,0,0.444,1,1,1588,1
36.16,7,1.91,2.13,1,0,0.302,1,2,895,0
49.01,23,7.76,7.61,1,0,0.319,1,5,1271,0
44.87,13,8.43,7.72,0,0,0.553,0,3,849,0
30.22,1,36.05,4.27,1,0,0.184,1,3,1239,0
19.48,23,53.18,13.64,0,0,0.364,1,4,878,0
303.13,19,5.29,13.74,0,1,0.184,1,1,838,0
21.07,13,36.73,3.24,1,1,0.165,1,1,722,0
17.02,17,18.07,2.03,0,1,0.463,1,1,1022,0
51.11,4,16.02,8.8,0,0,0.185,0,3,1367,0
42.6,14,10.39,3.67,1,0,0.199,0,2,1379,1
8.13,21,14.19,6.2,1,0,0.134,1,3,603,0
101.77,10,21.37,0.02,0,0,0.387,0,2,875,0
30.14,0,11.54,7.64,0,0,0.325,1,1,375,0
10.9,18,24.87,6.5,0,0,0.197,1,2,693,0
108.72,17,16.08,2.25,1,0,0.227,0,3,578,0
61.91,17,14.62,17.18,0,0,0.054,1,3,260,0
9.35,15,28.53,6.34,1,1,0.167,1,3,761,0
195.82,3,23.0,9.82,1,0,0.102,1,0,1762,0
63.99,2,1.19,16.44,1,0,0.318,1,2,876,0
32.78,19,25.69,14.39,0,0,0.292,0,1,1380,0
162.43,20,22.0,1.51,1,0,0.679,0,0,915,1
38.83,1,40.7,10.25,1,0,0.257,1,3,749,0
32.2,13,22.7,4.19,0,0,0.091,1,2,1515,0
17.11,12,13.51,21.23,1,0,0.411,0,1,1704,0
59.26,8,10.03,33.36,1,1,0.445,1,2,337,0
53.34,15,3.04,23.5,1,0,0.191,1,2,1540,0
33.61,21,17.86,16.87,0,0,0.424,1,2,1025,0
15.03,19,8.52,8.4,1,0,0.226,1,3,315,0
37.71,3,45.15,18.07,0,0,0.187,0,0,729,0
30.88,11,18.5,0.88,0,0,0.146,0,0,869,0
8.73,22,6.34,4.73,0,0,0.261,1,1,1264,0
7.6,5,2.1,13.87,1,0,0.286,1,1,1138,0
58.27,20,3.26,7.47,0,0,0.339,1,3,739,0
2.45,11,24.08,2.7,0,1,0.46,0,6,1267,0
40.67,12,48.86,13.57,0,0,0.448,0,1,615,0
20.53,6,28.03,27.11,0,0,0.795,0,4,707,0
122.52,22,16.38,25.3,0,0,0.303,1,2,1864,0
20.22,12,68.5,4.81,1,0,0.037,0,0,117,0
64.04,13,32.71,30.83,1,0,0.506,0,3,1321,0
22.27,11,22.86,5.78,1,0,0.11,1,2,363,0
37.1,2,13.19,10.47,1,0,0.184,0,3,1108,1
69.19,18,50.65,20.4,0,1,0.176,0,1,962,0
20.85,7,14.32,9.92,1,0,0.211,0,1,595,0
89.71,5,8.49,3.55,1,0,0.403,1,3,876,1
12.26,18,16.96,6.54,1,0,0.016,1,1,437,0
44.46,4,19.86,20.39,0,0,0.248,1,3,1175,0
83.32,16,34.82,5.74,1,0,0.509,1,1,1276,0
64.07,11,8.3,8.44,0,0,0.384,0,0,1526,0
225.08,19,9.84,8.87,0,0,0.206,1,3,1753,0
15.43,1,10.34,16.08,1,0,0.668,1,2,758,0
8.34,18,16.23,19.38,1,0,0.44,0,2,610,0
12.25,5,6.48,11.76,1,0,0.091,0,3,631,1
64.1,20,44.77,6.32,1,1,0.262,1,1,1572,0
54.48,8,3.3,10.98,1,0,0.233,1,2,687,0
36.68,0,51.69,6.05,1,0,0.024,1,1,1171,0
10.77,11,32.31,32.82,1,0,0.19,1,0,270,0
71.3,1,7.81,8.45,1,1,0.111,1,1,877,0
9.73,6,15.14,23.02,0,0,0.234,1,3,1060,0
105.53,17,9.08,23.14,0,0,0.33,0,1,798,0
576.77,13,32.73,11.81,0,0,0.208,0,2,682,0
47.77,17,47.93,13.13,0,0,0.414,1,2,133,0
59.33,21,112.44,13.17,0,0,0.274,1,1,1793,0
20.23,11,26.68,15.43,0,0,0.454,1,2,1034,0
5.42,13,3.41,2.52,1,0,0.31,0,0,1876,0
18.12,1,7.22,44.31,1,0,0.144,0,3,1222,1
11.1,6,25.67,10.85,1,0,0.136,0,2,1420,1
7.79,17,15.7,27.0,1,0,0.426,0,3,775,1
185.37,1,31.98,11.03,0,0,0.026,1,1,957,0
43.5,8,23.19,11.61,1,0,0.346,0,3,977,0
48.41,3,7.92,5.06,0,0,0.462,1,4,964,0
24.31,20,13.64,5.87,0,0,0.26,0,2,1802,0
27.86,13,33.13,0.67,1,1,0.05,1,3,836,0
86.88,15,24.23,38.29,1,0,0.25,1,3,975,1
32.06,16,32.24,23.61,1,0,0.288,0,2,631,0
56.3,5,4.89,5.04,0,0,0.66,1,3,1060,0
27.22,1,8.48,10.09,0,0,0.487,0,2,598,1
23.52,9,42.46,15.61,0,0,0.268,0,0,757,0
8.11,4,5.11,2.79,1,0,0.165,0,1,1773,0
4.58,7,30.83,4.53,0,0,0.445,1,1,856,0
25.49,7,4.48,8.87,1,0,0.291,1,1,422,0
35.04,18,19.61,28.47,1,0,0.341,0,1,1648,0
9.15,7,11.95,4.88,0,0,0.025,1,3,863,0
31.99,3,7.81,15.98,0,0,0.276,1,2,1442,0
34.94,23,20.9,36.82,0,0,0.098,0,4,1453,1
3.83,1,40.97,23.84,1,1,0.352,0,2,1126,1
13.26,4,9.63,2.4,1,0,0.717,1,3,1123,0
49.76,8,1.54,6.08,1,0,0.25,1,2,617,0
48.77,1,16.08,8.93,1,0,0.432,1,0,953,0
10.45,21,7.73,4.17,0,0,0.206,0,1,1576,0
38.8,8,33.64,20.87,1,0,0.24,0,1,800,0
92.06,18,11.92,2.09,1,0,0.271,1,1,492,0
72.03,3,9.98,4.99,1,0,0.602,1,3,105,1
30.11,12,13.13,13.01,1,0,0.164,0,2,997,0
20.74,3,40.96,9.58,1,0,0.204,0,1,566,0
17.65,5,25.18,4.1,1,0,0.334,1,0,1617,0
52.87,9,6.64,30.9,1,0,0.157,1,2,1135,0
40.25,20,4.88,3.01,1,0,0.362,1,3,1017,0
62.14,7,51.18,18.52,1,0,0.203,0,0,1004,0
37.78,18,9.75,15.0,1,0,0.297,1,2,897,0
75.1,2,41.85,15.76,1,0,0.685,1,1,1016,0
36.4,6,15.53,1.34,1,1,0.21,0,0,351,1
72.58,14,8.61,9.02,0,0,0.258,1,1,1251,0
79.11,11,9.26,11.98,1,1,0.131,0,2,825,0
14.81,12,16.17,13.57,0,0,0.119,0,3,1063,0
5.43,16,1.44,8.05,0,0,0.496,1,2,373,0
155.01,1,8.88,16.05,0,0,0.371,0,0,290,1
42.81,16,64.62,8.49,0,0,0.114,0,3,591,0
5.96,20,78.17,3.88,0,0,0.603,1,1,898,0
16.22,18,9.79,4.16,1,0,0.288,1,3,1610,0
71.66,6,29.61,14.13,1,1,0.287,1,4,30,0
25.04,8,24.64,4.38,0,0,0.414,1,4,1877,0
19.84,23,5.66,17.1,1,0,0.212,1,5,391,1
134.41,18,30.0,4.35,0,0,0.229,1,0,1211,0
11.62,22,12.86,2.63,1,0,0.176,0,6,1318,0
14.91,21,18.96,38.71,1,1,0.195,1,2,619,0
40.91,10,34.61,26.59,0,0,0.391,0,1,1094,0
48.93,3,13.64,10.58,0,0,0.41,1,4,625,0
54.4,5,13.51,5.85,1,0,0.26,0,1,815,0
82.37,7,27.56,17.36,1,0,0.222,0,1,250,0
40.39,20,42.75,45.16,0,0,0.095,0,1,685,0
54.02,6,26.37,6.57,0,0,0.453,1,2,1508,0
25.55,8,14.09,37.51,1,0,0.27,1,1,1625,0
35.26,20,39.51,5.82,0,1,0.555,0,1,638,0
36.88,3,23.86,1.71,1,0,0.217,1,1,639,0
41.06,15,49.47,10.08,1,0,0.472,0,3,338,0
71.7,13,59.03,1.29,1,1,0.084,1,1,1255,0
57.69,23,26.04,16.63,1,0,0.35,1,4,972,0
34.61,11,46.99,2.4,1,0,0.198,1,2,748,0
14.74,12,48.0,14.68,1,1,0.182,1,7,601,1
35.43,20,16.93,19.77,0,0,0.355,0,2,1178,0
32.2,23,47.99,34.9,1,0,0.408,0,1,816,1
40.17,17,19.69,1.74,0,0,0.364,1,4,1183,0
300.82,16,32.2,4.99,1,0,0.17,0,0,853,0
19.61,21,18.11,6.95,0,0,0.15,0,2,1354,0
50.52,23,3.99,15.41,0,0,0.143,1,1,1216,0
96.4,17,71.14,8.47,0,0,0.195,0,1,552,0
36.53,7,31.24,3.22,1,0,0.107,1,2,779,0
343.04,15,33.35,5.76,1,0,0.237,0,1,33,0
22.69,5,21.27,11.73,1,0,0.431,1,2,1075,1
45.79,12,47.74,6.49,0,0,0.436,1,4,393,1
14.9,10,16.6,31.22,0,0,0.331,1,0,1105,0
23.3,23,9.02,13.47,0,0,0.161,1,0,371,0
42.48,13,11.02,3.22,0,0,0.599,1,2,610,0
77.19,23,18.21,9.26,1,0,0.243,1,2,265,0
45.56,19,11.63,16.19,1,0,0.181,1,3,1540,0
116.64,20,18.45,12.46,1,0,0.3,1,1,1121,0
30.12,4,5.79,6.11,1,0,0.22,1,2,1134,0
23.76,18,39.25,7.98,0,0,0.131,0,0,124,0
494.72,6,27.76,9.03,1,1,0.058,1,0,766,0
49.12,13,65.37,21.59,0,0,0.29,0,0,1179,0
16.13,11,9.28,16.56,1,0,0.439,0,0,1339,0
16.54,6,31.33,1.67,1,0,0.402,0,0,678,0
12.9,23,5.52,30.06,1,1,0.093,1,3,594,0
84.48,21,18.54,37.35,1,0,0.63,0,4,451,0
23.0,13,21.56,6.71,1,0,0.334,1,2,1367,0
37.61,0,3.48,14.71,1,0,0.141,1,3,30,0
31.08,4,43.6,57.83,0,0,0.194,1,2,972,1
68.82,5,35.26,9.74,1,0,0.398,1,4,30,1
14.2,23,27.76,11.68,0,0,0.168,1,4,1326,0
11.3,9,5.93,17.56,0,0,0.078,0,3,493,0
41.44,1,10.17,27.12,1,1,0.176,1,2,1436,0
60.4,14,38.34,1.02,0,0,0.248,1,2,352,0
46.18,22,18.39,9.48,0,0,0.057,1,2,1027,0
14.74,13,15.44,27.05,0,0,0.179,1,4,1144,0
65.2,10,46.95,18.04,1,0,0.311,1,2,697,0
15.74,4,20.93,13.53,1,0,0.019,1,0,50,0
19.66,21,6.49,11.75,1,0,0.155,1,1,487,0
12.88,2,37.99,26.01,1,0,0.347,1,1,490,0
121.65,22,5.63,16.31,1,0,0.126,1,3,1266,0
62.39,5,18.52,35.26,1,0,0.285,1,1,781,0
60.64,3,23.36,8.38,0,0,0.325,0,1,1292,0
115.26,8,32.24,0.46,0,0,0.401,0,2,1696,0
551.5,0,4.31,23.57,1,0,0.133,1,1,30,1
5.99,0,1.09,7.56,1,0,0.369,1,1,1001,0
15.83,4,1.16,10.37,1,0,0.154,1,3,697,0
17.88,16,51.25,12.41,0,0,0.06,0,4,1209,0
14.14,19,3.5,5.96,1,0,0.082,1,1,746,0
11.27,5,60.8,2.29,1,0,0.077,0,0,932,1
24.54,15,41.05,22.38,1,0,0.251,0,2,275,0
9.81,8,7.73,0.04,1,1,0.419,1,0,445,0
46.3,10,1.82,46.36,0,0,0.3,1,2,958,0
34.87,8,19.71,10.61,1,0,0.597,0,3,146,1
53.57,21,11.71,0.48,1,0,0.22,0,5,323,1
55.02,12,47.52,25.1,1,0,0.415,1,3,985,0
60.52,12,23.17,0.98,0,0,0.366,0,5,922,0
22.8,20,18.7,5.73,1,0,0.325,1,2,636,0
276.21,15,15.51,38.21,1,0,0.45,0,3,784,0
41.86,3,32.17,15.25,0,1,0.412,0,3,650,1
5.14,4,17.29,13.39,0,0,0.041,1,1,719,0
12.15,8,69.42,15.0,1,0,0.172,1,2,517,0
5.81,2,3.34,3.88,0,0,0.147,1,0,132,0
33.69,16,14.11,15.7,0,0,0.402,0,1,1339,0
29.32,11,28.76,14.03,0,0,0.258,0,2,1170,0
20.73,1,25.92,8.9,1,0,0.325,0,3,88,0
247.38,9,69.29,30.35,1,0,0.133,0,5,288,0
57.34,19,9.44,19.87,0,0,0.332,1,3,1793,0
68.45,21,0.38,2.8,1,0,0.203,1,4,1153,0
13.05,23,38.74,6.96,1,0,0.081,1,1,1492,0
12.19,22,22.31,5.63,1,0,0.339,1,4,419,0
34.36,14,38.99,4.01,0,0,0.301,1,1,1291,0
39.37,22,24.94,27.55,1,0,0.527,1,1,555,0
5.17,22,0.84,6.93,1,0,0.063,1,1,346,0
27.65,15,26.2,20.17,0,0,0.246,0,0,995,0
33.58,9,9.37,16.02,1,0,0.173,0,3,332,0
26.71,23,14.12,2.71,1,0,0.11,1,2,690,0
14.68,9,16.8,27.55,1,0,0.159,1,2,626,1
19.31,3,5.63,9.75,1,0,0.35,1,1,30,0
27.75,2,9.06,6.94,0,0,0.489,1,3,30,0
36.26,13,33.85,1.85,1,0,0.231,1,1,979,0
60.63,0,33.81,4.29,0,0,0.167,0,2,561,0
97.6,2,2.87,3.28,0,0,0.491,0,3,1272,0
24.67,5,22.5,1.26,0,0,0.413,1,4,978,0
20.99,12,36.67,15.05,1,0,0.192,0,3,824,0
51.3,11,20.69,3.45,1,0,0.145,1,1,1699,0
61.0,12,23.56,11.19,0,0,0.272,0,0,1140,0
21.45,12,3.16,25.37,1,0,0.224,0,1,984,0
73.0,23,46.21,18.31,0,0,0.271,0,3,1188,0
88.2,5,6.2,12.78,0,0,0.124,1,2,1093,0
120.5,11,13.47,0.59,0,0,0.389,0,3,850,0
196.04,14,36.92,1.27,0,0,0.259,0,1,1011,0
13.92,6,58.24,5.34,0,0,0.707,0,2,591,0
33.58,4,14.49,13.68,1,0,0.069,0,2,1272,0
33.49,1,81.55,3.38,0,0,0.411,0,2,741,0
30.02,7,21.29,3.27,1,0,0.385,1,4,1162,0
17.3,6,19.36,24.39,0,0,0.356,1,1,672,0
7.5,4,7.2,7.89,0,0,0.072,1,3,30,0
36.33,6,13.74,1.36,1,0,0.331,1,0,1054,0
15.36,16,22.83,13.98,1,0,0.308,0,3,1946,0
36.09,19,29.05,2.22,0,0,0.318,1,3,449,0
14.97,12,28.01,13.66,1,0,0.149,1,3,819,0
11.03,1,12.46,6.7,0,0,0.22,1,5,1025,0
41.86,17,50.91,10.3,1,0,0.454,1,1,1081,0
38.51,3,19.9,3.16,1,0,0.671,1,0,1310,0
59.1,1,18.84,6.3,0,0,0.263,0,2,684,0
294.67,13,6.69,5.39,1,0,0.061,0,4,602,1
43.7,10,31.37,3.66,0,0,0.136,1,3,386,0
53.79,7,17.94,6.52,1,0,0.033,1,1,1118,0
11.27,23,14.67,0.59,0,0,0.137,1,1,1299,1
9.14,2,4.62,17.38,0,0,0.362,1,3,1060,0
161.23,1,4.85,16.55,0,1,0.261,1,1,964,0
13.15,14,24.79,6.92,1,1,0.536,1,1,811,0
11.66,10,56.36,7.13,1,0,0.061,1,2,1491,0
31.85,19,15.68,6.27,1,0,0.39,0,2,1707,0
30.26,0,15.59,17.34,0,1,0.118,1,0,822,0
13.43,10,31.66,5.1,1,0,0.536,0,2,467,1
24.41,3,45.0,20.81,1,0,0.548,0,2,285,1
113.22,0,11.42,1.93,1,0,0.263,1,5,1298,0
14.79,11,6.8,20.9,1,0,0.384,1,2,332,0
8.22,17,17.54,0.31,0,1,0.354,1,2,657,0
85.0,3,27.71,6.03,1,0,0.602,1,2,564,0
54.18,20,1.17,17.63,1,0,0.107,1,2,1690,0
17.81,12,12.92,19.98,1,0,0.196,0,1,1318,0
6.81,11,16.06,2.05,1,0,0.345,1,2,1598,0
15.73,22,14.27,14.29,1,0,0.101,1,2,722,0
31.35,7,4.12,13.01,0,0,0.382,0,2,1412,0
106.24,4,12.97,14.99,0,0,0.063,1,2,1311,0
11.74,18,16.28,53.15,0,0,0.136,0,2,1098,0
30.43,2,7.99,57.44,1,0,0.469,0,1,584,0
65.05,20,22.97,25.19,1,0,0.441,0,4,904,0
3.06,19,35.27,3.47,1,0,0.609,1,2,1129,0
93.11,23,36.23,5.67,0,0,0.185,1,2,812,0
10.15,11,9.99,10.67,0,0,0.448,1,5,587,0
46.15,14,27.3,6.07,0,0,0.421,0,0,1777,0
42.38,21,25.54,3.5,0,0,0.572,0,2,1118,0
97.96,3,65.35,20.26,1,0,0.388,0,1,865,1
57.45,7,27.4,1.98,0,0,0.161,0,3,1280,0
3.07,11,28.69,0.37,1,0,0.211,1,5,1456,0
15.11,15,40.65,16.64,1,0,0.207,0,3,429,0
38.02,16,5.38,16.15,0,0,0.275,1,3,30,0
27.25,22,19.48,1.35,0,0,0.19,1,0,1062,0
53.39,11,58.88,1.3,0,0,0.11,1,4,1374,0
72.92,4,59.74,8.53,0,0,0.254,0,3,1502,1
60.85,4,12.97,11.44,0,0,0.261,1,1,1176,0
26.73,19,57.75,6.28,0,0,0.139,0,0,313,0
5.23,11,14.72,4.99,0,0,0.45,1,1,1077,0
21.0,15,23.63,8.05,1,0,0.204,1,3,1216,0
50.22,13,3.37,15.56,1,0,0.189,1,1,751,0
11.13,19,49.25,1.45,1,0,0.285,1,2,1265,0
62.26,5,14.09,9.85,1,0,0.176,1,2,245,0
82.14,4,4.28,3.5,0,0,0.102,1,1,1681,0
37.59,17,16.63,48.18,0,0,0.242,1,3,597,0
1.55,10,0.71,10.42,0,0,0.195,0,3,115,0
9.22,19,30.63,29.06,1,0,0.451,1,3,520,0
218.37,3,42.87,14.84,0,0,0.24,0,3,1263,0
19.17,6,7.02,37.67,0,0,0.517,1,3,1281,0
4.55,23,6.76,8.19,1,0,0.364,0,2,967,0
113.89,20,28.96,9.3,1,0,0.375,1,2,30,1
33.56,1,31.69,7.08,0,1,0.332,0,2,395,0
99.98,19,10.44,4.06,1,0,0.232,1,1,714,0
43.68,1,8.03,1.59,0,0,0.294,1,1,737,0
52.38,2,37.48,11.51,0,0,0.656,1,3,314,0
47.61,21,3.8,19.67,1,0,0.144,1,1,802,0
66.52,3,12.33,7.73,1,0,0.125,1,0,1382,0
322.93,7,7.83,5.3,1,0,0.522,0,2,926,0
87.44,3,28.62,28.27,1,0,0.277,1,2,1623,0
6.82,14,8.46,2.59,0,0,0.165,0,1,864,0
51.76,1,41.2,8.91,1,0,0.335,1,0,1621,0
103.7,6,11.91,16.79,1,0,0.289,1,3,1756,0
110.24,7,24.81,3.4,1,0,0.33,1,0,1087,0
21.62,15,8.62,9.02,0,0,0.147,0,1,968,0
106.16,11,21.24,20.26,1,0,0.106,1,1,1528,0
83.74,4,9.72,3.34,1,1,0.576,1,2,1452,0
433.77,11,6.37,15.17,1,0,0.437,1,1,756,0
15.64,11,31.55,0.99,1,0,0.125,0,3,747,0
19.94,8,8.38,7.59,1,0,0.443,1,1,1123,0
24.38,12,8.53,23.08,1,0,0.218,0,1,280,0
20.28,7,19.77,15.72,0,0,0.66,0,5,1134,1
13.6,8,22.63,24.25,0,0,0.296,1,1,918,0
2.09,18,6.12,7.88,0,0,0.289,0,1,362,0
21.44,6,26.88,3.73,0,0,0.348,1,3,703,0
47.91,7,9.08,8.28,1,0,0.318,1,1,1151,0
20.22,3,4.56,21.06,0,1,0.08,1,0,801,0
229.38,16,13.89,31.2,0,0,0.381,0,3,1049,0
33.56,16,13.7,42.83,0,0,0.143,0,0,1256,0
120.43,16,25.19,5.47,1,0,0.191,0,2,1674,0
43.01,4,67.06,0.77,0,0,0.276,1,3,719,0
75.67,10,19.49,0.44,0,0,0.296,1,4,839,0
43.78,7,27.93,1.92,1,0,0.032,0,0,984,0
130.16,18,3.25,19.36,1,0,0.326,1,0,1852,0
35.02,8,42.62,13.39,1,0,0.462,0,1,1435,0
54.39,9,15.93,14.16,0,0,0.184,0,1,463,0
47.77,10,5.0,8.12,0,0,0.249,1,0,173,0
24.82,18,41.45,5.45,1,0,0.35,0,1,1542,0
49.65,16,16.52,27.95,1,1,0.179,1,2,1002,0
309.32,19,36.62,0.17,1,0,0.044,1,4,1622,0
25.27,10,72.17,2.14,0,1,0.165,1,1,1663,0
50.37,19,3.71,16.29,1,0,0.024,1,4,679,0
116.49,20,8.72,6.08,0,0,0.107,1,1,874,0
103.57,12,31.93,18.74,1,0,0.401,1,1,1283,0
33.51,16,17.48,17.15,1,1,0.184,0,4,504,0
3.05,21,0.85,15.56,1,0,0.151,1,3,964,0
55.52,20,12.57,14.85,1,0,0.52,1,3,813,0
3.6,6,14.44,20.3,0,0,0.201,0,4,680,0
144.02,17,16.54,20.31,1,0,0.261,1,2,1249,0
39.23,10,8.41,9.12,0,0,0.19,1,3,869,0
89.99,3,50.59,6.98,0,0,0.089,0,0,507,0
13.44,8,3.26,12.48,0,0,0.286,1,1,1375,0
7.01,23,23.79,25.02,0,0,0.449,0,3,1485,0
42.98,22,10.55,3.78,1,0,0.388,0,1,1392,0
32.02,18,9.84,7.56,0,0,0.395,1,2,628,0
20.26,23,45.85,5.18,1,1,0.366,0,2,1116,1
36.04,13,13.78,3.0,0,1,0.433,1,2,981,0
527.12,18,23.89,5.71,0,1,0.316,1,1,958,0
76.29,3,33.57,1.77,0,0,0.225,1,3,1175,0
94.58,7,18.16,1.44,1,0,0.26,1,0,1229,0
77.01,4,46.31,33.96,0,0,0.368,1,0,1694,0
145.4,22,4.44,2.61,0,0,0.344,1,1,1165,0
27.38,14,25.05,15.44,1,1,0.569,0,3,1104,1
4.24,22,67.57,42.75,1,0,0.134,1,5,1121,0
27.42,9,23.42,23.35,1,0,0.071,1,1,1753,0
74.57,9,2.39,14.93,0,0,0.457,0,2,235,0
12.56,16,25.75,17.25,1,1,0.462,1,2,1456,0
27.76,13,52.07,5.28,1,1,0.269,1,1,1196,1
16.58,8,12.72,23.8,0,0,0.172,0,3,941,1
148.71,7,12.58,36.43,1,0,0.04,1,1,1094,0
70.07,12,30.96,6.41,0,1,0.332,1,4,1630,0
63.53,1,26.81,1.35,0,1,0.275,1,2,1180,0
61.66,4,18.72,19.64,1,0,0.224,0,2,1204,0
31.9,1,9.01,52.42,1,1,0.118,0,3,910,1
40.35,3,11.5,2.97,1,0,0.478,1,6,1358,0
10.12,4,6.59,7.67,1,0,0.656,1,3,1375,0
3.72,1,2.05,4.87,1,0,0.464,1,1,30,1
38.48,1,42.65,11.01,0,0,0.079,1,2,1087,0
45.79,19,32.25,4.05,1,0,0.326,0,2,2190,0
110.97,4,29.85,7.4,0,0,0.509,1,2,1762,0
159.39,13,29.42,2.7,1,0,0.54,0,0,1488,0
159.17,2,14.85,0.48,1,0,0.217,1,3,952,0
12.21,22,13.16,8.25,0,0,0.209,1,1,1533,0
23.28,5,5.06,16.42,1,0,0.587,0,1,1082,1
53.53,17,34.32,1.87,1,0,0.425,1,1,89,0
416.51,15,96.11,46.18,1,0,0.372,0,3,879,1
145.49,18,24.89,14.03,1,0,0.384,1,2,195,0
101.43,15,38.07,5.29,0,1,0.273,1,2,911,0
22.47,12,38.19,26.93,1,0,0.222,0,3,2080,0
13.69,18,54.51,20.3,1,0,0.327,0,1,604,0
72.89,19,7.89,15.74,0,0,0.149,1,3,1375,0
11.02,9,3.33,10.6,1,0,0.12,1,2,232,0
26.09,22,21.06,5.45,1,0,0.287,1,0,1037,0
29.52,23,16.06,12.83,1,0,0.427,0,4,121,0
162.86,17,90.48,10.56,0,0,0.556,0,1,251,1
23.23,22,6.7,25.8,0,1,0.234,1,1,1262,0
2.89,2,66.86,14.73,1,0,0.414,1,0,832,0
54.84,12,16.2,6.65,1,0,0.069,0,0,864,0
16.46,15,5.89,6.53,0,0,0.084,0,5,908,0
34.56,22,58.27,3.91,1,0,0.125,1,2,30,0
30.37,2,8.02,11.11,1,0,0.474,1,0,686,0
25.19,19,38.25,5.75,0,0,0.599,1,0,898,0
72.99,1,21.57,2.15,1,0,0.114,0,3,1097,0
7.15,8,66.69,18.82,1,0,0.433,1,4,30,0
19.75,16,44.5,5.18,0,0,0.61,1,1,1420,0
65.63,6,15.83,7.04,1,0,0.482,0,1,376,1
17.92,20,58.49,30.22,1,0,0.071,1,3,1177,0
6.63,22,27.38,21.26,0,0,0.202,1,3,939,0
64.62,3,19.14,14.54,1,0,0.261,0,2,1383,0
101.81,6,21.19,11.0,0,0,0.259,0,2,1681,0
31.66,1,39.38,35.58,1,0,0.342,1,4,944,0
4.66,17,15.14,7.27,0,0,0.415,0,1,1039,0
67.09,21,11.59,4.04,0,0,0.427,1,2,30,0
6.3,14,9.2,25.71,1,0,0.173,1,1,519,0
45.1,3,24.62,14.56,1,0,0.13,1,1,421,0
13.63,4,9.85,3.11,1,1,0.43,1,3,870,1
10.38,0,39.81,14.59,0,1,0.317,0,3,871,0
21.29,11,14.82,1.38,0,1,0.304,1,2,847,0
27.57,17,29.07,21.73,0,0,0.075,1,1,1060,0
17.39,3,46.37,11.42,0,1,0.672,0,3,1983,1
59.66,20,55.67,13.01,1,0,0.16,0,0,1300,0
21.2,6,22.63,13.74,1,0,0.114,1,2,1221,0
88.25,12,1.67,14.4,0,0,0.297,0,1,922,0
43.87,16,1.83,8.66,0,0,0.055,0,1,930,0
16.48,12,39.02,9.56,1,0,0.341,0,4,1128,0
13.93,11,7.46,5.68,1,1,0.32,1,2,917,0
6.38,8,14.22,11.04,1,0,0.189,0,1,1784,0
44.29,10,43.39,8.69,0,0,0.463,1,1,497,0
23.23,5,11.73,10.1,0,0,0.161,1,1,1261,0
3.09,7,5.08,1.9,0,0,0.391,0,3,552,0
19.38,18,14.63,4.7,0,0,0.201,0,0,1114,0
13.45,21,33.57,7.84,1,0,0.366,1,2,1169,0
160.08,20,11.52,2.64,0,0,0.438,0,2,1117,0
6.03,7,30.12,0.87,1,0,0.241,0,3,808,0
7.84,7,5.27,11.04,1,0,0.388,1,2,298,0
100.48,1,8.93,2.97,0,0,0.234,1,1,729,0
128.61,6,14.82,4.71,0,0,0.275,1,3,1140,0
15.72,14,47.65,12.73,0,1,0.177,1,4,30,0
17.6,6,12.91,18.21,0,0,0.461,0,0,1088,0
61.33,17,11.25,5.88,1,0,0.315,1,1,774,0
3.23,1,11.29,21.72,1,0,0.364,1,1,276,0
5.15,9,30.1,26.29,1,0,0.244,0,3,983,0
25.01,6,36.07,8.27,1,0,0.407,0,7,1687,1
156.01,11,46.12,8.26,0,1,0.526,1,1,1476,0
21.42,0,74.21,4.42,1,0,0.238,0,1,479,0
36.63,10,24.75,10.32,1,0,0.242,1,2,1979,0
102.9,18,9.98,18.28,0,0,0.24,1,3,1194,0
272.29,20,16.68,24.82,0,0,0.31,0,0,1317,0
18.6,6,7.86,3.13,1,1,0.242,1,4,944,0
32.56,10,21.27,8.82,0,0,0.421,1,3,748,0
204.8,16,9.23,15.66,1,1,0.096,0,1,94,0
7.23,11,45.92,0.94,0,0,0.221,0,2,1693,0
92.53,13,23.25,0.01,1,0,0.276,1,2,1100,0
11.96,8,56.79,8.47,0,0,0.242,0,1,803,0
36.69,20,35.11,3.25,1,0,0.014,1,1,1478,0
25.98,15,32.74,2.7,0,0,0.348,0,3,1025,0
12.7,23,5.04,3.47,1,0,0.317,1,0,279,0
12.39,18,30.06,3.52,1,0,0.603,1,2,905,0
43.66,8,73.11,12.51,1,0,0.09,1,3,663,0
89.62,7,13.26,0.29,0,0,0.064,1,6,688,0
29.09,2,40.93,11.72,1,0,0.168,0,1,1672,0
35.52,14,3.53,6.28,1,1,0.434,0,1,1171,0
58.63,17,6.73,1.59,0,1,0.317,1,2,1294,0
12.53,8,17.69,14.56,0,0,0.148,1,1,1518,0
69.39,0,11.42,12.3,0,0,0.262,0,0,1265,0
75.14,19,9.1,3.87,0,1,0.04,0,2,1262,0
447.48,5,11.48,13.79,0,0,0.231,1,1,1221,0
22.73,13,27.58,23.38,0,0,0.25,1,1,991,0
20.95,1,41.3,0.39,1,0,0.255,1,0,996,1
71.45,1,29.39,2.77,1,0,0.095,1,1,554,0
75.12,21,30.7,16.82,1,0,0.538,0,3,749,1
19.39,16,18.34,7.33,0,0,0.171,0,0,1085,0
22.13,0,6.54,5.66,0,0,0.716,1,1,1028,0
56.89,2,17.15,15.86,1,1,0.097,0,4,579,0
14.47,11,21.71,4.76,0,1,0.641,1,0,832,0
21.97,16,42.65,16.11,1,1,0.13,1,2,738,0
36.22,10,63.19,2.12,0,0,0.112,1,1,1513,0
89.65,20,25.82,8.49,1,0,0.219,1,1,883,0
18.09,15,39.5,18.61,0,0,0.568,1,3,689,0
5.25,14,1.21,1.16,1,1,0.313,1,5,375,0
4.87,6,14.6,3.54,1,0,0.323,1,2,343,0
9.4,16,18.27,5.64,0,0,0.162,1,1,173,0
8.91,20,28.82,33.08,1,0,0.138,1,0,1186,0
28.37,1,64.25,11.18,1,0,0.339,1,1,334,0
10.09,17,24.62,1.67,1,0,0.416,0,4,386,0
16.4,21,2.98,37.25,1,0,0.203,1,2,30,0
15.27,10,30.98,30.8,1,1,0.138,0,5,579,0
21.32,18,13.67,10.42,1,0,0.232,1,2,48,0
124.28,8,28.73,45.51,1,0,0.263,1,3,100,0
64.2,4,32.92,4.4,1,0,0.332,1,0,1265,0
33.65,19,2.72,6.48,0,0,0.119,1,0,895,0
20.88,7,17.47,2.82,1,0,0.413,0,0,616,0
21.47,18,18.02,15.96,0,0,0.249,1,2,1356,0
45.96,7,24.39,40.17,0,0,0.189,1,0,748,0
59.39,9,9.79,20.76,0,0,0.111,1,1,261,0
13.36,16,7.33,3.14,0,0,0.815,1,4,1277,1
34.35,8,63.51,4.74,1,0,0.596,1,1,1241,0
4.34,19,22.47,18.73,1,0,0.295,1,1,467,0
40.92,0,8.13,3.01,0,0,0.317,1,2,604,0
70.96,0,11.72,8.38,0,0,0.2,0,2,641,0
25.03,1,65.58,1.01,1,0,0.015,1,1,1706,0
203.68,6,48.69,6.38,0,0,0.12,0,3,630,0
13.72,1,10.57,10.39,1,0,0.482,0,1,697,0
41.16,9,6.64,10.85,0,0,0.025,0,1,515,0
31.95,0,7.16,14.4,0,0,0.38,0,5,490,1
29.96,18,45.01,29.15,0,1,0.545,0,3,1130,1
29.54,3,12.87,21.84,1,0,0.105,1,1,1573,0
36.86,23,4.05,20.39,0,0,0.4,1,2,474,0
77.32,20,12.06,17.98,0,0,0.238,0,1,30,1
131.33,16,24.18,10.97,0,0,0.666,1,1,940,0
33.04,19,17.21,8.51,1,0,0.091,1,1,30,0
74.84,18,49.29,22.81,1,0,0.43,1,2,753,0
16.42,20,24.42,18.52,0,0,0.423,0,2,881,0
71.23,13,27.12,4.04,0,0,0.098,1,2,159,0
15.46,14,37.76,15.45,0,1,0.632,0,3,981,0
98.56,11,36.3,11.16,1,0,0.174,1,2,806,0
302.06,14,12.0,13.5,1,0,0.141,1,1,30,0
29.31,9,6.76,25.46,0,0,0.036,1,2,436,0
3.7,2,22.89,4.38,0,1,0.184,1,1,859,0
19.14,22,20.43,3.88,1,0,0.205,1,3,1341,0
113.51,16,24.56,12.11,1,0,0.277,1,2,583,0
57.57,16,26.21,4.88,0,0,0.348,1,2,698,0
42.47,6,60.15,1.4,1,0,0.307,1,0,365,0
90.8,18,15.08,2.49,1,0,0.329,1,5,981,0
53.76,12,27.03,45.71,0,0,0.082,0,1,816,0
111.91,1,6.73,10.29,0,0,0.078,1,3,1131,0
83.05,22,9.08,15.81,1,0,0.179,1,0,552,0
151.67,23,19.4,7.71,0,0,0.038,1,3,434,1
47.41,20,7.84,23.54,0,0,0.206,1,4,692,0
81.88,11,31.43,0.34,0,0,0.192,0,4,788,0
24.36,5,27.95,32.81,1,0,0.322,0,2,1028,1
18.15,0,10.71,10.1,0,0,0.339,1,1,1153,0
182.5,17,16.03,4.84,1,0,0.212,1,3,1079,1
41.11,21,45.35,29.19,1,0,0.339,0,3,676,0
74.06,2,22.68,14.96,0,0,0.235,1,2,1392,0
37.48,16,85.47,8.74,1,0,0.228,1,3,995,0
18.42,0,16.05,1.66,1,0,0.265,0,3,1654,0
33.48,18,17.68,9.05,1,0,0.053,0,3,1187,0
139.21,0,19.4,11.28,1,0,0.285,1,1,30,0
57.7,23,3.46,12.64,0,0,0.347,1,0,144,0
5.98,4,16.99,4.15,0,0,0.437,0,3,1654,0
26.7,9,16.5,4.3,1,0,0.406,1,4,1189,0
196.82,16,33.62,2.39,0,0,0.225,0,0,922,0
26.74,20,46.68,4.71,0,0,0.375,1,3,1932,0
5.47,8,14.88,17.24,1,0,0.599,1,1,30,0
219.87,23,1.66,38.6,0,0,0.285,1,0,431,0
65.52,0,21.9,7.5,1,0,0.173,1,2,1016,0
30.88,11,7.75,12.99,0,1,0.182,1,2,754,0
22.84,23,23.47,2.22,1,0,0.152,0,1,1370,0
97.74,6,22.99,2.3,0,0,0.042,0,3,1902,0
19.26,12,9.96,22.43,1,0,0.18,0,1,1304,0
104.4,10,22.04,0.21,0,0,0.353,0,2,30,0
56.95,9,4.21,15.09,0,0,0.441,1,2,1735,0
42.3,18,24.63,15.66,1,1,0.153,1,0,874,0
38.3,12,36.01,22.98,0,0,0.35,1,2,565,0
27.8,17,28.91,13.66,1,1,0.202,0,2,30,1
94.22,12,12.25,1.51,1,0,0.163,1,0,915,0
13.94,23,34.04,27.24,0,0,0.11,1,2,82,0
6.54,11,31.19,5.63,1,0,0.351,0,4,505,0
61.22,19,32.26,25.64,1,0,0.231,0,3,178,0
62.25,14,50.76,21.32,1,0,0.321,0,0,714,0
53.53,19,26.48,13.21,1,0,0.191,1,3,708,0
49.79,21,6.97,21.49,0,0,0.404,1,2,301,0
24.03,5,8.24,30.19,0,0,0.306,1,2,765,0
72.78,7,26.5,15.04,1,0,0.12,1,1,1153,0
31.64,7,16.77,19.51,1,0,0.018,1,0,823,0
20.35,11,14.2,3.57,0,0,0.216,0,3,2108,0
24.24,11,30.51,18.29,0,0,0.299,0,1,647,0
249.79,0,5.69,3.48,1,0,0.186,1,5,817,0
5.84,21,30.97,12.03,1,0,0.247,1,0,1464,0
54.59,20,15.94,4.9,0,0,0.175,1,2,433,0
6.18,14,25.16,6.25,1,0,0.128,0,0,1214,0
29.72,7,6.25,33.28,0,0,0.201,1,3,362,0
21.46,19,31.88,9.86,1,0,0.375,0,0,549,0
4.12,6,40.76,11.93,1,0,0.044,1,5,1031,0
48.86,7,136.38,18.98,1,1,0.246,0,6,498,0
22.65,23,23.88,11.17,0,0,0.27,0,1,649,0
4.06,22,39.71,18.02,1,0,0.117,1,3,30,0
76.67,14,7.82,19.48,0,0,0.308,0,4,1712,0
139.07,4,48.83,5.76,0,0,0.366,1,4,1238,0
146.95,2,4.58,2.79,1,0,0.165,0,2,1073,0
47.42,23,62.89,11.03,1,0,0.391,1,2,585,0
34.68,6,22.05,6.29,0,0,0.06,0,2,30,0
124.98,16,5.08,20.85,1,0,0.664,0,2,1083,1
178.11,8,14.55,6.5,0,0,0.019,1,1,1073,0
102.88,11,39.4,30.01,0,0,0.453,1,2,30,0
12.92,23,17.04,30.92,0,0,0.381,0,1,151,0
40.5,14,16.85,27.99,1,1,0.375,0,3,856,0
51.39,10,36.78,16.74,0,0,0.2,1,3,1040,0
5.42,9,18.24,5.08,0,0,0.593,0,3,814,0
52.95,5,46.66,7.37,0,1,0.064,1,2,30,0
321.5,13,11.91,16.49,0,0,0.054,0,1,965,0
62.8,13,3.12,8.9,1,0,0.106,0,3,815,0
144.52,2,19.13,8.39,0,0,0.142,0,1,166,0
39.76,9,21.03,29.09,1,0,0.264,1,2,892,0
30.78,15,11.5,2.1,1,0,0.386,1,0,561,0
48.49,1,24.61,17.35,0,0,0.093,0,3,30,0
14.65,23,3.79,15.61,0,0,0.081,1,0,901,0
12.63,20,25.17,11.73,0,0,0.5,1,3,1353,0
117.48,15,6.62,3.32,0,1,0.23,1,0,1475,0
130.63,0,5.06,7.5,1,0,0.13,0,2,1294,0
12.29,12,20.56,11.53,0,0,0.533,1,4,734,0
87.18,21,4.63,2.86,1,0,0.248,0,0,542,0
30.36,0,1.96,24.77,0,1,0.434,1,3,277,0
46.52,19,27.79,10.41,0,0,0.415,0,2,30,0
52.47,20,7.42,9.7,1,0,0.233,0,0,938,0
89.51,1,30.0,18.21,1,0,0.256,1,4,953,0
35.97,5,15.42,33.93,0,0,0.117,1,2,663,0
135.66,17,20.54,7.31,0,0,0.689,1,0,1488,0
45.12,21,39.86,2.5,0,0,0.325,1,3,1406,0
61.82,18,26.65,37.1,0,0,0.34,0,2,1163,0
14.39,12,30.48,12.66,1,0,0.144,0,2,521,1
286.76,14,29.66,48.29,1,0,0.273,0,2,1784,0
52.98,12,10.55,30.45,1,0,0.39,0,2,1569,0
67.56,13,25.74,4.48,0,0,0.027,0,1,195,0
6.63,18,8.39,8.62,1,0,0.106,1,4,1013,0
14.55,1,25.78,0.21,0,0,0.181,0,0,1180,0
114.19,5,14.81,5.06,0,0,0.252,0,4,352,1
44.12,1,17.47,2.02,1,0,0.424,1,1,1276,0
4.89,19,58.01,5.54,1,0,0.676,1,1,1483,0
93.53,17,28.73,1.13,1,0,0.373,1,2,527,0
19.23,1,11.3,4.03,0,0,0.244,1,0,733,0
135.82,2,3.76,5.35,1,0,0.234,0,2,1171,0
30.33,6,21.07,9.69,1,0,0.333,1,0,1726,0
40.64,5,4.35,1.58,1,0,0.318,1,1,1175,1
107.66,12,63.21,25.64,0,0,0.282,1,2,617,0
13.5,11,17.89,5.11,0,1,0.261,1,1,678,0
12.27,8,37.02,13.31,0,0,0.416,1,3,1065,0
27.21,3,5.42,4.89,1,0,0.367,0,1,936,1
75.73,15,28.18,10.25,1,0,0.168,0,2,893,0
8.75,18,42.72,9.32,1,0,0.353,0,3,253,0
6.25,15,29.93,26.57,0,0,0.244,0,3,1003,0
75.47,19,35.01,7.93,1,0,0.056,1,0,1152,0
18.12,21,26.26,8.39,1,0,0.469,0,2,600,0
22.37,20,13.68,3.07,0,0,0.195,0,1,1162,0
5.17,15,8.72,1.1,0,0,0.262,1,2,1392,0
16.79,1,10.08,12.62,1,0,0.103,1,6,1280,0
32.87,8,64.25,12.87,0,0,0.265,0,1,1578,0
83.96,10,22.84,11.56,0,1,0.261,1,2,331,0
15.31,17,45.62,21.51,1,0,0.128,0,2,1168,1
173.71,20,11.91,9.55,0,0,0.108,1,2,1717,0
16.7,15,33.5,6.49,1,1,0.178,1,1,1590,0
16.73,8,8.13,11.32,0,0,0.123,1,3,30,0
154.06,18,15.77,8.15,1,0,0.123,0,4,651,0
40.91,16,13.14,1.85,1,0,0.119,1,2,1009,0
19.07,19,59.24,23.3,1,0,0.251,1,3,30,0
28.36,14,9.51,4.93,1,1,0.177,0,2,1072,0
128.13,15,30.81,8.67,0,0,0.36,0,2,46,0
143.48,8,26.79,5.44,1,0,0.315,1,1,688,0
14.63,9,5.96,26.37,0,0,0.436,1,2,574,0
31.74,6,45.97,5.66,1,0,0.016,0,2,596,0
36.24,6,49.8,29.66,0,0,0.274,1,0,732,0
12.35,15,22.92,4.44,1,0,0.447,1,1,30,0
31.32,9,20.02,17.39,0,0,0.132,1,0,1128,0
33.29,3,3.05,8.36,1,0,0.143,0,3,1005,1
103.57,0,5.07,1.43,1,0,0.36,0,4,1101,0
110.77,20,15.41,28.89,1,1,0.282,1,0,1453,0
23.83,10,8.39,4.07,0,0,0.339,0,3,1393,0
26.74,13,37.06,6.74,1,0,0.271,1,2,892,0
64.35,21,4.86,12.37,0,0,0.242,1,1,1082,0
18.45,2,4.38,2.57,1,1,0.124,1,0,1421,0
59.66,22,28.78,4.79,0,0,0.298,1,4,363,0
30.33,16,25.4,7.73,1,0,0.389,1,0,1090,0
12.56,15,21.65,1.28,1,0,0.246,1,3,355,1
12.72,10,33.59,11.34,0,0,0.315,0,2,280,0
140.76,16,11.03,2.22,1,0,0.398,1,3,558,0
28.32,4,13.66,17.09,1,0,0.336,1,3,861,0
170.78,7,24.8,23.61,0,0,0.111,1,1,1104,0
19.81,23,22.81,18.01,0,0,0.322,0,2,438,0
44.31,6,9.08,20.03,1,0,0.791,0,0,1549,0
362.37,17,41.48,7.39,1,0,0.506,1,1,985,0
11.5,22,6.14,1.93,1,0,0.134,0,4,745,0
4.96,14,14.63,22.74,1,0,0.285,1,2,677,0
119.89,7,6.61,4.9,0,0,0.659,1,2,666,0
14.49,20,83.41,9.06,1,0,0.194,0,0,342,0
32.44,19,20.46,3.48,0,0,0.087,0,4,322,0
18.43,13,7.89,2.94,0,0,0.189,1,2,738,0
43.3,2,13.23,12.08,0,0,0.161,0,3,763,0
12.8,10,24.53,10.12,1,1,0.392,1,0,1226,0
27.66,10,36.86,1.33,1,0,0.108,0,1,1950,0
51.93,4,8.66,5.15,1,0,0.157,0,1,1075,0
12.08,9,51.61,37.74,1,0,0.221,1,0,366,0
16.44,3,19.83,15.42,1,0,0.192,0,2,682,0
23.4,16,28.99,4.59,0,0,0.104,1,2,1854,0
7.93,10,12.36,6.5,0,0,0.33,1,1,1945,0
21.7,17,25.95,9.92,1,0,0.469,1,3,951,0
37.29,10,11.56,6.53,1,0,0.366,1,3,1727,0
22.21,17,13.86,27.43,0,0,0.373,0,3,1440,0
25.24,17,37.88,14.65,0,0,0.491,1,4,1113,0
32.46,3,27.79,18.05,1,0,0.399,1,0,1034,1
17.19,10,15.09,19.61,0,0,0.213,0,2,1465,0
66.09,17,36.4,14.57,0,0,0.356,1,0,1416,0
139.21,14,23.91,16.35,1,0,0.531,1,3,293,0
20.81,5,2.44,26.52,0,0,0.27,1,1,506,0
53.8,19,17.55,17.03,0,0,0.138,0,2,967,0
26.06,4,37.28,2.66,0,0,0.028,0,1,723,0
47.73,23,62.89,34.18,0,1,0.348,1,1,294,1
158.5,16,7.15,0.89,1,0,0.41,1,2,40,0
55.07,7,35.53,14.11,1,0,0.173,1,0,641,0
5.62,4,19.72,10.85,0,0,0.192,0,2,508,0
52.14,21,5.96,5.99,1,0,0.289,1,0,1344,0
113.62,12,6.51,19.68,1,0,0.397,1,1,1411,1
26.53,19,7.43,8.32,1,0,0.364,1,4,815,0
89.63,19,4.14,14.81,0,0,0.414,1,3,1221,0
16.61,1,5.41,2.29,0,0,0.283,0,2,672,0
7.5,16,20.35,22.59,0,0,0.457,0,3,1865,0
38.14,8,2.37,21.02,0,0,0.048,1,2,1138,0
5.72,21,8.79,9.7,0,0,0.326,0,3,1360,0
26.06,5,13.99,3.65,1,0,0.183,0,0,982,0
119.92,0,8.84,23.85,1,0,0.35,1,3,1374,0
4.9,15,4.76,0.99,1,0,0.387,1,2,1534,0
9.21,13,19.21,10.17,1,0,0.581,1,2,231,0
11.8,13,8.67,7.25,1,0,0.296,1,0,1196,0
31.08,6,9.34,13.74,1,0,0.532,0,2,988,0
22.97,11,16.87,7.12,1,0,0.452,1,3,269,0
134.17,23,30.65,20.12,0,0,0.111,0,0,840,0
86.0,18,10.76,2.65,0,0,0.298,1,5,495,0
54.34,23,11.28,24.0,0,0,0.657,0,1,1346,0
38.31,7,5.72,8.57,1,1,0.086,0,2,539,0
49.07,20,36.97,5.71,1,0,0.124,1,2,1380,0
13.99,9,19.48,13.46,1,0,0.316,1,2,641,0
78.04,22,35.28,19.21,1,0,0.391,0,1,413,0
10.89,20,39.51,7.86,1,0,0.287,1,2,384,0
76.35,3,10.63,8.57,1,0,0.298,1,0,1639,0
108.43,23,33.36,4.2,1,0,0.229,1,2,1049,0
40.89,14,21.06,0.9,0,0,0.124,0,6,760,1
27.77,18,11.52,5.39,0,0,0.021,1,2,1542,0
49.42,13,9.94,9.82,1,0,0.457,1,2,1913,0
1.89,5,19.05,6.74,1,0,0.038,1,3,581,0
44.8,23,22.83,6.77,1,0,0.312,0,0,1581,1
29.57,2,1.64,2.61,0,0,0.109,1,1,796,0
31.48,19,13.05,3.18,1,0,0.329,1,0,1004,0
67.12,5,22.08,2.54,1,0,0.179,1,1,611,0
30.73,18,26.29,10.05,1,0,0.544,1,2,1096,0
10.59,10,16.77,13.93,1,0,0.484,1,2,1270,0
28.75,5,25.69,10.42,1,0,0.444,1,2,1284,0
35.43,5,9.95,14.58,0,0,0.617,1,2,487,0
37.15,7,25.19,3.12,0,0,0.31,1,1,1653,0
38.94,21,22.62,9.32,0,1,0.447,1,5,1968,0
93.63,18,39.05,5.8,1,0,0.068,0,2,1271,0
11.18,16,53.48,8.01,0,0,0.391,1,1,1474,0
39.48,15,39.75,1.46,1,0,0.27,0,2,142,0
120.29,10,15.08,2.46,1,0,0.411,1,3,511,0
5.84,21,6.07,9.77,1,1,0.156,1,1,1684,0
39.63,6,8.78,4.17,1,0,0.107,1,1,1536,0
18.44,22,52.47,4.47,0,0,0.434,0,0,1036,0
22.86,9,19.85,7.39,0,0,0.318,0,2,721,0
13.4,8,23.32,14.15,1,0,0.179,1,2,965,0
27.95,11,35.25,18.85,0,1,0.076,1,0,1180,0
208.77,17,18.9,1.02,1,1,0.362,0,1,1456,0
9.35,17,44.13,5.52,0,0,0.232,0,0,821,0
10.28,18,5.33,10.93,1,0,0.085,1,3,146,0
9.01,2,27.23,13.61,1,0,0.283,1,0,1068,0
186.31,3,64.11,17.53,0,0,0.067,1,2,217,0
20.86,20,46.68,12.46,1,0,0.593,0,0,1726,0
32.28,23,48.62,4.65,1,0,0.489,1,1,1273,0
22.14,3,4.77,10.72,0,0,0.189,0,1,1610,0
12.88,21,22.33,9.57,1,0,0.521,0,4,1368,0
26.18,6,17.05,2.3,1,0,0.277,0,0,1241,0
386.93,23,8.73,4.1,1,0,0.322,1,6,408,0
133.23,23,22.61,11.8,0,0,0.626,1,2,675,1
14.11,15,6.13,17.57,1,0,0.226,0,2,531,0
63.28,4,25.64,5.2,0,1,0.33,0,1,698,0
14.42,18,8.12,37.74,1,0,0.238,1,3,912,0
5.6,2,24.67,0.14,1,0,0.768,1,1,541,0
91.79,8,9.13,8.82,1,0,0.088,1,0,306,0
105.65,15,14.36,9.76,1,0,0.301,1,1,30,0
94.26,1,13.23,20.38,1,0,0.282,1,3,368,0
20.7,9,16.77,4.5,1,0,0.162,1,1,1159,0
28.03,19,18.19,5.36,0,0,0.578,0,4,933,0
70.09,2,13.28,5.46,0,0,0.172,0,1,1188,0
48.98,8,7.31,19.57,0,0,0.054,1,2,750,0
22.34,0,40.95,22.49,0,0,0.164,1,4,725,0
6.56,15,18.83,6.35,1,0,0.651,1,2,1123,1
37.11,1,23.01,3.48,1,0,0.225,1,1,1028,0
97.42,6,13.28,3.6,1,0,0.586,0,2,1044,1
10.0,12,85.14,1.85,1,1,0.204,1,0,863,1
62.72,5,20.15,24.41,0,1,0.398,1,0,1109,1
46.13,5,42.46,8.98,1,0,0.042,1,0,201,0
70.12,20,14.56,18.77,0,0,0.097,0,1,1062,0
79.2,18,28.07,7.04,1,0,0.235,0,2,631,0
16.54,1,16.21,42.07,1,1,0.475,1,2,967,0
6.57,20,37.67,16.38,0,0,0.523,1,2,537,0
19.42,11,12.09,11.95,1,0,0.155,0,0,124,0
80.57,3,6.48,14.1,0,0,0.122,1,1,390,0
19.26,21,22.95,3.24,1,1,0.271,0,3,1234,0
16.54,8,39.51,5.57,1,1,0.152,1,2,721,0
5.36,7,16.61,18.56,1,0,0.658,1,1,907,0
191.07,3,11.81,9.24,1,0,0.611,1,5,1012,0
75.62,21,5.33,14.84,0,0,0.401,0,2,346,0
71.51,6,39.91,6.82,1,0,0.331,1,4,30,0
87.16,14,8.44,8.08,1,0,0.259,1,1,887,0
58.95,5,13.13,22.97,1,0,0.058,1,1,676,0
25.94,21,12.88,10.65,1,0,0.078,1,2,1180,0
28.11,18,17.72,11.07,0,0,0.136,0,5,727,0
21.59,12,27.89,8.5,1,0,0.368,0,3,30,0
461.62,8,68.67,6.12,0,0,0.06,1,0,1283,0
57.74,15,23.72,7.23,1,0,0.245,1,2,1222,0
20.83,11,5.36,9.3,0,0,0.37,0,2,520,0
52.75,22,17.0,23.92,1,0,0.237,1,3,843,0
12.05,16,24.0,9.38,0,0,0.367,1,2,559,0
149.08,0,44.63,20.5,1,1,0.464,1,1,847,0
17.1,19,41.02,3.62,0,0,0.605,1,5,1176,0
54.66,4,16.46,13.37,1,0,0.306,1,1,875,0
96.16,7,19.72,0.83,1,0,0.294,1,2,1125,0
48.66,10,22.0,4.3,1,1,0.251,1,3,243,0
36.4,5,19.78,4.51,0,0,0.035,1,1,208,0
33.48,22,16.98,5.67,1,0,0.185,1,3,1360,0
31.3,23,54.51,20.46,1,0,0.424,0,2,929,1
18.6,3,10.06,0.97,0,0,0.677,1,2,850,0
21.13,7,36.0,22.53,1,0,0.369,0,3,1760,0
145.41,8,31.32,0.8,1,0,0.288,1,1,1645,0
29.71,16,16.45,6.49,1,0,0.146,1,0,1042,0
15.09,14,9.48,6.83,1,0,0.377,0,2,587,0
19.76,16,18.77,28.4,0,0,0.02,0,4,915,0
99.52,0,28.79,15.76,0,0,0.397,1,2,504,0
65.08,12,0.47,35.77,1,0,0.261,1,3,938,0
57.99,5,6.09,39.89,1,0,0.06,1,0,1053,0
25.6,5,1.12,20.34,0,0,0.384,1,3,1599,0
58.75,18,23.2,4.16,0,0,0.364,0,5,802,0
17.4,3,22.39,12.81,1,0,0.356,1,4,970,0
25.54,0,6.81,9.92,0,0,0.608,1,0,934,0
87.34,11,8.81,5.17,0,0,0.173,0,5,1352,0
79.38,17,21.43,19.43,1,0,0.416,1,1,30,1
12.4,12,3.66,1.83,0,0,0.367,1,1,1565,0
14.08,3,30.1,3.57,0,0,0.364,1,4,1195,0
36.92,18,14.94,0.95,0,0,0.462,1,1,431,0
186.07,9,17.76,3.09,1,0,0.543,1,3,414,0
4.88,17,19.01,3.93,1,0,0.468,1,0,244,0
43.74,4,5.47,7.81,1,0,0.199,1,3,1255,0
8.36,21,19.09,20.68,1,1,0.331,1,2,1428,0
17.56,6,27.49,5.49,1,0,0.259,1,3,1084,0
23.0,23,9.64,21.03,1,0,0.515,0,0,1402,0
21.75,9,8.67,39.32,1,0,0.4,1,4,1262,0
19.42,17,65.76,23.35,0,0,0.24,1,2,218,0
33.35,12,7.84,3.33,1,0,0.595,1,2,286,0
19.39,1,12.54,4.61,0,1,0.179,0,0,1006,0
7.67,2,47.86,21.12,1,0,0.583,0,0,143,0
72.23,9,3.37,4.5,1,0,0.148,0,1,383,0
70.31,4,16.09,9.74,0,0,0.384,1,1,1617,0
76.95,14,27.05,13.6,1,1,0.116,1,1,1286,0
7.09,3,16.93,16.7,1,0,0.29,1,4,30,0
44.65,14,2.78,11.01,1,0,0.448,0,3,316,0
65.1,4,6.08,2.44,0,0,0.358,1,3,662,0
11.81,4,2.27,6.16,0,0,0.411,0,0,230,0
33.42,8,15.2,23.32,1,0,0.179,0,1,1276,0
29.48,13,24.06,9.08,1,0,0.086,0,2,56,0
208.96,9,9.57,33.09,0,0,0.245,1,1,891,0
226.9,8,13.35,11.55,0,0,0.073,1,2,829,0
6.27,8,13.29,3.79,1,1,0.304,0,2,1612,0
400.99,8,42.43,14.96,0,0,0.278,0,1,448,0
13.26,9,21.18,24.26,1,0,0.334,0,0,30,0
88.29,20,19.03,10.29,0,0,0.417,0,2,864,0
87.4,13,37.67,10.44,1,1,0.777,0,1,311,1
12.24,10,4.41,12.74,1,1,0.273,1,2,1222,0
54.23,17,20.96,14.0,1,0,0.584,1,4,428,0
29.74,12,11.08,4.75,0,0,0.188,1,1,1191,0
57.65,22,46.62,1.01,0,1,0.657,1,2,1015,0
41.71,13,37.89,15.61,1,0,0.327,0,3,1014,0
109.55,5,11.07,9.16,1,0,0.504,1,3,30,0
35.71,13,14.05,12.91,1,0,0.351,1,1,1344,0
28.0,18,7.39,7.7,1,0,0.299,0,3,986,0
99.09,5,33.63,13.09,0,0,0.092,1,0,1206,0
59.17,4,28.42,3.42,0,0,0.18,1,1,621,0
68.84,14,14.72,6.38,1,0,0.516,0,0,700,0
17.04,21,14.58,3.25,1,0,0.236,1,6,639,0
11.64,8,11.9,6.52,1,0,0.608,1,2,791,0
18.77,12,44.59,1.98,1,0,0.025,1,0,367,0
17.8,15,15.83,16.89,0,0,0.344,1,2,650,0
72.69,15,12.31,27.57,0,0,0.183,1,2,936,0
87.88,3,31.23,2.14,0,0,0.077,1,5,472,0
28.36,9,13.84,9.26,0,1,0.273,0,3,934,0
138.51,23,34.45,7.7,0,0,0.302,0,6,2358,1
130.12,21,51.88,28.43,0,0,0.183,1,4,882,1
42.24,18,9.96,9.83,0,0,0.594,1,1,1440,0
14.56,0,25.99,22.45,1,0,0.301,1,3,2065,0
160.03,10,9.9,16.01,1,1,0.255,1,2,1645,0
31.16,1,69.65,11.76,1,0,0.52,0,1,1600,1
37.57,7,19.98,5.31,1,0,0.171,0,2,1163,0
23.58,20,28.26,11.81,0,0,0.482,1,5,572,0
13.6,9,1.36,3.18,0,0,0.061,0,3,1429,0
7.62,4,11.78,6.33,1,0,0.445,0,3,549,0
62.36,17,31.35,0.82,1,0,0.516,1,2,2077,1
15.13,18,4.37,25.4,1,0,0.554,1,0,1280,0
705.94,15,19.94,10.58,1,0,0.146,1,1,30,0
11.18,19,53.55,24.84,0,1,0.328,1,3,942,0
9.42,16,32.64,10.18,1,0,0.304,0,3,1202,0
55.15,15,26.7,10.89,1,0,0.146,1,0,532,0
152.83,21,12.41,15.24,1,0,0.041,1,2,1137,0
35.32,7,5.75,8.61,0,0,0.182,0,2,532,0
58.69,10,16.82,7.63,0,0,0.23,1,1,1198,0
5.24,13,29.14,6.68,1,0,0.37,1,4,374,0
16.82,16,7.39,3.44,1,0,0.114,1,2,1270,0
11.32,11,32.42,6.72,0,0,0.19,0,3,826,0
4.98,10,20.82,20.8,0,0,0.125,0,1,668,0
37.22,3,8.7,6.13,0,0,0.363,1,3,30,0
3.52,15,3.22,38.19,0,0,0.495,0,1,880,0
8.83,2,4.28,0.96,0,1,0.423,1,1,469,0
19.35,11,16.3,21.52,0,0,0.211,1,2,552,0
14.42,9,40.43,7.35,0,0,0.273,1,3,221,0
49.23,18,8.82,13.79,0,1,0.283,1,3,999,0
44.95,11,44.31,3.73,0,1,0.129,1,4,1059,0
80.95,0,2.76,1.34,0,0,0.398,0,1,1144,0
70.27,12,18.63,18.3,0,1,0.216,0,4,503,0
103.63,5,17.15,24.83,1,0,0.353,1,2,776,0
33.05,9,24.21,9.42,0,0,0.301,1,1,760,0
44.86,7,20.55,6.14,1,0,0.549,1,3,1184,0
55.23,3,12.27,8.79,1,0,0.114,0,2,584,0
38.15,22,12.35,8.77,1,0,0.247,0,2,325,0
22.26,6,35.18,7.21,1,0,0.179,0,0,902,0
23.75,12,19.44,10.36,1,0,0.305,1,2,353,0
14.62,19,1.25,14.42,0,0,0.092,1,1,467,0
50.48,8,13.36,13.41,1,0,0.166,1,1,1616,0
30.14,22,14.4,5.01,0,0,0.341,0,0,349,0
17.06,9,14.33,7.36,1,0,0.495,1,0,828,0
17.08,22,31.52,2.97,1,1,0.529,1,2,923,0
9.87,10,10.72,13.08,1,0,0.33,0,1,588,0
88.13,0,21.93,4.06,1,0,0.334,0,1,1099,0
35.82,20,54.2,5.56,0,0,0.277,1,5,500,1
13.97,20,40.63,13.63,1,0,0.043,0,3,876,1
74.33,23,9.86,14.27,1,0,0.129,0,2,661,0
18.91,2,19.89,21.2,0,0,0.186,0,4,1516,0
8.11,20,0.46,43.0,1,0,0.298,0,0,1363,0
91.95,8,27.92,9.09,1,0,0.004,1,3,576,0
19.35,20,5.31,7.66,1,0,0.451,1,2,1010,0
22.0,23,17.74,10.18,0,0,0.068,1,8,545,0
34.51,4,15.83,6.35,1,0,0.2,1,2,489,0
103.81,8,39.14,2.59,0,0,0.494,1,1,1235,0
33.79,6,22.06,2.35,0,0,0.355,0,2,1260,0
9.98,7,15.73,8.21,1,0,0.224,1,2,475,0
57.05,14,29.37,26.57,0,0,0.298,1,2,1198,0
20.39,9,43.76,5.94,0,0,0.541,1,1,187,0
218.75,15,0.79,16.33,1,1,0.31,1,0,1339,0
33.08,16,10.4,22.98,1,0,0.143,0,1,1252,0
3.54,4,55.3,16.15,0,0,0.282,0,2,712,1
47.34,1,74.43,17.63,0,0,0.452,1,1,774,0
231.5,17,8.64,2.6,1,0,0.237,1,1,922,0
160.12,4,34.74,7.15,0,0,0.027,1,3,649,0
206.64,4,8.62,1.57,1,0,0.11,0,3,1522,0
11.94,14,6.45,4.92,1,0,0.075,1,0,1586,0
82.45,6,16.26,2.3,1,0,0.212,1,2,909,1
16.09,4,37.76,13.72,0,0,0.208,1,1,1129,0
41.44,7,14.59,2.3,1,0,0.124,1,1,905,0
9.27,12,37.4,2.35,0,0,0.183,0,1,1041,0
17.38,20,39.96,8.57,0,0,0.265,1,1,761,0
16.84,23,11.88,0.87,1,1,0.187,0,5,337,1
81.33,17,11.57,40.13,1,0,0.134,1,2,2016,0
73.75,21,14.92,7.0,0,0,0.065,1,5,2056,0
43.68,12,18.28,22.55,1,0,0.099,0,1,1657,0
8.58,9,16.52,2.51,1,0,0.326,1,1,1713,0
24.25,19,19.68,11.96,0,0,0.5,1,2,618,0
15.7,7,12.67,14.16,0,0,0.309,1,1,30,0
79.02,19,5.84,3.2,1,0,0.31,1,3,660,0
107.57,23,64.42,17.06,0,0,0.335,1,4,343,0
95.24,9,10.39,4.78,0,0,0.441,1,3,1051,0
15.56,15,3.09,5.9,1,0,0.395,0,2,472,0
2.14,18,31.1,3.17,1,0,0.254,1,2,1238,0
5.66,18,7.02,17.77,0,0,0.186,1,0,1578,0
137.23,4,28.83,11.75,1,0,0.537,1,5,30,0
22.17,23,9.97,11.1,1,0,0.071,1,1,341,0
15.63,12,73.06,10.82,1,0,0.465,0,1,254,1
171.17,1,48.73,11.44,0,0,0.522,1,1,30,0
117.35,2,15.49,4.54,1,0,0.398,0,1,1245,0
33.94,17,26.75,16.0,1,0,0.242,1,0,322,0
24.69,10,22.78,3.83,0,0,0.17,0,2,1063,0
29.02,2,9.64,10.98,0,0,0.133,0,2,282,0
41.56,12,30.28,7.91,1,0,0.098,0,3,420,0
164.03,14,19.55,5.57,0,1,0.491,0,5,779,0
50.52,1,21.81,8.12,1,0,0.643,1,2,838,0
68.44,8,28.44,11.09,1,0,0.193,1,2,753,0
106.62,11,16.9,15.95,1,0,0.197,0,1,910,1
10.28,18,8.52,9.54,0,0,0.629,1,1,1262,0
70.45,15,26.75,19.42,1,0,0.56,1,1,1161,0
24.67,2,32.28,4.82,0,0,0.503,0,1,807,1
2.67,14,32.4,6.97,1,0,0.167,1,2,779,0
3.94,21,32.91,13.98,0,0,0.383,1,3,948,0
11.96,1,24.24,2.52,1,0,0.119,1,2,916,1
56.33,23,3.31,17.54,0,0,0.19,0,1,567,0
37.11,2,75.34,2.75,0,0,0.086,1,3,1523,0
39.82,14,32.1,33.1,0,0,0.196,1,1,961,0
232.98,8,13.31,4.88,0,1,0.147,1,1,940,0
9.31,17,35.66,30.97,1,0,0.471,1,2,296,0
32.22,20,6.25,16.48,0,0,0.317,1,3,353,0
44.9,20,28.96,1.93,0,0,0.287,1,0,264,0
15.86,20,14.52,3.64,1,0,0.065,1,4,925,0
34.07,19,6.61,2.26,1,0,0.207,1,2,977,0
6.69,7,6.5,6.87,1,0,0.02,0,2,597,0
135.63,11,25.65,19.26,0,0,0.153,1,0,424,0
16.75,17,28.03,28.05,1,0,0.185,1,6,873,1
252.5,4,7.99,3.13,1,0,0.282,1,4,1451,0
32.06,13,14.7,2.66,1,0,0.128,1,2,662,0
92.58,12,23.74,12.52,0,0,0.104,0,2,968,0
31.4,23,11.66,2.02,1,0,0.265,1,0,821,0
32.11,1,66.82,19.02,0,0,0.363,0,2,579,0
18.47,2,25.9,15.3,1,1,0.209,1,5,761,0
37.3,0,16.93,9.68,1,0,0.337,1,1,1587,0
45.51,13,39.64,18.42,0,0,0.166,0,0,716,0
15.12,13,27.57,17.95,1,0,0.196,1,2,1142,0
29.22,14,23.91,3.58,0,0,0.619,1,1,861,1
17.99,5,26.27,2.57,0,0,0.316,0,1,1160,0
330.19,7,32.7,8.67,1,0,0.229,0,3,302,0
30.27,10,10.71,18.77,1,0,0.221,0,4,1082,0
155.28,1,2.38,3.38,1,0,0.319,0,1,1181,0
27.23,18,42.03,2.76,1,1,0.047,1,2,584,0
42.92,1,19.61,2.93,1,0,0.461,0,2,332,0
8.83,16,12.59,6.04,0,0,0.121,1,1,2031,0
21.18,10,8.49,0.14,1,0,0.152,0,2,1368,0
40.88,23,7.46,3.96,0,0,0.425,0,2,1307,0
161.74,16,21.31,13.38,1,0,0.513,1,1,1507,0
41.35,11,18.14,18.69,0,0,0.411,1,2,1619,0
132.12,16,40.01,40.32,1,0,0.429,1,3,604,0
62.85,2,28.54,8.36,1,0,0.314,0,3,1271,0
168.58,4,32.28,5.17,1,0,0.207,1,3,513,0
31.22,11,38.53,34.2,0,1,0.323,0,5,597,0
361.49,20,22.2,9.27,0,1,0.082,0,4,913,0
20.38,19,53.33,9.51,1,1,0.299,1,6,292,1
15.39,9,10.21,24.05,0,0,0.531,1,2,1840,0
9.87,6,37.96,1.39,1,0,0.333,1,1,778,0
340.71,23,2.34,9.93,0,0,0.226,0,1,767,0
75.15,13,2.5,2.27,1,0,0.333,0,0,1239,0
23.71,2,6.08,0.9,1,1,0.4,1,1,738,0
115.47,5,17.0,3.63,0,0,0.18,1,1,712,0
65.87,20,2.01,29.63,1,0,0.837,1,1,639,1
236.54,21,16.54,1.4,0,1,0.415,1,3,1206,0
7.04,21,13.23,6.02,0,0,0.142,1,2,444,0
25.4,0,70.86,17.36,1,0,0.25,0,1,539,0
20.85,19,4.53,3.88,1,0,0.199,1,1,722,0
4.6,2,20.58,39.85,1,0,0.346,1,1,858,0
95.61,19,28.05,8.95,1,0,0.269,1,4,921,0
25.27,21,50.84,1.21,0,0,0.252,1,2,556,0
69.38,8,31.75,3.55,1,0,0.25,0,0,597,1
350.64,4,42.39,1.34,1,0,0.232,1,1,1274,0
23.26,17,22.9,4.07,1,0,0.347,0,3,1133,0
21.73,1,9.26,6.86,0,0,0.328,1,3,1298,0
37.29,13,4.01,17.65,1,0,0.23,0,1,780,0
88.88,7,33.89,45.98,0,0,0.103,0,3,1177,1
18.79,10,12.68,7.1,0,0,0.182,1,1,525,0
17.62,19,1.61,15.43,1,0,0.632,1,2,825,0
95.32,23,13.8,8.07,0,0,0.014,0,1,1327,0
48.36,9,18.04,3.33,1,0,0.319,0,1,938,0
4.29,6,46.92,4.66,0,0,0.113,1,2,1367,0
9.72,20,14.84,27.6,1,0,0.375,1,3,762,0
148.6,9,18.16,5.68,1,0,0.025,0,3,843,0
49.5,4,18.4,31.59,0,0,0.157,1,1,1446,0
15.45,21,37.32,9.68,1,0,0.352,1,1,30,0
27.93,23,9.5,10.45,1,1,0.633,1,4,1419,0
33.56,6,25.27,23.37,1,0,0.4,1,2,1036,0
69.11,3,11.68,11.13,0,0,0.717,0,1,970,0
8.51,3,46.15,4.15,0,0,0.165,0,3,34,0
14.28,14,53.81,10.34,1,0,0.015,1,2,522,0
43.51,7,20.66,11.45,1,0,0.579,1,0,1305,1
29.97,14,23.91,11.2,0,0,0.317,1,1,1066,0
58.67,18,15.14,8.35,0,0,0.348,0,3,600,0
9.68,0,2.48,10.04,0,0,0.528,1,3,1108,1
47.33,20,18.53,25.17,1,0,0.39,0,2,643,1
98.65,0,17.16,6.26,1,0,0.074,1,0,646,0
53.88,2,13.5,8.38,1,0,0.07,0,3,2242,0
38.06,17,14.89,19.4,1,0,0.258,0,0,611,0
30.09,14,25.53,20.02,0,1,0.287,1,2,30,0
14.37,23,23.95,2.49,0,0,0.23,1,1,578,0
30.81,13,15.24,0.66,0,0,0.236,1,1,71,0
116.71,10,49.13,16.76,1,0,0.078,0,3,470,0
29.4,16,2.0,12.98,0,0,0.193,1,1,683,0
13.6,18,9.95,9.12,1,0,0.273,1,1,263,0
20.24,16,33.85,18.05,1,0,0.181,1,2,1716,0
40.48,8,3.04,7.42,1,0,0.201,0,1,755,0
22.79,23,1.95,12.51,0,0,0.112,1,2,1099,0
53.8,7,9.83,5.7,0,0,0.104,1,1,389,0
55.86,8,17.35,4.05,0,0,0.036,0,0,662,0
80.56,6,12.06,7.22,1,0,0.08,1,0,865,0
137.49,7,21.28,1.47,1,0,0.127,1,3,511,0
89.65,5,2.19,3.69,1,0,0.134,1,1,1196,1
13.01,13,8.91,8.81,0,1,0.361,1,3,550,0
13.42,17,30.01,12.86,1,0,0.297,1,0,611,0
30.7,10,25.37,23.01,1,0,0.057,1,4,1490,0
21.09,22,10.6,8.34,1,0,0.019,0,1,1550,0
10.61,11,20.11,3.93,0,0,0.239,1,2,1661,0
21.29,11,17.05,2.29,1,0,0.199,0,1,1652,0
20.6,1,17.46,21.65,1,1,0.506,1,6,669,1
16.91,21,22.65,10.44,0,0,0.223,1,3,1072,0
24.15,3,56.09,7.99,0,0,0.102,1,1,682,0
107.6,3,56.96,10.74,0,0,0.26,1,3,1246,0
40.42,22,3.12,18.21,1,0,0.535,1,2,1784,0
392.21,12,14.52,28.49,1,0,0.2,0,2,1252,0
39.27,1,5.76,1.86,1,0,0.344,0,2,1651,0
24.78,10,24.17,7.37,0,0,0.237,0,0,485,0
33.25,14,15.22,16.94,1,1,0.474,0,1,718,0
42.8,0,38.4,2.07,1,0,0.124,0,2,1349,0
51.18,18,18.08,36.7,1,0,0.491,1,2,1102,0
264.2,16,50.65,7.29,1,0,0.273,1,1,77,0
14.22,0,58.55,40.65,1,0,0.591,1,2,1718,1
78.18,14,49.33,1.69,0,1,0.16,1,1,769,1
40.76,5,1.29,21.04,0,0,0.768,0,1,432,1
6.88,17,22.45,4.65,1,0,0.269,1,3,536,1
71.57,9,13.4,9.34,0,0,0.519,0,1,967,0
117.64,4,15.24,15.45,1,0,0.277,1,6,724,0
14.05,12,33.86,19.68,1,1,0.255,1,2,1414,0
32.82,10,14.22,13.46,1,0,0.478,1,2,1262,0
5.9,8,19.02,8.91,1,0,0.302,1,1,713,0
9.4,21,19.89,10.54,1,0,0.331,0,2,634,0
94.45,15,2.0,58.3,0,0,0.208,0,0,2020,0
20.77,11,12.43,22.32,0,0,0.336,1,2,983,0
10.93,5,40.38,3.26,0,0,0.436,1,3,1582,1
41.66,13,1.58,10.35,1,0,0.528,1,3,1244,0
19.64,0,27.72,14.13,0,0,0.373,1,2,1366,0
20.68,21,8.04,0.28,0,1,0.326,1,1,395,0
69.36,0,13.14,24.47,1,0,0.502,0,3,760,1
10.36,16,31.91,3.67,1,0,0.575,1,2,1209,0
13.39,8,6.25,5.08,0,0,0.384,1,1,249,0
38.63,17,14.16,2.55,1,0,0.039,1,2,695,0
87.31,8,3.13,21.19,0,0,0.076,1,2,852,0
114.22,0,24.92,16.1,1,0,0.289,1,4,505,1
17.03,22,9.0,22.11,1,0,0.172,1,0,207,1
84.55,18,4.22,30.25,0,0,0.292,1,2,1397,0
15.12,1,18.09,11.6,1,0,0.246,1,0,985,0
205.66,0,2.96,5.86,0,0,0.565,0,0,1994,1
10.66,12,12.81,11.79,0,0,0.418,0,2,1194,0
125.02,22,8.23,5.04,1,0,0.28,0,3,1074,0
17.18,13,21.41,15.2,1,0,0.6,0,6,837,0
247.95,0,21.79,25.13,0,0,0.014,1,3,674,0
59.82,16,9.69,3.95,1,0,0.12,1,3,1660,0
11.99,10,49.78,11.88,1,0,0.342,1,2,1209,0
19.64,15,38.92,8.7,1,0,0.409,0,1,963,0
72.33,8,7.1,9.28,0,1,0.197,0,2,1207,0
94.88,0,81.22,20.87,1,0,0.123,1,2,1135,1
30.85,0,30.8,14.34,1,0,0.393,0,3,814,1
34.63,15,23.3,7.41,0,0,0.173,0,2,795,0
70.69,15,24.52,8.32,0,0,0.41,0,4,551,0
37.78,7,5.29,10.48,1,0,0.191,0,1,1046,0
9.08,1,43.57,9.89,1,0,0.158,1,3,960,0
14.69,18,2.02,10.46,1,0,0.294,1,1,30,0
41.89,3,24.41,18.14,1,0,0.452,1,2,520,0
111.66,4,39.3,2.49,1,0,0.184,0,2,1662,0
166.66,10,7.7,14.49,0,0,0.466,1,2,493,0
72.21,17,32.44,15.82,1,1,0.104,0,2,1403,0
44.14,23,19.53,38.91,0,0,0.069,1,2,536,0
70.02,15,33.98,8.87,1,0,0.116,0,2,1505,0
17.0,23,38.01,14.28,1,0,0.272,1,1,875,0
28.41,15,53.0,20.74,0,0,0.224,1,1,1017,0
14.52,20,44.99,14.03,0,0,0.103,1,2,1492,0
9.5,4,2.44,0.75,0,0,0.44,0,1,527,0
46.23,1,7.28,0.91,0,0,0.282,1,3,1396,0
39.87,16,26.43,8.14,0,0,0.312,1,1,796,0
65.87,23,38.38,9.75,1,0,0.376,0,0,1492,0
57.17,17,6.29,12.84,0,0,0.285,1,2,265,0
42.21,8,30.33,2.25,1,0,0.382,0,2,1278,0
57.78,11,47.32,16.26,0,0,0.119,1,5,790,0
31.73,2,37.32,2.3,1,0,0.255,1,1,740,0
50.04,8,29.97,13.87,0,0,0.345,1,3,1183,0
16.02,16,17.07,3.32,1,0,0.39,0,5,229,0
47.93,3,16.37,15.57,1,0,0.256,1,4,811,0
64.61,11,72.29,20.83,1,0,0.363,1,2,1533,1
16.95,6,11.46,4.31,1,0,0.372,0,1,979,0
34.88,11,7.28,13.68,1,0,0.454,0,4,848,0
17.75,18,4.19,11.24,0,0,0.349,1,2,1666,0
19.56,21,28.6,4.09,1,1,0.351,1,2,734,0
10.75,9,25.67,2.13,1,0,0.365,0,3,1253,0
117.42,19,18.39,16.53,0,0,0.254,0,3,1059,0
96.13,16,25.66,34.96,1,0,0.082,1,4,1632,0
56.68,22,33.95,7.4,0,0,0.511,0,4,1301,0
237.98,17,15.07,0.78,0,0,0.554,1,1,1058,0
27.41,13,27.08,0.28,0,0,0.156,0,2,146,0
686.61,16,13.91,10.4,0,0,0.13,1,1,899,0
26.38,7,27.78,1.49,1,0,0.487,0,1,1807,1
42.74,16,47.53,1.08,1,0,0.568,1,1,1771,0
22.25,17,36.52,3.98,0,0,0.71,1,1,679,0
48.05,14,59.69,16.17,0,1,0.25,0,3,1000,0
76.37,2,11.51,15.07,0,0,0.145,0,1,190,1
29.55,12,9.23,17.0,0,0,0.075,0,1,1263,0
195.73,17,25.22,5.7,1,0,0.34,1,0,387,0
42.06,4,11.85,6.13,0,0,0.124,1,1,866,0
43.4,18,28.71,21.94,0,0,0.253,1,0,1335,0
13.34,20,21.4,6.99,0,0,0.345,1,2,735,0
50.32,12,7.4,2.07,1,0,0.051,0,2,982,0
28.96,23,26.11,4.23,1,0,0.257,0,5,1488,0
18.03,20,7.92,17.23,0,0,0.197,1,4,1509,0
15.23,11,49.98,13.45,0,0,0.474,1,2,657,0
479.03,21,15.34,8.02,1,0,0.372,1,1,364,0
25.45,22,9.14,1.33,1,0,0.5,1,1,792,0
7.71,2,21.92,13.36,1,0,0.123,0,0,579,0
16.47,23,23.86,6.65,1,0,0.23,0,2,154,1
31.45,0,11.17,2.04,1,0,0.41,1,2,1409,0
57.21,11,10.69,16.89,0,0,0.192,1,0,213,0
57.67,22,2.91,7.02,1,0,0.236,0,1,948,0
65.14,17,35.1,9.95,1,0,0.279,1,2,978,0
17.38,6,48.99,24.6,0,0,0.107,0,0,367,0
46.55,15,39.15,12.32,0,0,0.362,1,3,882,0
13.79,5,8.87,15.88,0,1,0.434,0,4,1329,0
17.82,5,25.59,9.36,1,0,0.282,1,3,1009,0
13.23,21,22.2,18.56,1,0,0.475,1,1,515,0
10.09,1,3.98,2.68,1,0,0.212,1,0,1387,0
95.99,23,11.09,1.33,0,0,0.129,1,2,813,0
65.93,10,24.2,2.33,0,0,0.206,1,0,1251,0
87.94,1,1.58,6.18,0,0,0.209,1,0,1096,0
34.44,18,6.22,15.86,0,0,0.309,1,4,1030,0
72.01,1,32.1,5.43,0,0,0.118,0,1,755,0
5.69,7,8.58,15.47,1,0,0.039,0,0,690,0
78.5,5,4.04,10.42,1,0,0.15,1,4,747,0
39.53,18,37.68,39.55,1,0,0.229,1,2,602,0
62.0,9,8.58,10.68,0,0,0.321,1,3,1924,0
48.43,15,32.28,4.84,1,0,0.452,1,3,963,0
12.34,1,58.72,14.2,0,0,0.648,0,0,561,1
7.4,16,6.02,9.76,1,0,0.241,1,3,1164,1
16.25,17,15.82,2.69,0,0,0.179,1,1,1583,0
58.26,6,22.38,7.91,1,0,0.205,1,2,562,0
66.03,21,37.18,7.76,1,0,0.338,0,3,1237,0
8.43,11,11.04,8.19,1,0,0.453,1,4,967,0
12.41,16,0.54,2.91,1,1,0.49,0,4,30,1
16.07,4,6.01,35.34,1,0,0.634,0,5,278,1
23.17,22,13.16,1.55,1,0,0.225,1,0,575,0
8.48,5,32.23,24.96,1,0,0.241,0,2,605,0
7.99,15,15.96,8.97,1,0,0.553,1,2,446,0
14.56,2,30.65,3.55,0,0,0.065,0,0,804,0
36.1,1,12.74,31.22,1,0,0.626,1,0,1352,0
10.17,3,20.72,0.1,1,1,0.295,1,4,499,1
29.49,22,34.07,3.5,1,0,0.489,0,4,1453,0
95.45,5,40.96,7.42,1,0,0.66,1,1,1446,0
9.01,21,68.05,4.08,0,0,0.315,1,1,813,0
26.94,13,23.03,8.29,0,0,0.181,1,1,867,0
92.27,2,2.15,14.88,1,0,0.356,1,1,1331,0
21.8,10,26.27,2.12,0,0,0.178,0,1,467,0
18.66,11,1.95,11.2,0,1,0.187,1,2,140,0
106.01,6,28.74,16.08,0,0,0.235,0,2,30,0
24.38,14,20.12,2.43,0,0,0.203,0,2,928,0
99.93,20,39.36,10.42,1,0,0.321,1,0,425,0
50.85,21,12.66,7.69,1,0,0.205,1,1,30,0
23.5,12,20.91,3.08,1,0,0.257,0,2,1672,0
53.5,21,26.62,3.42,1,0,0.149,1,1,2006,0
45.62,22,0.81,3.47,1,0,0.17,1,1,640,0
91.92,2,25.68,5.63,0,0,0.269,1,0,2225,0
19.14,15,9.16,5.71,1,1,0.1,1,3,950,0
34.51,18,23.64,25.67,0,0,0.225,0,1,1380,0
31.14,0,1.45,11.91,1,0,0.314,0,0,1163,0
66.96,14,29.78,12.22,0,0,0.063,0,1,859,0
11.88,21,27.91,9.95,1,0,0.178,1,1,402,0
91.56,6,38.11,10.7,1,0,0.192,0,1,970,0
52.79,20,2.91,12.94,0,0,0.049,0,2,160,0
8.87,22,66.7,2.61,1,0,0.254,1,2,30,0
110.86,15,4.89,8.02,0,0,0.198,1,2,390,0
309.23,15,20.8,3.59,1,0,0.497,1,1,1131,0
90.18,12,13.39,19.43,1,1,0.285,0,4,878,1
137.96,9,16.32,5.13,0,1,0.693,1,3,438,0
36.07,10,60.0,13.08,1,0,0.358,1,1,1184,0
6.29,12,5.75,15.11,0,1,0.268,0,1,1223,0
5.24,11,53.55,11.31,1,0,0.384,0,2,373,1
42.74,19,33.08,10.29,0,0,0.354,1,4,575,0
18.32,18,17.91,8.92,0,0,0.083,1,8,932,0
13.27,8,17.76,15.71,0,0,0.226,0,2,845,0
31.1,12,28.0,3.91,1,0,0.355,1,3,299,0
61.29,5,12.53,12.07,1,0,0.337,1,4,1016,0
7.75,4,14.82,0.98,1,0,0.25,1,2,812,0
21.14,8,20.7,4.88,0,0,0.153,1,2,898,0
149.89,1,49.28,5.54,1,0,0.116,1,4,30,0
11.3,20,16.12,1.76,0,0,0.029,1,4,1274,0
79.02,3,2.46,10.31,0,0,0.164,0,1,998,0
20.39,7,21.41,4.19,0,0,0.191,0,3,1446,0
57.16,6,16.96,22.58,1,0,0.341,1,3,1221,0
99.22,4,9.99,7.08,1,0,0.288,0,2,1479,0
69.5,8,24.17,14.81,1,1,0.253,0,3,880,0
82.2,17,10.33,19.76,0,0,0.075,0,4,214,0
10.47,21,15.78,13.34,0,0,0.09,1,1,1345,0
100.85,4,20.78,6.15,1,1,0.072,1,4,744,0
14.12,5,22.47,8.89,1,0,0.203,1,3,1130,0
42.93,11,25.73,1.77,0,0,0.172,1,0,498,0
42.87,7,28.61,15.01,1,0,0.387,1,1,1093,0
53.79,19,20.41,18.5,1,0,0.214,1,2,215,0
46.38,5,3.32,5.88,0,0,0.212,1,1,1405,0
14.24,9,23.13,6.45,1,0,0.305,0,6,931,1
8.59,13,37.35,19.14,1,1,0.381,1,0,1237,0
79.23,9,2.37,2.17,0,0,0.253,1,1,426,0
39.88,14,3.36,4.42,1,0,0.201,0,1,858,0
104.52,19,8.78,4.83,0,0,0.338,1,1,1176,0
31.67,12,35.65,0.88,0,0,0.38,1,1,1142,0
8.12,10,8.27,12.61,1,0,0.237,1,1,1042,0
87.02,22,36.03,5.97,1,0,0.031,1,2,573,0
22.87,23,22.02,6.02,0,0,0.312,0,3,865,0
46.62,23,10.77,9.9,1,0,0.17,1,0,746,0
17.33,0,107.58,1.41,1,0,0.323,1,2,134,1
171.45,20,4.99,8.15,1,0,0.165,1,0,563,0
13.78,21,18.58,1.38,0,0,0.402,1,2,719,0
23.63,19,7.29,12.59,0,0,0.365,1,2,622,0
36.87,17,24.0,21.16,1,0,0.407,0,4,866,0
11.11,8,7.65,14.95,1,0,0.37,1,3,1061,0
46.09,17,12.24,4.91,0,0,0.34,0,0,888,0
165.99,13,9.19,13.64,0,1,0.255,1,4,690,1
20.28,19,14.46,6.86,1,0,0.411,1,0,1323,0
49.16,8,37.09,9.44,0,1,0.367,1,0,339,0
2.12,17,4.18,13.0,1,0,0.427,1,1,515,0
31.85,18,8.42,1.02,1,0,0.597,1,0,372,0
24.21,20,12.73,7.34,0,0,0.36,0,0,1143,0
14.61,4,14.99,3.82,1,0,0.037,1,4,1136,0
97.66,20,46.94,8.38,1,0,0.133,0,2,1101,0
23.9,5,8.82,9.71,1,0,0.479,1,1,1765,0
27.73,22,35.89,4.95,1,0,0.613,0,3,538,1
22.71,0,51.3,6.27,0,0,0.46,1,0,919,0
4.87,5,15.83,2.92,1,0,0.141,0,2,1160,0
10.68,14,6.78,10.78,0,0,0.447,1,3,741,0
86.58,13,42.68,16.45,0,0,0.214,0,2,1191,0
4.02,16,33.63,1.48,0,0,0.322,0,4,1330,0
15.39,9,6.1,15.79,0,0,0.289,1,2,1265,0
22.2,0,57.08,12.02,0,0,0.217,1,2,1695,0
189.35,14,9.64,14.85,1,0,0.186,0,3,1723,0
71.42,12,15.62,21.55,1,0,0.457,0,3,1159,1
18.97,12,29.56,4.96,0,0,0.476,1,0,558,0
122.06,9,52.25,19.11,1,0,0.617,1,2,2525,0
15.79,21,22.92,21.82,1,1,0.234,1,1,336,1
90.84,19,14.24,1.75,1,0,0.044,0,1,851,0
8.51,4,12.48,9.74,1,0,0.631,1,1,1330,0
96.86,0,14.23,9.41,1,0,0.231,0,0,1045,1
22.06,4,80.2,22.87,1,0,0.525,1,2,1019,1
11.84,1,25.48,48.94,1,0,0.259,1,1,1115,0
26.65,17,20.48,14.98,0,0,0.428,0,1,1297,0
43.7,14,33.89,35.95,0,0,0.246,0,2,351,0
20.19,11,15.12,4.06,1,0,0.401,1,0,1311,0
57.62,14,50.3,13.86,0,0,0.333,0,1,986,0
18.49,19,27.16,8.21,1,0,0.639,1,3,1285,0
61.58,19,13.93,12.81,1,0,0.271,1,4,924,0
51.53,10,11.52,15.19,1,0,0.393,1,2,373,0
31.16,14,2.82,17.35,0,0,0.102,1,0,1208,0
21.3,13,37.03,6.38,0,0,0.396,1,0,233,0
38.53,22,4.12,7.55,1,0,0.099,1,1,1159,0
57.41,18,48.26,16.26,0,0,0.168,1,0,2157,0
260.29,7,8.2,11.34,0,1,0.117,1,2,599,0
84.73,21,9.24,4.51,1,0,0.255,0,2,440,0
87.88,9,66.74,7.75,1,0,0.406,1,2,988,0
726.7,18,34.97,20.2,1,0,0.32,0,1,732,0
55.48,23,20.06,3.26,1,0,0.13,0,1,1043,1
53.77,19,62.35,8.51,0,0,0.209,1,4,578,0
66.95,2,17.09,2.08,1,0,0.24,1,1,345,0
12.07,4,12.07,21.61,0,0,0.111,1,3,30,0
21.24,19,21.6,50.74,0,0,0.246,1,4,320,0
19.96,2,38.92,26.19,1,0,0.359,1,1,975,0
63.28,0,5.29,5.3,1,0,0.143,1,1,1364,0
27.82,6,9.04,5.28,0,0,0.14,1,0,1182,0
38.02,11,6.95,20.72,0,0,0.558,1,3,1226,0
98.24,3,5.82,18.75,1,0,0.387,0,4,1251,1
78.5,3,15.61,8.92,1,0,0.322,0,0,568,0
28.17,8,5.68,2.74,0,0,0.533,1,1,30,0
16.95,14,2.36,9.11,1,0,0.254,1,4,810,0
103.06,13,8.97,7.92,0,0,0.394,1,4,89,0
71.8,19,8.41,43.2,1,0,0.289,1,3,988,1
6.64,23,25.97,15.36,1,0,0.352,1,0,831,0
24.21,0,36.44,1.02,1,1,0.607,1,2,1893,0
39.08,16,10.34,15.85,1,0,0.614,1,1,1509,0
72.16,3,9.14,21.78,1,0,0.153,1,0,1140,0
82.28,8,64.15,19.22,0,0,0.549,1,4,604,0
43.99,8,35.47,18.33,1,0,0.065,0,8,165,1
59.46,16,23.77,11.16,1,0,0.205,0,1,1919,0
35.31,6,13.56,7.57,1,0,0.03,1,2,832,0
16.88,21,34.88,2.54,1,0,0.411,0,1,1082,0
25.5,9,6.36,30.59,0,0,0.264,0,0,502,0
33.75,19,36.06,14.24,1,0,0.247,0,2,1738,0
31.99,22,26.96,5.43,0,0,0.151,1,4,434,0
5.03,12,30.98,10.13,1,0,0.144,1,2,693,0
22.25,2,20.24,2.58,1,0,0.136,1,5,1086,0
35.03,16,4.54,10.05,0,0,0.348,0,4,1394,1
24.99,10,6.55,24.25,1,0,0.468,1,2,723,0
25.87,8,28.09,15.91,0,0,0.1,1,2,929,0
53.95,10,25.91,21.2,1,0,0.336,1,3,569,0
11.26,7,11.38,19.97,1,0,0.575,1,0,853,0
6.5,6,11.17,13.26,1,1,0.183,1,3,1153,0
23.38,23,43.41,8.05,1,0,0.067,1,5,1645,1
71.1,6,18.16,6.5,0,0,0.084,1,2,957,0
179.03,11,8.51,29.0,1,0,0.175,0,2,306,0
72.39,17,48.51,14.67,1,0,0.558,1,3,1741,0
7.63,5,45.33,13.77,1,0,0.527,1,3,1255,1
26.25,14,18.14,14.59,1,0,0.273,1,2,1115,0
42.8,21,21.31,7.15,1,0,0.3,1,2,1812,0
39.55,19,35.56,13.09,1,0,0.276,0,2,1685,0
56.79,0,29.63,4.9,1,0,0.325,1,1,379,0
13.24,9,4.36,5.95,1,0,0.13,0,3,813,0
35.34,0,49.65,16.45,1,0,0.319,0,1,201,0
50.42,14,3.43,14.24,0,0,0.402,1,4,873,0
75.62,7,25.71,3.63,1,1,0.271,1,2,1034,0
14.79,21,5.5,3.8,1,0,0.234,1,3,30,0
23.45,4,29.59,19.63,1,1,0.32,0,1,840,0
2.22,20,9.45,5.1,0,0,0.459,1,3,661,0
17.79,8,10.08,8.96,1,1,0.596,0,2,1449,0
19.6,22,34.07,0.2,0,0,0.486,0,3,1737,0
11.95,4,5.49,3.03,1,0,0.183,0,1,1473,0
39.08,6,11.37,5.68,0,0,0.171,1,0,782,0
31.31,8,5.72,6.37,0,0,0.114,1,1,1313,0
3.46,23,20.07,13.82,1,0,0.39,1,1,698,0
41.08,17,5.61,1.02,1,0,0.757,1,1,473,1
13.09,19,24.04,49.75,1,0,0.376,1,2,494,0
53.82,13,44.91,16.52,1,0,0.182,1,5,1451,0
9.19,19,1.65,5.7,1,0,0.519,0,4,1775,0
34.12,15,9.5,11.57,1,0,0.182,1,3,844,0
24.95,16,6.31,11.37,1,0,0.114,1,1,1238,0
44.84,20,4.45,0.97,0,0,0.103,0,1,596,0
37.51,23,23.54,24.86,0,0,0.26,1,2,1335,0
25.66,13,21.42,4.64,0,0,0.452,1,3,102,0
7.13,10,49.44,6.99,0,0,0.353,1,1,1486,0
7.56,15,31.41,6.32,1,0,0.197,1,1,1516,0
18.47,17,18.95,9.64,0,0,0.237,1,2,584,0
32.84,23,22.71,15.19,1,0,0.514,1,2,1597,1
18.02,16,11.34,13.07,0,0,0.105,0,0,30,0
61.88,22,23.31,3.78,1,0,0.079,1,3,742,0
25.05,17,3.47,5.58,0,0,0.238,1,1,1363,0
12.62,22,16.08,17.58,1,0,0.203,1,4,846,0
25.08,18,26.31,21.01,0,1,0.404,1,1,39,1
41.51,21,15.36,2.14,1,0,0.147,0,0,992,0
45.83,4,9.86,1.79,1,0,0.122,1,2,495,0
216.67,23,19.66,29.69,0,0,0.2,0,6,1568,1
16.96,8,8.48,2.59,1,0,0.237,1,1,30,0
30.77,19,14.57,4.26,0,0,0.033,1,3,889,0
50.71,9,33.72,7.16,0,0,0.165,0,2,140,0
32.35,10,35.32,4.08,0,0,0.63,0,3,946,0
20.07,17,21.79,4.35,0,0,0.404,1,4,344,0
7.03,12,6.92,4.37,1,0,0.319,0,1,824,0
19.87,17,13.36,10.56,0,0,0.28,1,3,618,0
11.32,1,19.95,1.34,0,0,0.191,1,1,623,0
5.89,20,9.4,17.59,1,0,0.213,1,4,963,0
14.94,9,59.16,1.79,0,0,0.201,1,1,1269,0
11.62,18,9.61,27.21,1,0,0.474,1,0,963,0
59.37,6,18.87,5.8,1,1,0.165,1,1,830,0
60.41,14,36.98,5.3,1,0,0.159,0,1,1500,0
13.41,14,52.59,0.96,0,0,0.409,1,2,481,0
25.53,3,6.77,0.81,1,0,0.242,0,3,1180,0
5.16,11,3.61,8.67,0,0,0.599,1,1,741,0
20.2,15,21.58,0.94,1,0,0.401,1,0,2003,0
49.35,20,64.16,4.18,1,0,0.136,1,0,493,0
75.56,21,4.32,14.54,0,0,0.586,1,0,386,0
16.23,9,13.81,10.32,1,0,0.218,1,4,842,0
94.81,15,23.08,6.56,1,0,0.389,0,0,786,0
7.27,4,19.57,9.42,1,0,0.273,0,1,988,0
9.51,21,25.98,14.83,1,0,0.118,0,2,906,0
67.33,20,47.35,5.65,0,0,0.65,1,0,852,0
176.11,23,37.53,17.2,1,0,0.197,1,4,1571,0
54.24,11,13.54,8.66,0,0,0.159,0,2,1570,0
31.81,8,4.25,20.34,1,0,0.201,1,2,917,0
3.69,18,39.62,9.35,0,0,0.408,1,3,848,0
4.38,17,13.77,1.81,1,0,0.288,1,1,965,0
37.69,5,19.36,4.07,1,0,0.488,0,3,1128,0
23.15,12,34.74,8.32,0,0,0.027,1,0,67,0
10.96,15,38.73,49.01,1,0,0.198,1,3,1587,0
35.36,10,33.27,3.75,1,0,0.293,1,1,1353,0
37.16,8,56.88,40.68,0,0,0.356,1,1,739,0
85.15,5,17.67,18.58,0,0,0.185,1,3,537,0
37.96,9,10.18,19.26,1,0,0.128,0,3,276,0
113.11,5,7.59,14.88,0,0,0.444,1,1,1174,0
33.38,7,10.73,38.08,0,0,0.256,0,4,1833,0
29.51,4,11.12,4.46,0,0,0.18,0,1,30,0
96.0,9,21.84,18.1,0,1,0.087,1,2,867,0
12.45,15,28.05,2.27,1,0,0.309,1,1,31,0
552.5,9,6.55,4.5,0,0,0.184,1,3,664,0
48.2,3,34.81,15.81,1,0,0.46,1,2,679,0
48.46,19,37.32,19.61,1,0,0.363,0,4,1591,0
55.99,10,28.57,12.58,1,0,0.406,1,3,986,0
216.4,14,12.18,0.71,1,0,0.429,1,4,1286,0
73.15,12,46.12,3.64,1,0,0.279,1,3,632,0
6.65,12,17.41,1.81,1,0,0.253,0,3,1026,0
134.76,10,9.03,7.87,0,0,0.188,1,2,990,0
23.55,18,6.48,1.77,0,0,0.206,0,3,1888,0
36.86,20,20.44,4.69,1,0,0.478,1,0,833,0
9.21,21,12.37,4.55,0,0,0.236,1,2,1014,0
56.05,10,4.79,23.49,0,0,0.157,1,6,1474,0
17.26,8,3.37,5.08,1,0,0.331,0,4,550,1
36.6,1,22.96,39.75,1,0,0.153,0,0,133,0
24.93,10,4.03,5.86,0,1,0.225,1,5,695,0
227.01,23,1.0,14.03,1,0,0.12,0,3,1217,0
240.39,6,37.71,11.0,1,1,0.072,1,2,729,1
34.69,20,7.35,9.62,1,0,0.21,0,2,974,0
35.3,18,25.85,18.3,0,0,0.619,1,1,626,0
22.8,15,20.1,8.42,1,0,0.276,1,3,820,0
100.08,13,9.96,4.68,0,0,0.396,1,6,280,0
23.83,18,49.86,15.95,0,0,0.1,0,5,1249,0
21.73,2,29.06,2.94,1,0,0.185,0,2,1236,0
88.11,3,16.53,6.14,0,0,0.151,1,1,1686,0
19.33,4,8.04,18.26,1,0,0.566,1,2,362,0
31.89,18,27.34,7.65,0,0,0.334,0,2,1896,0
6.81,10,30.62,13.01,1,0,0.474,1,4,684,0
66.97,4,18.67,11.26,0,0,0.07,0,1,30,0
230.64,1,16.88,5.01,1,0,0.379,0,0,1463,0
68.12,11,29.0,7.93,1,0,0.093,1,2,1467,0
142.85,9,16.21,2.77,0,0,0.248,1,3,662,0
14.21,4,8.88,20.76,0,0,0.183,1,2,362,0
41.94,0,4.38,6.34,0,0,0.115,1,0,30,0
12.9,18,16.31,22.0,1,0,0.271,1,2,198,0
26.37,18,4.23,7.28,1,0,0.564,1,2,461,0
71.68,5,30.91,13.85,1,1,0.262,0,3,1261,1
36.66,11,16.31,2.82,1,0,0.058,1,1,1042,0
8.06,6,34.48,19.48,0,0,0.344,1,1,974,0
8.89,9,21.33,7.6,0,1,0.063,1,0,664,0
8.32,2,25.94,5.41,1,0,0.171,1,2,875,0
54.13,22,9.66,2.43,0,0,0.247,0,2,1245,0
260.84,17,15.42,56.55,1,0,0.205,1,3,1177,0
129.34,21,21.1,1.9,1,0,0.278,1,3,1042,0
4.97,7,19.23,38.9,0,0,0.465,0,3,1398,0
137.15,20,18.58,30.2,1,0,0.583,0,4,282,0
84.47,12,6.4,1.74,0,1,0.376,0,2,347,0
7.06,4,2.43,8.3,1,0,0.243,1,1,1303,0
24.45,7,5.95,7.6,1,0,0.444,1,0,637,0
99.04,19,0.62,8.54,1,0,0.384,1,0,746,0
57.42,18,2.91,11.22,1,0,0.272,1,3,513,0
8.94,17,22.31,22.3,1,0,0.366,1,1,606,0
60.99,5,13.79,2.3,0,0,0.391,0,3,561,0
3.91,15,8.38,7.67,1,0,0.311,1,0,1677,0
26.5,22,13.56,5.47,0,0,0.042,1,2,942,0
103.33,1,1.8,4.86,1,1,0.166,1,0,1064,0
33.73,7,15.98,8.89,1,0,0.174,0,4,135,0
20.11,1,4.75,6.94,0,0,0.573,1,1,481,0
80.59,2,41.52,11.38,1,0,0.337,1,2,486,1
87.77,23,26.85,0.71,1,0,0.053,1,3,1101,0
122.74,5,25.13,20.39,1,0,0.419,0,3,505,0
79.39,4,18.96,9.78,1,0,0.436,0,3,1133,0
97.65,1,28.61,6.39,0,0,0.154,0,1,49,0
68.92,23,16.05,1.65,1,0,0.143,1,1,368,0
43.19,11,8.16,11.68,1,0,0.523,1,3,116,0
36.22,18,25.46,8.32,0,0,0.253,1,2,862,0
26.12,6,35.87,8.87,1,0,0.109,0,1,347,0
9.85,15,6.78,10.05,1,0,0.299,0,2,777,0
12.74,21,3.41,14.84,1,0,0.361,1,6,146,0
24.98,16,60.55,11.34,0,0,0.191,0,1,86,0
42.16,12,45.32,28.52,0,0,0.684,0,3,515,1
139.88,5,17.5,14.8,0,0,0.39,0,3,1665,0
31.76,5,1.27,11.09,1,0,0.55,1,4,136,1
90.33,14,21.2,9.22,1,0,0.179,1,6,752,0
97.45,10,83.26,3.21,0,0,0.038,1,2,1086,0
26.27,1,28.44,1.34,0,0,0.497,1,8,954,0
60.02,4,26.68,14.12,1,0,0.194,1,3,464,0
25.96,10,16.45,8.45,1,0,0.214,1,0,360,0
124.23,4,24.88,15.15,1,0,0.154,1,4,888,0
62.54,13,28.33,27.05,1,0,0.633,1,0,1424,0
10.07,7,19.82,7.7,1,0,0.506,1,5,666,1
38.92,6,14.53,1.8,0,0,0.518,0,2,1040,0
172.11,2,20.09,18.98,0,1,0.163,1,7,857,0
27.63,12,19.35,7.05,1,0,0.309,0,1,1661,0
51.82,4,1.66,4.66,1,0,0.151,0,2,338,0
57.16,15,72.57,4.26,1,0,0.113,1,2,1412,0
11.74,22,26.7,13.99,1,0,0.167,1,1,339,0
55.19,21,40.36,13.81,1,1,0.127,0,0,717,0
8.22,16,21.78,22.75,1,0,0.139,0,3,1417,1
17.71,19,10.97,2.55,0,0,0.354,1,5,1324,0
97.1,22,34.35,2.5,0,0,0.538,0,0,240,0
47.31,16,3.18,10.22,0,1,0.451,1,4,895,0
24.42,6,27.53,11.29,0,0,0.37,1,4,1426,0
51.75,12,34.06,20.36,0,0,0.293,0,0,1166,0
31.18,20,16.21,21.54,0,0,0.203,0,7,299,0
33.53,16,25.55,9.85,0,0,0.577,1,0,756,0
63.87,8,1.7,22.67,1,0,0.556,1,1,1116,0
16.0,4,26.41,8.15,1,0,0.301,0,1,761,0
34.48,3,12.89,8.25,1,0,0.148,0,1,299,0
24.23,9,25.65,6.84,0,0,0.297,0,3,950,0
6.78,19,16.81,2.36,1,0,0.114,0,3,1874,0
13.19,13,16.63,1.22,1,0,0.356,1,1,923,0
158.89,1,26.26,10.04,0,0,0.283,1,0,30,0
48.65,22,13.44,19.28,1,0,0.355,0,2,251,0
8.81,9,16.13,4.44,1,0,0.486,1,2,1370,0
7.1,9,62.38,21.26,0,0,0.306,0,0,1116,0
29.6,19,42.29,26.18,1,0,0.109,1,0,1078,0
157.78,9,14.53,6.13,1,0,0.1,1,1,1147,0
27.47,14,17.08,0.83,0,0,0.247,0,7,1719,0
122.36,22,10.3,6.8,0,0,0.443,0,0,1204,1
47.08,12,12.93,2.78,1,1,0.284,0,3,755,1
53.05,14,13.46,19.38,1,0,0.073,1,2,788,0
8.71,8,19.06,10.48,1,1,0.271,1,3,1100,0
84.57,21,2.02,0.81,1,0,0.072,0,2,30,0
23.69,1,12.62,13.03,0,0,0.231,1,4,1924,0
78.5,6,10.87,20.43,0,0,0.232,0,4,744,0
14.67,23,46.32,9.35,0,0,0.207,1,2,363,0
39.53,11,16.92,5.5,1,0,0.111,0,4,878,0
47.09,4,21.14,12.21,0,1,0.449,1,0,601,0
28.39,9,12.32,30.78,0,0,0.378,1,2,1891,0
49.63,6,17.03,23.13,1,0,0.32,1,0,916,0
25.37,12,12.93,1.98,0,0,0.486,1,1,1051,0
17.3,5,19.28,10.37,1,0,0.545,0,1,1265,0
164.92,9,25.5,2.92,0,0,0.2,1,0,602,0
94.53,21,4.98,5.38,0,0,0.178,1,0,855,0
15.47,1,28.25,24.51,1,0,0.235,1,5,1037,0
58.47,18,7.47,10.33,0,0,0.186,1,5,1174,0
15.76,1,63.9,3.24,1,0,0.272,0,3,320,0
10.13,10,18.96,6.68,1,0,0.512,1,2,519,0
93.11,16,20.92,16.31,1,0,0.392,0,2,30,0
6.02,22,21.56,5.05,0,0,0.445,1,3,590,0
83.67,6,18.02,10.83,1,0,0.392,0,0,989,0
25.72,1,9.42,5.48,0,0,0.197,1,1,1403,0
26.8,18,20.96,6.06,1,0,0.055,1,2,1227,0
49.89,21,20.05,26.45,1,0,0.194,1,1,494,0
59.22,13,8.44,10.02,1,0,0.617,1,1,688,0
14.49,1,5.04,14.1,1,0,0.356,0,3,1325,0
67.88,12,34.19,9.86,0,0,0.298,0,3,719,0
37.09,9,12.61,1.53,1,0,0.53,1,1,775,0
9.43,10,15.26,2.59,0,0,0.478,0,1,1551,0
27.94,1,20.12,26.34,0,0,0.426,1,1,1289,0
131.8,7,9.19,24.2,1,0,0.206,1,2,410,0
177.08,23,22.37,9.56,1,1,0.586,1,0,611,0
67.85,1,15.85,3.84,1,0,0.082,1,0,1747,0
10.07,21,17.08,1.12,0,0,0.08,1,4,1077,0
54.09,12,39.09,42.71,0,0,0.563,1,0,1526,0
77.55,14,19.55,2.41,1,0,0.359,0,2,328,0
68.42,22,14.65,4.19,1,1,0.289,1,0,1138,0
72.6,5,6.86,4.98,0,0,0.149,1,1,1221,0
47.62,23,21.48,3.75,0,0,0.188,1,1,1511,0
30.8,6,33.19,8.83,1,0,0.506,0,2,1536,1
18.02,8,14.86,39.04,1,0,0.545,1,0,697,0
4.96,10,32.99,7.64,1,0,0.269,0,0,1057,0
46.51,14,21.71,11.56,0,0,0.236,0,2,788,0
39.89,7,18.37,14.96,0,0,0.506,1,1,1229,0
57.83,19,23.75,18.07,1,0,0.305,1,2,157,0
8.69,0,5.25,9.57,0,0,0.444,1,2,30,0
63.12,15,12.77,3.38,0,0,0.233,1,2,1042,0
258.41,15,13.19,15.11,1,1,0.028,0,1,894,0
35.82,12,15.39,30.7,1,0,0.372,1,1,1036,0
31.14,14,56.9,4.72,1,0,0.274,1,2,739,1
45.11,17,18.85,12.13,0,0,0.272,0,1,1442,0
252.73,21,4.44,15.6,1,0,0.06,0,3,1156,0
11.9,5,10.31,5.9,0,0,0.248,1,2,663,0
40.58,11,17.09,17.94,1,0,0.441,0,3,827,0
14.88,13,19.49,22.64,0,0,0.285,1,3,30,0
19.16,8,0.56,12.13,0,0,0.41,1,3,2042,0
31.51,23,25.32,17.4,1,0,0.241,1,1,767,0
127.4,12,26.13,7.66,0,0,0.275,0,0,1205,0
200.54,14,6.57,2.25,0,0,0.105,1,1,1034,0
51.84,4,32.52,3.25,1,0,0.277,1,2,885,0
22.72,9,14.78,35.2,1,0,0.354,0,0,998,1
400.51,15,7.85,22.83,0,0,0.335,0,1,30,0
21.59,10,6.11,2.99,0,0,0.326,1,4,1229,0
18.71,18,24.92,2.65,1,0,0.277,1,0,647,0
5.61,3,10.92,15.4,1,0,0.334,0,0,1259,0
133.77,3,21.09,57.72,1,0,0.223,0,2,1211,0
87.2,8,5.93,9.86,1,0,0.485,1,1,852,0
371.6,7,13.32,3.96,0,1,0.314,1,2,1502,0
8.25,19,23.72,18.8,0,1,0.181,1,1,1846,0
142.33,20,38.24,25.52,0,0,0.087,0,2,487,0
35.52,11,41.19,15.41,0,0,0.311,0,2,632,0
74.15,12,37.7,13.61,1,0,0.421,1,2,30,0
6.37,7,86.63,2.93,1,0,0.545,1,4,858,0
143.75,12,21.34,19.09,1,0,0.345,1,1,1055,0
72.71,16,5.76,15.65,0,1,0.185,1,4,469,0
31.85,17,10.52,6.54,0,0,0.741,1,0,784,1
63.12,23,40.4,1.96,0,0,0.198,1,6,1916,0
15.4,13,9.34,5.99,1,0,0.082,0,1,1063,1
18.55,8,13.74,9.2,0,0,0.11,1,2,847,0
20.83,1,32.03,16.52,1,0,0.168,1,0,1090,0
5.19,16,10.34,19.01,1,0,0.585,1,1,1074,0
78.39,19,41.83,8.36,0,1,0.345,0,1,30,0
109.03,13,60.76,7.71,1,1,0.353,0,1,814,0
16.42,22,20.95,21.74,0,0,0.329,0,0,680,0
46.91,7,68.24,12.52,1,0,0.423,0,1,1534,0
25.39,1,50.44,15.49,1,0,0.256,1,2,746,0
45.98,15,32.77,6.61,1,1,0.132,1,2,1744,0
17.68,2,23.16,21.4,0,0,0.281,0,1,1336,0
13.69,2,21.61,5.02,0,0,0.009,1,2,1592,0
94.83,16,16.27,38.87,1,1,0.203,1,1,525,0
31.07,10,26.82,2.54,0,0,0.517,1,0,980,0
250.16,14,1.92,9.8,1,0,0.26,0,1,1866,0
34.69,17,52.03,2.27,1,0,0.327,0,4,139,0
13.12,9,69.06,14.6,0,0,0.232,1,1,1196,0
112.95,14,31.33,23.55,1,0,0.25,1,4,1467,1
62.23,12,49.12,15.56,1,0,0.19,1,0,837,0
68.5,13,19.38,6.26,0,0,0.401,0,1,1042,0
108.92,16,15.6,2.27,1,1,0.533,1,3,1577,0
17.24,9,12.84,6.19,1,0,0.086,1,4,1748,0
29.16,12,10.8,15.91,1,0,0.167,0,2,111,0
27.9,14,22.37,3.27,1,0,0.422,0,3,1477,1
9.11,3,41.59,1.35,0,0,0.21,1,0,325,0
25.44,5,2.22,7.53,0,0,0.634,1,2,1230,0
126.01,2,7.14,2.37,1,0,0.194,1,3,88,0
41.99,4,10.12,12.03,1,0,0.281,1,1,141,0
8.62,10,3.78,8.38,1,0,0.342,0,4,2053,0
6.99,22,28.82,7.27,1,0,0.302,1,2,1345,0
175.0,22,26.0,42.5,0,0,0.204,1,1,30,0
30.26,18,34.25,13.58,0,0,0.605,0,2,364,0
17.33,13,1.3,38.26,1,0,0.36,1,1,452,1
25.18,4,31.27,9.72,1,0,0.325,0,1,685,1
7.56,8,41.41,6.61,1,0,0.425,1,5,449,1
137.43,18,29.26,11.32,0,0,0.014,1,2,180,0
22.35,21,18.14,2.68,1,0,0.607,0,0,586,0
129.98,23,16.11,8.1,1,0,0.206,0,3,798,0
34.87,9,24.13,20.9,0,0,0.443,0,0,416,0
138.31,11,21.98,7.0,1,1,0.656,1,4,1351,1
42.81,12,10.41,5.47,0,0,0.515,1,1,338,0
77.73,1,1.48,4.35,1,1,0.435,1,2,1150,0
67.97,2,11.81,18.43,1,1,0.197,1,2,1075,0
61.76,1,63.59,12.26,1,0,0.438,0,2,635,0
46.9,17,1.84,38.33,0,0,0.324,1,2,583,0
26.24,5,21.69,33.98,0,0,0.393,0,2,1384,0
224.85,16,53.34,7.47,1,0,0.101,1,2,481,0
13.37,9,34.87,15.14,1,0,0.457,0,2,1420,1
33.26,19,38.89,6.35,0,0,0.237,1,1,898,0
33.61,2,35.76,5.42,0,0,0.143,1,1,1521,0
49.52,7,3.83,5.07,1,0,0.67,1,1,118,0
21.55,4,46.72,4.53,0,0,0.308,1,2,817,1
45.37,10,51.48,21.03,1,0,0.251,1,4,539,0
27.97,13,5.31,5.36,0,0,0.283,0,2,1705,0
6.81,4,12.74,6.51,0,0,0.1,1,4,988,0
33.43,16,19.62,12.08,0,0,0.421,0,3,628,0
11.02,23,12.88,11.17,1,0,0.346,1,2,332,1
5.85,1,9.57,10.25,1,0,0.23,0,3,435,1
37.97,2,9.79,23.94,1,1,0.294,0,1,1109,1
53.94,22,31.2,5.21,1,0,0.092,1,3,1228,0
56.08,15,38.05,4.51,0,0,0.243,0,3,1719,0
58.39,22,9.83,15.47,1,0,0.35,1,2,913,0
4.79,16,37.86,15.05,1,0,0.473,1,0,30,0
8.49,17,12.83,22.24,0,1,0.464,0,1,1099,1
238.3,3,5.7,7.4,1,0,0.008,1,2,1148,0
11.62,12,23.67,8.56,1,0,0.415,0,1,680,0
61.0,8,18.89,20.33,1,0,0.507,1,2,1203,0
16.66,20,24.37,6.13,0,0,0.19,1,3,981,0
35.86,1,24.06,9.57,0,0,0.105,1,1,1186,0
17.58,0,22.14,8.93,1,0,0.098,0,2,201,0
58.06,13,17.16,5.56,1,0,0.338,0,3,1117,1
37.97,23,37.25,23.65,0,0,0.319,0,1,188,0
21.15,23,29.46,4.75,0,0,0.225,1,0,384,0
11.59,14,13.23,14.3,1,0,0.065,1,0,947,0
43.28,10,12.95,0.49,1,0,0.518,1,2,609,0
9.85,6,3.45,15.67,1,0,0.071,1,3,612,0
50.78,23,4.11,8.88,1,0,0.52,1,2,933,0
457.82,4,16.16,14.62,1,0,0.031,1,2,888,0
127.76,3,33.86,23.82,1,0,0.633,1,1,158,0
67.92,12,8.36,8.24,1,0,0.14,0,2,772,0
30.4,9,30.46,2.86,1,0,0.318,0,1,1337,0
4.76,11,21.53,11.08,1,0,0.09,0,1,1025,0
8.83,21,8.87,15.69,1,0,0.098,1,1,1924,0
119.44,6,19.47,11.48,1,0,0.406,0,2,1149,0
15.03,21,18.86,40.0,1,0,0.24,0,1,1680,0
16.46,5,9.25,8.19,1,0,0.119,1,2,239,0
28.06,7,28.97,11.06,0,0,0.228,1,2,850,0
11.45,0,36.28,6.4,0,0,0.34,1,0,336,0
9.71,16,14.26,3.6,0,0,0.4,0,3,501,0
31.49,20,6.28,9.56,0,0,0.419,1,0,1762,0
13.58,21,37.56,8.09,1,0,0.368,1,1,30,0
15.78,4,3.82,9.8,0,0,0.183,0,4,1373,0
15.16,18,23.02,2.72,0,1,0.191,1,1,1140,0
55.83,3,8.35,3.52,1,0,0.096,0,3,1231,0
26.26,15,5.75,2.94,1,0,0.381,0,2,740,0
27.7,16,11.56,35.97,1,0,0.222,0,0,1601,0
60.16,3,18.84,5.25,0,0,0.082,0,1,989,0
28.73,2,7.07,8.77,1,0,0.356,1,3,1191,0
25.07,1,4.79,26.1,1,0,0.32,1,3,30,0
53.01,17,2.59,1.52,0,1,0.08,1,7,322,0
64.6,14,53.37,5.1,0,0,0.283,1,1,685,0
28.59,2,24.46,12.0,0,0,0.765,1,5,1177,0
35.9,12,8.94,11.98,1,0,0.088,0,1,251,0
15.15,19,25.4,18.82,1,0,0.108,1,2,30,0
14.0,5,18.69,14.48,0,0,0.262,1,3,918,0
71.46,14,31.26,5.06,0,0,0.095,1,2,384,0
51.67,7,15.24,35.65,1,0,0.316,1,2,998,0
52.21,6,35.42,5.44,0,0,0.149,0,1,696,0
43.85,9,10.18,5.62,1,0,0.101,1,1,1160,0
34.68,8,21.39,13.94,1,0,0.195,0,3,128,0
66.45,11,33.82,15.78,1,1,0.376,1,1,574,0
84.36,4,22.22,6.18,0,0,0.258,1,0,696,0
82.37,9,65.03,22.73,1,0,0.529,0,1,1331,0
29.94,14,30.82,5.39,1,1,0.161,1,4,608,0
132.55,9,25.07,9.17,1,1,0.399,0,2,871,1
41.62,15,13.45,5.67,0,0,0.482,1,0,336,0
62.33,2,21.75,15.37,0,0,0.336,0,1,1130,0
43.91,3,42.95,2.45,0,0,0.319,1,3,1195,0
42.39,20,12.01,7.61,1,0,0.271,1,1,807,0
15.87,11,8.07,5.04,0,0,0.146,1,4,555,0
66.78,14,12.07,24.71,0,0,0.102,1,1,570,0
569.81,17,11.51,3.38,1,0,0.387,0,0,717,0
22.76,3,27.73,6.23,1,0,0.384,0,3,1137,0
35.55,23,59.83,6.14,1,0,0.284,0,0,700,0
21.2,10,4.04,1.78,1,0,0.386,1,3,1455,0
20.33,21,19.12,9.04,1,0,0.105,1,2,797,0
155.16,10,7.1,11.54,1,0,0.326,1,1,310,0
16.9,9,23.77,26.83,0,0,0.213,0,1,1744,0
20.61,14,25.95,17.51,0,1,0.285,1,3,531,0
6.77,4,11.56,11.57,0,0,0.203,0,3,421,0
15.52,14,28.31,10.68,1,1,0.11,0,5,678,0
6.0,23,9.9,26.2,1,0,0.208,1,0,1461,0
62.29,15,9.89,13.22,1,0,0.235,0,0,1334,0
544.41,1,8.54,2.79,1,0,0.181,0,4,1149,0
22.95,16,12.19,20.51,1,0,0.187,1,0,1085,0
6.25,0,17.64,4.25,0,0,0.684,1,3,1043,0
81.45,2,16.09,2.25,1,0,0.222,1,0,1025,0
16.01,6,20.53,1.01,0,0,0.453,1,3,1095,0
121.43,7,27.23,16.42,1,1,0.195,1,0,689,0
24.98,0,20.74,8.98,1,0,0.017,1,3,459,0
17.61,0,52.64,9.09,0,0,0.108,0,2,1250,0
27.72,18,18.69,21.37,1,0,0.401,0,1,359,0
70.65,10,32.03,15.21,1,0,0.13,1,0,876,0
26.38,4,3.44,17.26,0,0,0.565,0,3,537,0
20.15,10,20.53,0.51,1,0,0.393,0,4,470,0
27.14,16,15.94,8.93,0,0,0.126,1,2,1186,0
9.28,17,14.76,23.31,0,0,0.23,0,3,1010,0
49.26,6,42.33,6.85,0,0,0.171,0,1,1480,0
5.55,4,66.79,2.12,0,1,0.447,1,3,686,0
21.24,23,27.45,21.6,1,0,0.204,0,2,1128,0
70.77,15,2.55,1.29,0,0,0.036,1,5,486,0
44.84,23,11.03,8.3,0,0,0.124,1,0,1018,0
59.76,7,4.17,7.49,1,0,0.173,1,2,298,0
31.03,2,20.11,0.81,0,0,0.427,1,3,484,0
106.67,9,24.85,15.87,1,0,0.206,1,1,1077,0
83.49,7,3.09,13.56,0,0,0.457,1,1,46,0
51.74,17,47.72,5.01,1,0,0.126,1,3,1461,0
83.73,17,5.66,30.02,1,0,0.213,1,2,948,0
70.14,1,23.97,1.08,1,0,0.352,1,1,646,0
21.34,14,46.99,0.42,1,0,0.378,1,2,1022,0
8.64,8,20.42,10.62,0,0,0.282,0,2,1199,0
50.42,14,9.33,3.34,0,0,0.334,1,3,1847,0
57.17,9,8.83,8.63,1,0,0.394,1,4,156,0
98.54,12,20.86,24.08,1,0,0.493,1,2,569,0
12.98,17,32.07,1.95,0,0,0.199,1,2,1476,0
13.38,7,23.33,21.81,0,0,0.497,1,1,783,0
52.45,4,8.64,2.15,1,0,0.379,1,3,1079,0
30.84,16,15.62,6.04,1,0,0.533,1,1,30,0
5.02,22,7.54,25.59,1,0,0.505,1,0,1105,0
48.19,10,7.46,16.15,1,0,0.338,0,2,853,0
5.19,23,7.07,3.64,1,0,0.17,0,2,914,1
12.87,4,12.84,12.41,0,0,0.175,0,1,979,0
127.96,19,17.02,5.58,1,0,0.198,0,4,335,1
205.38,23,18.68,6.39,1,0,0.165,1,4,470,0
9.82,7,22.37,7.55,0,0,0.42,1,3,1549,0
23.82,3,9.12,14.27,1,0,0.164,1,0,733,0
34.56,15,17.31,10.01,1,0,0.237,0,1,1864,0
196.61,20,19.09,7.76,1,0,0.401,0,1,1447,0
20.23,1,39.69,7.99,1,0,0.214,1,3,938,0
20.56,15,3.22,11.28,0,0,0.258,0,2,894,0
155.82,20,4.39,9.57,0,0,0.042,1,4,818,0
22.76,0,26.41,5.34,1,0,0.411,0,2,719,0
68.18,12,28.52,11.57,1,0,0.499,1,1,749,0
7.56,1,26.5,13.41,1,1,0.227,0,3,2038,1
27.9,4,26.29,11.85,0,0,0.398,0,2,837,0
6.3,11,59.91,19.49,1,0,0.14,1,3,1457,0
11.53,7,36.53,4.88,1,0,0.202,1,3,691,0
76.65,2,3.68,4.64,0,0,0.162,1,1,81,0
31.5,19,13.94,27.19,1,0,0.235,0,4,535,0
24.07,4,13.29,3.82,0,0,0.247,1,0,840,0
15.66,20,16.02,7.05,0,0,0.266,0,4,800,0
26.56,4,11.88,0.55,1,0,0.364,1,3,1032,0
44.75,12,6.11,2.17,0,0,0.228,1,1,740,0
88.49,17,19.37,6.08,0,0,0.184,1,5,30,0
2.4,11,41.54,5.77,1,1,0.067,1,4,1197,0
14.41,10,11.57,7.31,1,0,0.133,0,3,785,0
38.83,18,22.24,32.37,1,1,0.025,0,1,733,0
30.0,0,16.4,0.93,1,1,0.247,1,3,982,1
49.57,19,26.28,8.99,0,0,0.098,0,5,1282,0
43.27,16,15.24,8.05,0,1,0.314,1,2,1212,0
24.41,18,10.11,36.46,1,0,0.311,1,4,937,0
19.55,10,12.13,18.06,0,0,0.214,1,4,1415,0
25.91,9,40.4,5.64,1,0,0.206,1,1,1200,0
104.45,13,18.12,26.68,1,0,0.067,1,1,448,0
15.93,15,17.65,5.17,1,0,0.226,1,1,616,0
31.1,22,39.51,19.33,0,0,0.135,1,4,768,0
39.78,20,44.77,29.96,1,0,0.229,0,2,1797,0
157.65,1,1.26,10.04,1,0,0.576,0,2,947,1
24.52,3,4.51,2.83,1,1,0.242,0,2,330,0
86.38,22,31.58,0.8,1,0,0.195,0,2,1356,0
113.52,9,18.79,10.38,1,0,0.208,1,1,594,0
31.07,13,44.89,18.68,0,0,0.204,1,1,2032,0
26.82,1,3.24,60.48,1,1,0.446,0,3,1069,0
23.83,2,20.98,24.47,1,0,0.579,0,1,30,1
25.64,9,27.3,9.38,0,0,0.173,1,1,778,0
77.81,17,13.47,2.64,1,0,0.369,1,1,793,0
41.72,18,30.27,7.97,0,0,0.573,0,2,741,0
41.9,21,32.03,32.04,0,0,0.188,0,2,1319,0
10.75,4,16.56,41.61,0,0,0.134,0,2,1145,0
12.59,4,15.65,5.1,1,0,0.156,1,1,1476,0
282.43,13,34.33,7.27,1,0,0.173,1,2,1161,0
27.72,13,20.67,28.09,1,0,0.135,1,5,1101,0
15.26,0,25.92,26.78,1,0,0.36,0,2,278,0
138.53,10,20.59,5.35,0,0,0.11,0,2,1020,0
43.9,21,19.79,16.75,1,0,0.122,1,1,1186,0
59.04,3,15.62,5.7,1,0,0.297,1,1,1105,0
28.85,19,27.22,22.61,1,0,0.162,1,2,1135,0
24.08,10,8.4,9.28,1,0,0.076,1,2,108,0
27.95,12,3.43,6.6,1,0,0.2,1,3,1033,1
8.31,15,17.62,18.03,0,0,0.264,0,1,668,0
30.33,16,45.37,9.93,1,1,0.455,1,2,1176,0
44.52,15,20.7,17.64,1,0,0.542,0,4,1416,1
210.71,2,14.46,3.06,0,0,0.512,0,2,1293,0
36.09,7,12.94,3.86,1,1,0.317,1,2,776,0
3.21,20,12.22,8.54,0,0,0.187,1,3,482,0
30.14,0,0.49,4.34,0,0,0.305,1,2,896,0
512.6,17,41.03,6.08,1,0,0.065,0,4,829,1
78.76,12,11.16,8.75,1,0,0.149,1,0,1333,0
14.72,2,17.88,4.93,0,0,0.512,1,0,1365,0
59.81,2,13.75,31.2,0,0,0.235,1,4,1243,0
15.77,23,9.55,4.04,0,0,0.122,0,0,694,0
8.55,0,42.52,8.3,1,0,0.334,1,2,1346,0
23.37,0,6.4,8.47,0,0,0.221,0,5,1101,0
36.29,0,27.92,10.33,0,0,0.046,1,2,129,0
5.09,15,4.06,6.59,1,0,0.308,0,1,365,0
10.49,22,15.73,19.33,1,0,0.264,1,0,311,0
33.46,4,38.4,20.33,1,0,0.06,1,2,590,0
22.02,19,11.78,5.1,1,0,0.259,1,1,1287,0
49.15,17,26.1,21.64,1,0,0.307,1,2,1534,0
9.83,5,11.31,4.85,1,0,0.151,1,0,762,0
67.63,1,13.43,8.33,0,0,0.286,1,2,854,0
10.14,11,30.71,9.25,1,0,0.125,1,0,617,0
171.18,1,26.54,4.58,0,0,0.229,0,4,998,0
5.96,2,45.72,1.64,1,0,0.6,0,3,582,1
11.11,11,11.74,10.28,0,0,0.104,0,1,1038,0
50.27,19,22.95,2.73,1,0,0.309,1,1,1502,0
174.9,23,18.71,29.28,1,0,0.231,0,3,796,0
45.38,15,23.44,5.78,0,0,0.108,1,3,693,0
58.14,6,36.31,17.23,1,0,0.042,0,2,867,0
33.7,7,9.98,16.33,1,0,0.11,1,5,709,0
11.87,14,22.25,4.54,1,0,0.04,1,2,1044,0
20.28,4,42.17,5.94,0,0,0.384,0,2,1347,0
9.86,12,18.72,5.88,0,0,0.252,0,5,338,0
9.22,18,30.54,11.57,1,0,0.04,1,2,237,0
49.49,20,2.23,54.21,0,0,0.178,0,1,554,0
10.77,1,19.4,11.1,1,0,0.227,1,0,1116,0
45.58,6,12.34,5.49,0,0,0.58,1,4,1179,0
9.01,6,26.24,11.95,0,0,0.143,1,0,1752,0
44.54,13,22.36,2.74,1,0,0.224,1,1,1220,1
20.31,4,8.49,4.07,0,0,0.636,1,6,829,0
135.18,22,4.6,29.64,1,0,0.226,1,0,341,0
45.77,22,61.37,7.22,0,1,0.255,1,3,912,0
113.95,7,23.73,3.88,0,0,0.28,1,6,988,0
15.55,9,23.3,2.23,1,0,0.552,1,0,828,0
35.03,10,9.74,8.66,0,0,0.352,1,2,771,0
12.42,1,13.79,2.43,1,0,0.331,1,1,1075,0
21.9,21,42.49,22.93,0,0,0.632,1,2,978,0
25.48,18,19.03,16.27,1,0,0.31,0,2,1673,0
16.02,7,43.52,5.22,0,0,0.276,1,0,633,0
9.82,13,23.8,34.75,0,0,0.144,0,1,1112,0
8.06,9,37.05,5.88,1,0,0.091,0,1,732,0
3.19,5,2.01,7.21,0,0,0.221,0,0,727,0
11.52,7,9.25,4.17,0,0,0.078,1,4,929,0
62.02,2,18.75,15.15,0,0,0.211,0,3,1567,0
6.7,19,14.77,2.74,1,0,0.362,1,3,1344,0
8.43,15,26.36,5.48,0,0,0.195,1,2,333,0
198.52,22,4.6,4.68,1,0,0.041,1,2,1023,0
17.52,0,4.71,11.04,0,0,0.081,1,2,40,0
45.65,15,25.63,1.91,1,0,0.344,0,2,715,0
62.95,13,35.92,7.86,1,0,0.106,0,3,1418,0
64.23,14,13.72,22.88,0,0,0.49,1,2,654,0
7.23,23,46.66,2.35,1,0,0.329,0,2,625,0
26.28,9,54.31,15.87,1,0,0.182,1,2,1842,0
6.57,3,17.29,18.63,0,0,0.196,0,5,1124,0
382.34,0,13.32,7.51,1,0,0.2,0,3,1438,1
6.72,11,10.85,0.5,1,0,0.23,0,1,1527,0
11.61,4,9.19,15.34,0,0,0.257,0,4,867,0
11.7,3,29.43,22.29,1,0,0.171,0,0,1379,0
7.41,3,8.16,32.69,1,0,0.13,1,1,872,0
128.07,6,6.84,9.56,1,0,0.321,0,3,840,0
373.32,2,8.81,1.06,1,0,0.184,0,1,1105,0
20.58,11,17.42,15.13,1,0,0.277,0,1,1379,0
8.84,15,18.42,1.34,1,0,0.312,1,0,832,0
3.54,6,28.27,13.3,0,0,0.481,1,2,1245,0
25.94,3,16.15,17.33,1,0,0.638,1,1,454,0
24.13,13,4.28,23.42,0,0,0.352,0,2,1103,0
17.27,2,12.81,5.59,1,0,0.382,1,3,30,1
41.32,17,17.78,3.23,0,0,0.461,0,2,1001,0
49.16,9,10.27,9.7,1,0,0.32,0,1,180,0
45.75,9,22.3,1.91,1,0,0.316,0,3,1409,0
24.14,5,1.03,6.22,1,0,0.122,0,4,818,0
11.01,6,16.03,4.58,0,0,0.333,1,3,834,0
64.45,3,41.06,20.05,1,0,0.266,1,3,1010,0
33.53,13,35.2,27.73,1,0,0.07,1,1,698,0
80.51,3,19.52,14.24,0,0,0.639,1,0,689,0
72.97,16,18.28,18.09,0,0,0.387,1,1,823,0
7.99,6,24.74,9.77,1,1,0.257,1,2,393,0
7.89,13,6.92,9.08,0,0,0.49,1,2,43,0
15.56,12,33.2,1.41,0,0,0.229,1,1,641,0
11.52,15,45.7,12.17,1,1,0.104,0,1,630,0
70.47,18,15.96,17.12,0,0,0.086,1,1,30,0
47.05,13,19.5,6.95,1,0,0.304,1,1,1083,0
99.4,20,28.55,7.26,1,0,0.204,1,3,763,0
49.23,6,9.43,0.58,0,0,0.411,1,4,1243,0
40.8,18,46.71,7.44,0,1,0.217,1,0,899,0
109.92,8,60.41,20.19,1,0,0.486,0,0,745,0
52.97,15,26.28,11.63,0,0,0.065,1,5,917,0
35.45,11,49.3,8.27,1,1,0.262,0,2,98,0
145.54,21,6.07,2.58,0,0,0.309,1,4,671,0
37.16,6,21.74,5.44,1,0,0.088,1,2,1289,0
24.43,12,2.36,4.44,1,0,0.406,1,2,1991,0
14.33,3,12.82,2.97,0,0,0.302,1,4,507,0
66.89,15,13.06,11.58,1,0,0.301,0,2,1196,0
114.1,0,10.44,5.66,1,1,0.199,1,1,703,0
31.48,9,6.18,18.63,1,0,0.104,1,0,1198,0
122.48,0,26.07,8.35,1,0,0.304,0,2,1022,0
4.62,7,8.78,35.81,0,0,0.247,1,1,198,0
31.33,11,26.09,5.55,0,0,0.113,1,0,927,0
31.81,7,16.89,22.49,0,0,0.25,0,1,997,0
16.01,9,22.72,26.26,0,0,0.447,1,1,854,0
359.19,3,11.34,5.06,1,0,0.269,0,1,107,0
30.99,17,16.76,7.74,0,0,0.145,0,0,885,0
22.03,19,67.74,6.11,1,0,0.307,0,1,783,0
33.99,10,22.15,4.8,0,0,0.298,1,3,876,0
4.47,1,46.81,14.78,0,0,0.41,0,6,1202,0
15.49,1,45.13,16.22,0,0,0.077,1,0,580,0
88.52,16,5.1,4.35,1,0,0.311,1,2,979,0
17.66,22,45.04,4.27,0,0,0.094,1,1,952,0
14.46,20,16.75,8.59,1,0,0.348,1,2,332,0
122.67,9,13.05,8.35,0,0,0.166,0,2,30,0
126.5,11,7.13,1.4,1,1,0.203,1,1,848,0
55.53,3,5.14,15.07,1,0,0.157,1,1,788,0
21.01,1,25.54,1.13,0,0,0.225,1,1,614,0
26.06,18,4.94,3.84,0,0,0.419,1,3,1043,0
14.82,10,26.34,10.09,1,0,0.404,1,4,1061,0
12.25,11,1.4,14.89,1,0,0.238,0,3,593,0
11.65,8,7.72,3.59,1,1,0.15,1,2,1519,0
17.85,7,14.83,7.52,0,0,0.499,1,1,556,0
11.77,23,18.37,5.66,1,0,0.323,1,0,1792,0
6.93,19,8.12,0.12,1,0,0.325,0,3,1260,0
41.24,16,5.66,5.93,1,0,0.303,0,4,913,0
41.87,9,13.5,2.83,1,0,0.18,1,3,177,0
181.42,17,10.66,8.41,1,0,0.168,1,1,270,0
16.97,8,11.88,2.36,0,0,0.436,1,0,1020,0
44.53,12,27.33,5.5,0,0,0.446,1,1,781,0
45.27,3,40.18,7.51,1,0,0.391,1,1,533,0
25.69,17,12.87,9.04,0,0,0.417,1,0,1152,0
69.71,1,27.35,6.81,0,0,0.252,1,3,882,0
71.9,17,10.95,21.75,0,0,0.059,1,4,369,0
45.94,14,10.22,10.68,1,0,0.098,1,0,708,1
25.65,1,13.43,13.94,0,0,0.23,0,1,782,0
23.16,12,36.08,7.69,0,0,0.163,1,1,1190,0
8.43,5,3.82,2.09,0,0,0.393,0,3,895,1
14.79,11,3.25,1.71,1,1,0.149,1,3,914,0
17.78,0,53.02,6.69,1,0,0.444,0,1,1451,0
10.76,17,7.89,25.49,1,0,0.425,0,2,66,0
51.41,12,15.01,10.24,0,1,0.06,1,5,1773,0
109.58,8,11.8,17.82,1,0,0.455,0,3,155,0
13.36,21,45.97,3.23,1,0,0.204,0,0,202,0
43.97,15,35.82,9.04,0,0,0.187,1,2,756,0
11.77,14,5.59,21.92,0,0,0.385,1,3,544,0
24.41,3,18.5,18.07,0,0,0.113,1,2,1829,0
16.6,12,22.4,4.69,0,0,0.166,0,2,421,0
60.45,16,26.77,7.69,1,0,0.129,1,0,524,0
16.8,22,2.02,19.04,0,0,0.389,0,2,849,1
91.07,14,3.24,4.28,0,0,0.27,1,3,1682,0
25.9,4,28.21,7.22,1,0,0.357,0,5,1455,1
17.29,16,4.8,0.68,0,0,0.281,1,1,1002,0
9.46,1,22.11,16.67,1,0,0.285,0,4,272,0
42.66,7,5.91,15.84,0,0,0.166,0,2,30,0
81.06,22,3.49,0.87,0,0,0.45,1,1,408,0
43.52,19,7.63,7.23,0,0,0.495,1,3,30,0
310.7,21,16.36,20.28,1,0,0.316,1,0,276,0
138.35,8,21.36,2.51,1,0,0.178,0,2,30,0
24.35,16,23.36,11.2,0,0,0.293,0,5,1078,0
24.09,16,30.7,5.55,1,1,0.33,1,1,264,0
52.97,5,8.05,20.02,1,1,0.468,1,2,1388,0
14.32,22,29.45,0.62,1,0,0.495,1,2,962,1
106.3,23,17.64,0.73,0,1,0.089,1,2,875,1
47.54,2,19.88,4.21,0,0,0.181,1,3,1227,0
42.8,18,72.01,8.78,1,0,0.094,1,2,683,0
65.82,10,25.93,8.92,1,0,0.212,1,1,936,0
185.46,16,14.0,1.05,0,0,0.659,1,3,436,0
39.29,13,12.13,12.48,0,0,0.136,1,6,1394,0
29.58,5,16.49,14.75,1,1,0.331,1,2,1565,0
149.71,2,4.05,8.96,0,0,0.318,0,4,666,1
87.14,12,22.09,20.38,0,0,0.121,0,1,1539,0
24.02,20,16.33,13.27,1,0,0.124,0,1,868,0
33.29,19,19.69,5.45,0,0,0.269,0,2,1249,0
40.26,6,17.57,25.56,0,0,0.532,0,3,858,0
47.55,20,4.54,28.84,1,0,0.307,1,9,784,0
8.53,8,26.59,11.38,0,0,0.25,0,3,648,0
7.08,13,10.0,3.32,1,1,0.266,0,1,1173,0
13.63,7,33.29,19.79,1,0,0.083,1,2,288,0
12.62,12,28.26,1.93,0,0,0.473,0,2,1003,0
17.39,12,51.01,3.6,1,0,0.185,1,3,1401,0
62.47,16,16.45,17.76,0,0,0.348,0,2,379,0
27.97,11,30.71,3.08,0,0,0.432,0,2,1286,0
40.3,12,54.98,23.81,1,0,0.163,0,2,1465,0
9.73,15,9.22,3.29,1,0,0.153,0,0,472,0
20.87,10,36.2,6.43,1,0,0.116,1,2,755,0
59.58,12,25.59,5.83,0,0,0.689,1,3,527,0
60.04,2,6.68,14.67,1,0,0.345,1,2,964,0
16.05,20,14.88,14.44,1,0,0.142,1,1,339,0
38.93,3,79.67,5.66,0,0,0.42,1,4,1322,0
298.52,20,34.8,13.06,0,0,0.067,0,1,571,0
32.54,18,23.8,10.06,0,0,0.345,1,3,349,0
16.56,22,9.46,15.54,1,0,0.097,1,3,1119,0
27.83,0,1.46,13.81,1,0,0.192,1,1,374,0
36.31,5,4.86,3.23,1,0,0.121,1,5,871,0
28.47,1,16.98,23.92,1,0,0.038,1,2,1446,0
32.09,10,16.99,0.86,0,0,0.095,0,3,1325,0
7.82,21,41.68,6.39,0,0,0.314,0,3,1406,0
12.65,18,7.5,13.11,1,0,0.809,1,2,754,0
28.52,16,6.9,8.17,1,0,0.242,1,5,864,0
28.07,20,25.88,7.41,1,0,0.365,1,0,1126,0
18.8,0,12.34,6.25,1,0,0.157,0,3,745,0
27.74,18,12.22,5.49,1,0,0.215,1,1,1179,0
35.2,7,38.79,21.86,0,0,0.08,0,2,223,0
80.59,16,6.49,7.53,1,0,0.562,1,3,862,0
29.99,18,34.77,7.53,0,0,0.093,0,3,1480,0
49.36,16,23.58,4.09,1,0,0.192,1,2,724,0
19.27,10,11.27,14.12,1,0,0.62,0,2,908,0
58.68,14,16.56,1.78,1,0,0.302,1,2,2001,0
48.22,11,8.27,32.88,1,1,0.646,0,4,583,1
78.71,15,14.41,3.26,1,0,0.14,1,1,842,0
67.59,11,52.92,7.41,0,0,0.284,0,0,30,1
59.66,9,9.15,11.79,1,0,0.495,0,1,1095,0
30.01,4,2.78,18.6,0,0,0.252,0,2,1222,0
42.31,9,16.97,6.03,0,0,0.188,1,4,1191,0
95.92,17,46.65,4.91,0,0,0.164,1,1,1749,0
17.25,20,20.15,9.41,0,0,0.234,1,2,1175,0
17.67,2,13.67,4.27,1,0,0.322,1,0,865,1
39.7,4,13.17,6.76,1,0,0.079,1,0,1271,0
50.16,12,35.5,26.13,0,0,0.101,0,0,661,0
14.53,16,22.14,3.23,0,0,0.461,0,1,1204,0
30.73,4,25.83,0.41,0,0,0.341,1,2,2330,0
30.14,7,18.87,3.87,0,0,0.35,0,0,1919,0
3.61,1,31.37,1.75,0,0,0.069,1,3,1709,0
26.59,1,52.92,13.65,1,0,0.677,0,2,1093,1
28.29,3,16.74,4.9,1,1,0.085,1,6,466,0
28.21,17,21.83,20.22,1,0,0.411,1,2,720,0
136.44,20,51.35,6.61,1,0,0.181,0,2,2044,0
9.82,11,18.83,1.8,0,0,0.451,1,2,799,0
14.52,4,35.15,18.26,1,0,0.587,1,0,1508,0
2.43,22,7.75,3.4,0,1,0.29,1,0,465,0
20.47,6,8.86,0.4,0,0,0.651,1,0,1116,0
22.29,3,61.61,11.33,0,0,0.411,1,1,1215,0
19.89,3,29.45,4.05,0,0,0.176,1,2,582,0
100.25,8,15.03,12.1,0,0,0.236,0,2,279,0
78.31,17,10.72,16.15,0,0,0.338,1,6,573,0
35.8,9,13.2,10.22,0,0,0.47,1,2,1365,0
22.86,10,5.08,4.27,1,1,0.55,0,1,1612,1
92.41,8,27.67,18.77,0,0,0.242,0,0,586,0
32.47,22,25.64,3.04,0,1,0.222,1,3,523,0
14.61,16,25.2,12.12,1,0,0.402,1,3,400,0
5.95,15,43.6,14.24,1,0,0.172,1,0,1500,0
21.3,10,17.99,8.59,1,0,0.281,0,1,619,0
70.43,12,23.61,15.86,1,1,0.279,1,1,151,0
322.64,21,2.94,10.29,0,0,0.391,1,3,777,0
35.22,15,29.67,11.56,0,0,0.674,1,2,537,0
15.4,19,26.11,15.9,1,0,0.238,1,0,1590,0
10.13,0,5.77,9.82,1,0,0.671,0,2,1305,1
57.51,20,15.09,17.42,0,0,0.09,1,3,1032,0
5.67,22,39.43,23.06,0,0,0.136,1,1,1615,0
57.42,16,23.05,12.47,1,0,0.185,1,1,1003,0
75.02,22,9.99,16.2,1,0,0.047,1,1,751,0
51.23,13,26.17,8.63,1,0,0.213,0,2,486,0
26.58,6,57.67,23.38,1,0,0.28,0,2,723,0
58.26,14,4.15,10.98,1,0,0.199,1,3,153,0
39.29,15,28.9,15.09,1,0,0.463,1,2,1569,0
15.21,3,22.37,1.86,1,1,0.112,0,3,574,0
210.7,4,5.23,14.07,1,0,0.401,1,2,135,0
23.3,6,23.17,9.28,1,0,0.202,1,1,1422,0
71.93,13,10.87,13.64,0,0,0.63,1,1,844,0
2.95,3,13.79,14.79,0,0,0.515,1,0,30,0
118.68,18,26.28,15.99,0,0,0.243,1,2,196,0
143.85,2,25.51,14.21,1,0,0.276,1,2,279,1
34.12,22,25.12,6.98,1,1,0.591,1,5,99,0
57.9,16,79.44,30.02,1,0,0.281,0,4,707,1
57.89,8,15.63,20.24,1,1,0.372,1,1,1321,0
17.41,8,6.45,7.65,0,0,0.334,1,0,981,0
57.23,16,29.14,7.3,0,0,0.248,1,1,30,0
14.75,2,22.26,2.64,1,0,0.098,0,0,576,0
18.02,17,11.36,3.92,1,0,0.082,0,1,1095,0
102.2,13,10.68,7.49,0,0,0.596,1,3,791,0
87.76,5,45.63,22.74,0,0,0.208,1,1,1108,0
16.34,21,1.79,6.74,0,0,0.278,0,1,956,0
15.9,15,21.87,2.59,1,1,0.613,0,3,354,1
17.36,3,10.31,13.44,1,1,0.477,1,0,269,1
68.9,15,24.26,14.27,1,0,0.303,0,3,810,1
12.18,9,8.91,6.8,0,0,0.26,0,2,556,0
47.31,18,24.71,20.64,1,0,0.348,0,2,989,0
69.88,11,37.81,21.72,0,0,0.198,1,1,1428,0
30.32,23,11.63,0.97,1,0,0.269,0,4,1437,0
90.93,22,13.2,14.35,1,0,0.382,0,2,259,1
24.43,0,24.01,0.34,0,0,0.075,1,1,644,0
26.74,9,31.01,7.57,0,0,0.428,1,2,351,0
12.46,4,69.47,41.06,0,1,0.394,1,3,1209,0
91.58,10,13.44,13.79,0,1,0.284,1,0,1065,0
15.39,3,13.19,4.48,0,0,0.255,0,3,1575,0
46.98,12,6.92,14.97,1,0,0.329,1,0,629,0
30.84,3,1.16,4.1,0,0,0.432,0,3,696,0
11.56,14,38.05,11.05,1,0,0.217,1,5,682,0
18.01,10,16.24,3.28,0,0,0.607,0,3,1137,0
132.01,23,6.68,5.89,1,0,0.169,1,2,1098,0
40.51,21,33.97,20.37,0,0,0.558,1,6,313,0
12.07,14,29.09,29.41,0,0,0.377,0,3,30,0
44.94,10,13.06,11.02,1,0,0.581,1,2,787,0
28.61,17,22.57,16.34,0,0,0.184,1,3,309,0
1047.38,16,7.83,5.09,1,0,0.267,0,2,696,0
44.04,3,30.2,2.81,1,0,0.078,1,1,1088,0
22.63,9,11.08,10.04,1,0,0.052,1,4,276,0
137.01,23,41.22,9.5,1,1,0.14,1,5,362,1
5.25,7,26.56,7.34,0,0,0.198,1,1,815,0
36.39,0,5.4,7.04,1,0,0.485,1,1,2127,0
243.33,20,38.13,13.74,0,0,0.311,1,2,592,0
29.48,22,35.97,4.95,1,0,0.184,0,8,1182,0
5.85,15,32.58,3.83,1,1,0.601,0,0,191,1
22.29,15,33.88,12.1,0,0,0.415,1,3,1612,0
141.81,8,18.09,1.53,1,0,0.278,1,2,795,0
48.23,8,22.27,13.1,1,0,0.543,1,0,923,1
14.31,21,15.41,5.6,1,0,0.248,0,1,548,0
16.69,20,2.91,15.71,1,0,0.391,1,3,703,0
18.92,11,26.23,23.79,0,1,0.686,0,2,1723,0
47.52,7,4.09,3.83,1,1,0.409,1,1,522,0
126.24,4,6.9,6.89,0,0,0.287,1,3,709,0
94.86,0,10.56,19.37,0,0,0.14,1,0,964,0
52.25,11,19.0,11.01,0,0,0.506,1,2,908,0
8.74,13,60.29,29.87,0,0,0.579,1,1,791,0
8.78,16,10.48,11.36,1,0,0.475,0,0,836,0
56.44,19,63.7,22.9,0,0,0.209,1,2,1456,0
8.62,8,35.23,2.32,1,1,0.139,0,2,1238,0
26.43,4,23.84,3.69,0,0,0.273,0,2,659,0
44.89,20,9.45,27.03,1,1,0.053,1,3,980,0
10.62,18,19.23,3.6,0,1,0.256,0,2,1283,0
11.89,12,20.48,27.26,0,0,0.155,0,0,920,0
30.14,0,29.91,4.25,1,0,0.314,0,5,151,0
54.8,11,9.91,1.75,0,0,0.237,1,5,1574,0
95.73,14,36.01,7.27,1,0,0.119,1,5,117,0
60.77,20,17.51,2.32,0,0,0.19,0,2,1916,0
35.65,12,26.17,14.61,1,0,0.218,0,2,827,1
15.7,11,16.38,0.35,1,0,0.34,1,0,1689,0
11.35,9,44.95,35.44,0,1,0.254,1,1,630,0
19.87,9,7.32,9.47,1,0,0.243,1,1,1246,0
49.9,0,22.77,15.26,1,0,0.187,1,0,242,0
46.37,2,5.27,16.88,0,0,0.501,0,0,997,0
4.06,18,27.79,10.42,1,0,0.217,1,0,398,0
15.09,8,6.74,12.93,1,0,0.202,1,4,1071,0
110.44,20,14.69,6.33,1,0,0.23,0,1,1873,0
35.85,9,13.27,16.83,0,0,0.329,1,3,1316,0
8.03,23,74.58,30.8,1,0,0.255,1,1,1211,0
349.26,4,9.71,6.12,0,0,0.412,0,1,892,0
32.17,4,36.22,18.54,0,0,0.106,0,1,441,0
48.63,14,1.08,21.13,0,0,0.65,1,5,1999,0
49.38,19,19.05,5.77,1,0,0.265,0,0,54,0
22.93,3,46.34,8.61,1,0,0.188,0,0,1595,0
16.0,12,3.13,8.25,1,0,0.265,1,2,1167,0
276.35,5,35.09,7.4,0,0,0.451,0,2,711,0
90.31,17,16.48,4.37,1,0,0.477,0,2,1264,0
75.33,13,1.68,8.92,1,0,0.257,1,2,1039,0
58.93,15,38.75,7.08,1,0,0.129,1,1,965,0
12.14,6,28.79,24.51,1,0,0.158,1,2,672,0
118.81,6,8.49,11.15,1,0,0.197,0,1,197,0
14.25,15,30.11,4.82,1,0,0.355,1,2,383,0
43.96,8,3.44,25.66,0,0,0.562,0,1,1189,0
6.43,16,11.15,22.03,0,1,0.292,1,1,693,0
4.3,3,18.66,7.3,1,0,0.108,0,2,1079,0
45.53,7,17.89,10.57,1,0,0.136,1,1,329,0
14.74,2,25.57,24.73,1,0,0.07,0,0,393,0
4.53,2,73.33,17.92,0,0,0.383,0,0,612,0
56.86,6,21.6,1.32,1,0,0.165,0,3,1841,0
275.91,11,22.05,3.35,1,0,0.27,0,1,644,1
132.9,3,41.33,5.33,1,0,0.166,1,2,394,0
25.6,2,17.8,5.96,1,0,0.305,1,2,1589,0
33.41,21,2.53,8.43,1,0,0.053,1,2,1830,0
80.46,12,19.94,12.52,0,0,0.378,0,2,128,0
101.71,17,2.12,8.42,1,0,0.236,1,4,471,0
23.49,17,38.59,21.48,1,0,0.267,0,1,1959,1
34.27,2,18.48,6.08,0,0,0.342,0,2,828,0
44.73,14,24.78,21.49,1,0,0.08,1,0,1192,0
57.62,20,7.45,11.19,1,1,0.419,1,1,812,0
28.99,10,7.82,10.6,1,1,0.164,1,2,1141,0
29.37,20,28.52,16.51,1,1,0.246,1,3,843,1
131.61,22,14.67,14.51,1,0,0.363,1,3,710,0
111.0,13,9.78,8.39,0,0,0.038,0,2,481,0
53.38,2,46.33,4.3,0,0,0.299,0,1,919,0
184.77,14,20.35,24.95,1,0,0.25,0,2,898,0
22.5,21,11.05,10.05,1,0,0.611,0,3,1331,0
167.83,13,21.34,10.14,1,0,0.314,0,3,797,0
56.97,19,12.85,48.19,0,0,0.236,1,2,460,0
872.21,12,26.74,21.65,1,0,0.334,1,0,469,0
10.05,10,7.02,7.75,1,0,0.146,1,0,769,0
16.62,22,39.05,9.34,0,0,0.267,0,1,105,0
50.34,3,12.84,3.84,1,0,0.121,1,3,1251,0
49.27,10,5.08,2.55,1,1,0.201,1,4,1165,0
232.79,3,5.77,7.74,1,0,0.225,1,2,1885,0
16.97,15,15.55,13.72,0,0,0.132,0,3,174,0
81.85,22,9.84,4.14,0,0,0.458,0,2,698,0
105.9,23,4.08,17.97,0,0,0.505,0,0,506,0
67.0,5,4.34,3.16,1,0,0.22,1,0,1427,0
12.67,17,18.63,7.85,1,0,0.045,1,2,1319,0
135.34,20,22.28,16.7,0,0,0.181,0,1,994,0
113.22,20,19.68,37.27,0,0,0.139,0,2,1048,0
60.32,12,45.38,27.65,1,0,0.082,1,2,1502,0
40.62,4,24.78,23.22,1,0,0.122,1,0,759,0
41.52,11,10.93,10.38,1,0,0.374,0,0,1205,0
30.61,18,8.16,18.78,1,0,0.181,1,4,1171,0
62.85,14,3.54,7.24,1,0,0.234,1,2,499,0
34.16,9,29.66,15.82,1,0,0.396,0,1,470,0
14.17,5,60.54,2.26,1,1,0.179,0,1,539,0
11.6,15,34.26,12.53,0,0,0.428,0,2,1551,0
15.61,10,14.81,2.24,1,0,0.26,1,2,1244,0
41.35,11,9.02,22.08,1,0,0.556,0,5,1559,0
32.23,22,28.14,18.04,0,0,0.035,0,2,554,0
41.07,0,15.49,29.69,1,0,0.074,1,3,1712,0
54.64,5,14.12,2.68,0,0,0.228,1,2,477,0
17.68,22,47.96,47.85,1,0,0.054,1,3,88,0
143.4,22,2.64,9.28,0,0,0.362,0,1,30,0
25.34,7,23.85,21.84,1,1,0.279,1,0,733,0
21.47,23,9.64,3.67,0,0,0.2,0,2,814,0
53.64,5,18.0,13.39,1,0,0.261,0,3,525,0
5.28,1,7.91,8.34,1,0,0.135,1,2,30,0
15.02,7,15.5,18.03,1,0,0.033,1,3,1332,0
88.33,12,82.92,1.0,0,0,0.657,1,2,948,0
5.83,0,31.95,3.31,1,0,0.485,0,2,1178,1
101.25,4,28.13,23.7,1,1,0.06,1,1,1584,0
150.08,18,18.4,3.22,0,0,0.131,1,2,30,0
22.89,14,17.11,8.47,1,0,0.697,1,3,1375,0
44.34,14,19.4,7.39,1,0,0.172,0,4,1073,0
101.4,23,25.99,12.22,1,1,0.405,1,2,1412,0
20.76,5,32.39,4.08,1,0,0.501,0,0,1521,0
78.87,21,65.6,25.35,1,0,0.43,0,2,820,0
16.93,8,14.76,12.44,1,0,0.421,0,3,2463,0
20.54,22,47.15,27.48,0,0,0.177,1,2,1554,0
14.89,18,66.1,17.89,0,1,0.028,1,4,730,0
46.65,5,34.19,11.8,0,0,0.412,1,2,529,0
105.42,5,16.87,0.18,1,0,0.17,0,2,286,1
27.55,13,34.36,15.7,1,0,0.634,1,0,626,0
9.29,12,3.86,15.56,0,0,0.167,1,1,1064,0
11.22,5,58.52,27.08,0,0,0.397,0,5,717,1
49.14,6,36.57,10.95,1,0,0.297,1,2,1454,0
209.37,21,16.3,10.1,0,0,0.133,0,6,1541,0
49.09,18,15.33,16.46,0,0,0.236,1,3,1212,0
22.49,4,4.94,10.04,0,0,0.419,1,3,799,0
71.25,17,40.64,6.21,1,0,0.291,1,3,1563,0
26.06,3,15.61,18.98,0,0,0.129,1,5,961,0
22.69,10,62.08,0.75,1,0,0.697,1,6,1920,0
12.7,0,3.79,9.9,1,0,0.612,1,1,32,0
135.43,15,8.06,6.67,1,0,0.486,1,2,1010,0
2.61,4,7.2,3.19,0,0,0.255,0,2,1179,0
73.54,5,0.94,12.06,0,0,0.24,1,4,1829,0
20.83,4,29.74,29.9,1,0,0.158,1,4,784,1
21.97,4,6.07,3.89,1,0,0.178,1,3,1305,0
179.88,1,8.1,15.71,0,0,0.338,1,1,30,1
16.21,13,6.45,13.84,0,0,0.022,1,2,845,0
16.78,20,13.03,2.6,1,0,0.155,1,4,1296,0
29.07,7,53.66,13.73,0,0,0.199,1,2,1141,0
50.09,18,26.0,7.01,1,0,0.61,1,2,776,0
21.29,13,21.05,5.02,1,0,0.358,0,0,405,0
6.86,6,18.03,4.91,1,0,0.188,1,1,883,0
13.93,1,11.29,50.52,1,0,0.555,0,4,958,1
119.26,18,11.44,1.29,1,0,0.287,1,2,923,0
35.69,0,20.24,22.89,1,0,0.474,1,0,1938,0
51.99,10,49.58,7.89,1,1,0.143,0,0,499,0
25.5,0,10.57,3.55,1,0,0.255,1,2,1479,0
17.12,18,37.41,6.51,0,0,0.081,0,1,1152,0
177.25,23,6.74,24.27,1,0,0.186,1,1,720,0
27.43,7,29.57,25.12,0,0,0.119,1,2,1299,0
21.26,7,48.22,3.42,1,0,0.644,1,4,1705,0
99.1,13,16.91,13.4,1,1,0.505,0,2,184,0
16.08,12,11.36,12.66,1,0,0.425,1,1,2060,0
18.27,9,29.49,7.57,1,0,0.155,0,3,1873,0
33.46,8,57.78,14.56,1,0,0.263,0,2,1448,0
33.12,4,36.21,17.57,1,0,0.134,1,2,764,0
42.93,6,63.29,3.21,1,0,0.276,0,1,602,0
268.18,14,18.28,1.13,0,0,0.105,1,1,2157,0
46.35,17,17.38,2.58,0,0,0.315,1,1,1394,0
3.07,18,4.27,6.31,1,0,0.282,0,0,1563,0
45.89,12,10.93,7.63,1,0,0.216,0,2,2023,0
34.39,18,16.34,18.99,0,0,0.346,0,0,1744,0
34.59,14,17.71,8.77,1,1,0.093,1,1,816,0
42.35,8,29.09,6.32,0,1,0.191,1,3,535,1
32.18,8,11.96,1.05,0,0,0.286,1,2,540,0
31.42,12,12.6,23.64,1,1,0.196,1,2,841,0
61.13,7,70.82,3.42,1,0,0.33,1,0,338,0
19.26,18,1.01,25.21,1,0,0.556,1,1,1025,0
12.84,4,7.84,5.7,1,0,0.233,0,1,208,0
681.15,1,1.46,2.79,1,0,0.089,0,3,1628,0
16.19,11,1.99,9.52,0,0,0.119,1,2,1786,0
36.6,1,13.3,4.02,1,0,0.25,1,2,1231,0
7.42,4,23.22,7.13,1,1,0.245,0,0,1227,0
37.21,9,12.85,9.25,1,0,0.185,1,5,1401,0
13.02,0,24.31,17.39,1,0,0.049,0,4,455,0
21.27,5,32.52,36.02,0,0,0.071,0,1,522,0
94.17,13,21.2,5.05,1,0,0.433,0,3,1163,0
53.09,8,24.25,10.29,1,0,0.199,0,2,30,0
58.46,21,14.3,2.08,0,0,0.059,0,2,1063,0
5.63,2,11.94,15.13,0,0,0.109,1,0,1505,0
207.87,17,1.27,11.0,1,0,0.316,1,1,526,0
10.06,14,33.75,1.02,1,0,0.11,0,1,1389,0
152.71,15,20.46,11.56,0,0,0.229,1,1,1154,0
91.98,16,22.87,3.84,1,0,0.127,1,3,850,0
58.99,1,4.03,7.02,1,0,0.355,1,1,510,0
14.08,19,8.31,29.73,1,0,0.167,0,2,900,0
38.54,7,13.66,1.3,1,0,0.568,0,1,835,0
20.68,15,6.03,16.25,1,0,0.356,0,1,1003,0
34.09,7,20.95,3.22,0,1,0.344,1,0,733,0
25.79,9,19.82,2.57,0,1,0.262,1,0,632,0
4.31,16,18.84,4.8,0,0,0.231,0,1,851,0
101.68,22,33.38,2.29,0,0,0.62,1,0,1093,0
30.54,21,21.34,42.6,1,0,0.087,0,2,1626,0
20.39,17,45.48,1.13,1,0,0.252,0,0,1314,0
18.91,12,21.91,2.02,0,0,0.072,1,1,376,0
47.39,12,9.96,0.68,0,0,0.219,1,2,1137,0
13.55,23,17.44,3.72,0,1,0.069,1,0,1376,0
3.47,4,0.58,9.67,1,0,0.255,1,2,1540,0
49.76,22,23.08,10.68,1,0,0.246,1,0,860,0
55.65,15,8.56,11.91,0,1,0.373,0,1,2350,0
27.12,14,19.45,12.61,1,0,0.311,1,5,1135,0
10.51,14,9.83,20.21,0,1,0.095,1,4,729,0
36.2,19,6.03,30.19,1,0,0.13,0,1,198,0
7.66,16,55.64,15.02,0,0,0.498,0,4,1373,0
11.86,2,9.66,9.32,1,0,0.415,1,2,694,0
15.63,18,8.11,3.33,0,0,0.327,1,1,230,0
77.01,17,29.99,10.25,1,0,0.305,0,3,845,0
23.04,21,13.29,14.55,0,0,0.324,0,1,1873,0
21.16,22,9.01,6.77,1,0,0.433,1,4,826,0
233.85,22,30.62,17.24,1,0,0.341,0,3,642,0
47.11,1,17.02,12.41,1,0,0.289,0,0,502,0
46.48,15,33.65,4.07,0,0,0.626,1,4,1988,0
22.88,22,46.61,4.85,1,0,0.147,0,3,698,0
18.24,23,13.0,22.83,0,0,0.262,0,3,933,0
3.72,13,28.78,0.67,1,1,0.301,0,2,1255,0
87.25,21,48.14,2.71,0,0,0.303,1,2,109,0
51.85,21,57.26,44.76,1,0,0.355,1,2,486,0
27.68,0,10.75,12.8,0,0,0.435,1,4,813,0
28.87,21,37.23,4.79,1,0,0.271,0,4,614,0
69.14,15,1.61,12.97,0,0,0.276,1,2,754,0
7.0,13,21.68,4.37,1,0,0.108,1,1,2082,0
18.36,4,4.66,9.26,1,0,0.266,1,3,1708,0
10.63,22,13.01,5.4,0,1,0.153,1,0,123,0
194.71,7,75.06,12.58,1,1,0.354,1,2,778,0
79.49,10,34.14,7.39,0,1,0.161,0,1,1540,1
3.66,7,4.78,4.89,1,0,0.479,1,2,794,0
7.29,23,6.55,9.23,0,1,0.295,1,1,416,1
29.01,11,39.9,6.07,1,0,0.473,1,2,1493,0
20.65,2,38.98,6.06,1,0,0.061,0,3,1023,0
8.81,0,40.47,1.59,0,0,0.576,1,0,373,0
231.54,23,21.6,12.31,1,1,0.441,1,4,587,0
45.27,5,34.03,55.87,0,0,0.339,1,2,766,0
53.24,18,13.54,9.63,0,0,0.347,1,2,562,0
16.58,0,13.03,6.45,1,0,0.139,1,0,411,0
68.19,21,20.67,6.66,1,0,0.408,1,2,1261,0
22.64,15,8.86,22.14,1,0,0.192,1,3,578,0
24.94,5,7.56,9.89,0,1,0.039,0,1,32,1
61.01,21,27.44,7.84,0,0,0.486,1,2,1338,0
6.49,7,29.27,7.37,0,0,0.532,1,1,992,0
163.54,23,7.74,8.97,1,0,0.651,1,3,628,0
39.74,14,10.81,2.95,1,0,0.24,1,3,1323,0
119.22,10,24.6,3.08,0,0,0.323,1,3,923,1
11.3,1,23.06,1.31,0,0,0.302,1,4,1067,0
13.16,6,21.62,12.6,1,0,0.127,1,1,905,0
10.36,1,8.11,0.2,1,0,0.288,1,0,1006,0
42.53,20,82.0,10.38,1,0,0.339,1,3,978,0
35.37,2,12.04,4.81,0,0,0.338,1,2,1252,0
20.81,2,25.37,2.87,1,0,0.431,0,1,490,1
12.01,2,6.0,9.33,1,0,0.202,1,4,852,0
9.33,23,17.03,5.61,0,0,0.341,0,1,1144,0
31.55,23,7.56,9.13,1,0,0.618,1,3,252,0
20.79,17,11.62,3.16,1,0,0.401,0,5,1041,1
16.68,1,21.93,11.37,0,1,0.454,1,1,806,0
155.57,12,44.92,7.61,0,0,0.469,0,3,1259,0
30.5,22,10.57,16.6,1,0,0.216,1,2,962,0
117.92,2,21.11,1.67,0,0,0.27,0,4,1275,0
19.43,19,25.12,5.58,0,0,0.512,1,4,1451,0
42.3,0,30.26,4.9,1,0,0.409,1,0,227,0
31.33,19,2.38,13.86,1,0,0.685,1,3,1182,0
6.06,13,33.57,19.96,1,0,0.048,1,3,1674,0
138.15,21,25.34,9.82,1,0,0.184,1,2,960,0
28.93,9,21.59,7.35,0,0,0.381,1,2,1116,0
69.85,18,9.46,16.61,0,0,0.181,0,1,841,0
15.61,20,23.11,6.1,1,0,0.386,1,4,1283,0
28.08,7,67.39,29.97,1,0,0.107,0,2,1025,0
13.92,15,41.45,3.95,1,0,0.051,1,3,1683,0
113.98,11,12.95,0.52,1,0,0.64,0,2,1141,0
45.21,10,21.35,1.62,1,1,0.17,1,2,110,0
47.8,19,21.86,5.79,1,0,0.196,1,1,1138,0
128.79,5,14.62,41.39,0,0,0.112,1,0,721,0
105.25,2,4.96,3.08,1,0,0.216,1,3,894,0
71.19,11,13.14,29.69,0,0,0.574,0,2,217,0
7.99,19,26.76,9.72,1,0,0.193,0,1,173,1
16.52,3,12.89,3.07,0,0,0.493,1,4,933,1
12.14,8,17.02,6.33,0,0,0.242,0,1,1853,0
68.55,16,45.3,18.07,1,0,0.541,1,2,30,0
39.28,11,17.1,7.09,1,0,0.223,0,2,384,0
8.24,14,18.0,3.16,0,0,0.604,1,2,908,0
27.42,12,19.89,5.88,1,0,0.172,0,3,1658,0
7.43,19,11.9,21.47,0,0,0.331,0,2,987,0
31.4,21,34.34,50.87,1,0,0.234,0,2,127,0
6.33,10,6.02,17.3,0,0,0.249,1,2,354,0
56.19,10,11.85,31.32,0,0,0.32,1,1,462,0
48.33,6,21.43,16.93,1,1,0.239,1,4,865,0
223.17,10,13.57,16.81,0,0,0.373,1,0,1381,0
77.31,20,53.65,13.83,1,0,0.502,1,5,1514,1
21.7,12,18.14,11.87,1,0,0.769,0,1,580,0
75.04,16,17.75,4.09,1,0,0.283,1,1,1079,0
8.19,10,7.72,8.9,1,0,0.11,1,1,1181,0
12.65,16,13.81,17.26,0,0,0.449,1,2,1811,0
46.21,17,33.27,11.92,1,0,0.242,1,7,1395,0
3.83,12,9.9,1.31,1,0,0.059,1,1,128,0
31.91,22,3.16,21.31,1,0,0.274,1,5,2028,0
11.94,21,15.83,14.49,1,0,0.381,1,1,1247,0
36.65,3,18.83,20.36,1,1,0.419,0,1,1400,0
11.27,5,12.54,3.0,0,0,0.427,1,3,1086,0
50.62,22,45.77,1.34,0,0,0.031,1,2,750,0
33.76,9,74.93,7.1,0,0,0.261,1,0,1148,0
134.34,7,21.32,12.42,0,0,0.254,0,1,1073,0
33.34,19,13.69,27.72,1,0,0.442,0,3,57,1
15.35,14,26.77,11.06,1,0,0.077,1,3,1248,0
25.87,3,46.0,37.19,1,0,0.182,0,1,750,0
8.63,2,10.59,5.57,1,1,0.564,1,1,1117,0
49.71,19,32.01,13.79,1,0,0.444,0,1,1741,0
59.73,18,15.82,0.91,1,0,0.146,1,2,196,0
391.19,8,39.69,18.3,1,0,0.281,1,1,30,0
17.78,20,7.72,26.43,1,0,0.659,0,3,679,0
25.34,3,50.03,11.77,1,0,0.419,1,1,548,0
18.62,20,21.87,2.28,1,0,0.243,1,3,783,0
40.94,1,26.71,8.83,1,0,0.203,1,2,1614,0
48.51,15,6.58,5.41,1,0,0.604,1,3,578,0
31.39,20,6.39,6.08,0,0,0.392,0,1,1047,0
98.13,14,23.59,8.76,0,0,0.513,1,2,800,0
17.87,18,27.33,2.15,0,0,0.164,1,2,1347,0
88.78,8,14.72,10.88,0,1,0.267,0,3,1314,0
56.74,6,29.47,5.83,1,0,0.148,1,1,1558,0
32.72,6,6.54,12.9,0,0,0.21,1,3,351,0
24.17,2,4.59,12.91,1,0,0.335,0,1,1452,0
374.9,6,19.99,2.99,0,0,0.301,1,0,984,0
14.63,5,6.29,6.72,1,1,0.664,0,2,566,0
44.61,18,3.26,6.46,1,0,0.749,1,1,821,0
15.64,5,8.32,8.45,0,0,0.16,1,0,1039,0
197.48,3,26.62,23.96,1,0,0.335,1,1,1010,0
80.38,17,21.52,4.56,1,0,0.043,1,5,1069,0
16.8,12,46.41,6.66,1,0,0.102,1,0,1430,0
55.29,5,22.65,13.04,1,0,0.098,1,4,1702,0
42.85,16,6.8,9.33,0,0,0.058,1,3,1270,0
19.75,5,27.95,17.91,0,0,0.218,0,2,791,0
70.68,18,10.34,12.69,0,0,0.157,1,0,619,0
48.88,0,14.48,6.61,1,0,0.045,1,1,887,0
41.09,14,10.51,10.07,1,0,0.154,1,1,1343,0
31.76,14,5.89,21.67,0,0,0.653,1,2,1504,0
50.96,8,102.27,2.44,1,0,0.409,0,2,684,1
41.65,16,8.95,2.75,1,0,0.301,1,0,334,0
35.13,9,2.77,3.21,1,0,0.327,1,2,806,0
17.44,15,30.44,6.87,1,1,0.384,1,1,1030,0
180.15,5,1.93,7.66,0,0,0.239,0,2,526,0
11.58,13,15.92,24.26,1,0,0.105,0,3,497,0
50.79,18,33.87,5.37,1,0,0.09,0,0,233,0
24.04,23,18.17,1.53,1,0,0.455,0,2,546,0
192.39,8,13.99,21.63,1,0,0.179,1,2,1117,0
13.42,11,8.81,5.14,1,0,0.428,1,2,742,0
15.87,11,46.5,15.74,0,1,0.421,1,1,1131,0
12.56,20,13.88,18.94,1,0,0.152,1,1,814,0
45.76,23,29.99,10.73,1,0,0.355,1,2,189,0
8.39,15,35.98,8.44,1,0,0.228,1,1,660,0
20.52,19,15.35,3.98,0,0,0.295,0,0,1240,0
3.85,2,6.94,3.85,1,0,0.044,1,1,1015,0
42.12,18,36.61,19.53,0,0,0.186,1,2,30,0
20.08,19,15.95,12.22,1,0,0.218,1,1,1367,0
7.48,17,17.4,19.62,1,0,0.337,1,1,450,0
98.06,14,13.15,5.51,0,0,0.229,1,1,490,0
8.96,21,35.66,22.72,1,0,0.187,1,3,1706,0
73.47,15,6.12,29.4,1,0,0.186,0,2,30,0
16.43,20,17.58,2.19,1,1,0.282,1,0,560,0
164.28,4,7.1,2.37,0,0,0.304,0,1,1814,0
70.07,15,13.11,16.57,1,0,0.273,0,2,1519,1
12.08,10,39.2,10.21,0,0,0.129,1,1,2433,0
13.24,20,38.85,7.26,0,0,0.075,1,3,791,0
60.67,21,14.87,18.65,0,0,0.548,1,3,1070,0
25.47,20,22.63,4.76,0,0,0.571,0,1,1442,0
27.96,5,22.3,5.08,0,1,0.025,1,0,220,0
118.18,11,7.13,2.58,1,0,0.112,1,1,902,0
15.66,0,27.14,20.62,0,1,0.141,1,1,571,0
36.28,23,7.88,1.98,1,0,0.479,0,2,352,1
86.02,6,12.45,18.76,0,0,0.264,1,1,481,0
74.37,14,2.91,14.41,1,0,0.435,1,3,1149,0
28.23,11,30.67,19.24,1,0,0.237,1,4,625,0
24.81,21,35.78,2.82,0,0,0.348,1,1,1018,0
5.82,19,23.28,8.18,0,0,0.1,0,1,943,0
11.52,18,18.25,4.0,0,0,0.474,0,0,1100,0
45.53,15,11.88,27.37,1,0,0.386,1,1,1621,0
28.85,2,31.25,9.59,0,0,0.199,0,2,430,0
35.69,22,54.4,5.3,1,1,0.178,1,2,1071,0
93.62,1,8.95,3.75,1,0,0.409,1,2,1347,0
10.1,10,15.17,10.61,1,1,0.343,1,1,627,0
26.15,9,6.72,5.35,1,0,0.409,1,2,1666,0
39.99,9,18.34,5.99,0,1,0.616,0,3,474,0
16.38,23,12.99,7.79,0,0,0.399,0,1,1558,0
138.58,5,16.09,40.1,0,0,0.154,0,1,1315,0
82.15,13,31.55,9.2,0,0,0.125,0,3,719,0
44.26,5,38.21,5.13,0,0,0.054,1,1,1857,0
199.18,21,5.72,9.17,0,0,0.268,1,1,327,0
7.4,17,22.12,4.25,0,0,0.287,1,3,1090,0
32.86,9,46.61,27.14,1,0,0.28,1,4,223,0
47.77,1,25.92,16.14,1,0,0.09,0,1,918,0
13.27,3,7.28,2.12,0,0,0.238,0,2,686,0
44.73,5,37.0,16.02,1,0,0.213,0,4,552,1
10.95,9,27.28,10.84,1,0,0.277,0,6,1136,0
66.06,21,25.32,13.73,1,0,0.266,0,5,1011,0
95.38,2,14.8,21.06,1,0,0.36,0,3,1154,0
43.48,13,24.18,3.12,0,0,0.372,0,5,789,0
5.19,8,98.23,8.12,0,0,0.304,0,3,388,0
12.59,1,2.34,13.13,0,0,0.104,1,0,1295,0
58.25,14,12.34,19.31,0,0,0.207,1,1,1475,0
33.82,16,13.4,15.12,0,0,0.267,1,1,820,0
2.24,23,0.8,7.87,1,0,0.187,0,1,1476,0
114.76,12,68.88,20.48,1,1,0.589,1,1,1923,1
37.96,7,6.71,7.25,0,0,0.17,1,2,1642,0
14.6,20,6.3,6.1,0,0,0.334,0,1,1100,0
89.56,5,3.81,0.7,1,0,0.257,1,3,631,0
16.82,16,12.22,2.55,0,0,0.155,0,1,340,0
16.64,22,25.24,7.33,0,0,0.416,1,0,1296,0
47.39,0,17.23,2.75,1,0,0.254,0,2,637,0
196.57,22,7.71,1.21,1,0,0.425,1,2,1305,0
167.94,4,24.21,3.32,1,0,0.14,1,3,437,0
47.45,11,17.4,29.3,1,0,0.182,1,0,1590,0
52.58,6,42.82,2.02,1,0,0.274,1,2,661,0
73.08,3,9.98,18.51,1,1,0.23,1,3,375,0
9.42,16,9.15,12.9,0,0,0.282,0,4,969,0
63.06,11,32.67,8.2,0,0,0.253,0,3,491,0
15.89,12,6.47,17.29,0,0,0.296,1,2,485,0
45.53,11,3.67,9.51,0,0,0.14,1,1,1324,0
26.38,17,16.96,4.73,0,0,0.421,0,2,665,0
54.66,23,25.86,45.63,1,0,0.176,0,5,1335,1
37.27,12,3.36,9.52,1,0,0.05,1,3,1158,0
1.53,3,35.31,22.31,1,0,0.426,0,3,882,0
39.6,7,2.96,23.62,0,1,0.058,0,3,849,0
62.94,11,10.47,14.86,1,0,0.445,1,4,636,0
51.72,2,17.33,8.57,0,0,0.17,1,4,607,0
29.89,5,45.77,3.63,0,0,0.288,0,5,1057,1
171.09,4,47.75,2.04,1,0,0.043,1,0,1266,0
45.21,23,20.07,23.03,1,0,0.3,1,3,1241,0
51.3,9,12.09,12.26,0,0,0.132,1,4,1632,0
94.11,21,12.75,12.38,1,0,0.245,1,1,955,0
47.59,13,64.28,14.79,1,0,0.204,0,1,1761,0
13.49,12,40.39,6.23,1,0,0.179,0,0,936,0
2.89,22,23.42,19.73,1,0,0.545,0,2,1064,0
20.55,16,20.57,10.11,1,0,0.177,0,7,2178,0
70.88,5,19.1,6.92,0,0,0.133,1,3,1436,0
23.26,6,2.19,12.54,1,0,0.386,1,1,1035,0
73.79,15,0.37,20.28,1,0,0.057,0,3,1311,0
38.43,0,14.4,6.64,0,0,0.396,1,1,1075,0
120.07,3,5.69,45.34,1,0,0.151,1,1,1951,0
24.65,1,20.77,1.94,1,0,0.563,1,3,772,0
52.86,17,19.56,13.99,1,0,0.213,1,1,298,0
54.92,10,3.57,4.18,0,0,0.386,1,1,882,0
148.65,0,21.1,10.32,0,0,0.046,0,1,699,0
6.01,17,22.05,16.63,1,0,0.324,1,0,713,0
20.94,15,21.57,98.51,0,0,0.314,0,3,279,0
77.36,17,10.08,1.04,1,0,0.3,1,2,1468,1
155.38,3,24.94,2.95,1,0,0.333,1,3,1268,0
42.1,20,26.19,14.5,0,0,0.12,1,0,1882,0
24.71,4,24.77,20.65,0,0,0.429,0,1,1177,0
70.61,13,13.82,5.92,1,0,0.249,0,2,1449,0
78.94,13,50.19,2.72,1,0,0.275,1,2,895,0
23.11,5,43.03,14.93,1,0,0.42,1,3,669,1
46.08,9,18.29,4.91,1,0,0.32,1,5,499,0
107.83,1,9.27,26.0,1,0,0.264,0,4,1503,0
219.3,11,8.28,13.52,0,0,0.12,1,0,1313,0
69.59,16,26.61,14.6,1,0,0.213,1,2,1245,0
34.61,7,4.83,23.52,1,0,0.198,0,1,636,0
31.37,12,28.07,37.95,0,0,0.156,1,5,1773,0
57.82,22,4.1,3.4,1,0,0.169,0,2,791,0
29.5,5,15.93,7.16,1,0,0.061,1,4,909,0
40.03,6,26.47,25.98,1,0,0.646,0,1,743,0
11.5,2,8.63,9.85,1,0,0.174,0,3,1064,0
121.15,13,34.82,5.54,0,1,0.09,1,5,1500,0
10.59,4,12.46,8.88,1,0,0.011,1,0,997,0
21.5,20,17.19,35.63,1,0,0.059,1,2,874,0
36.51,6,1.67,9.29,0,0,0.477,1,1,414,0
242.5,15,3.97,16.07,0,0,0.474,1,1,1746,0
21.7,4,30.23,6.98,0,0,0.401,0,0,210,0
17.01,7,11.95,1.52,1,0,0.345,0,2,280,1
19.09,4,37.38,20.15,1,0,0.257,0,3,1180,0
173.97,13,0.99,6.97,0,0,0.142,0,1,846,0
1.99,0,24.08,22.04,0,0,0.035,1,0,1158,0
12.15,1,1.66,15.48,0,0,0.242,0,2,875,0
508.41,12,7.7,12.49,1,0,0.204,1,2,182,0
59.79,13,15.69,27.5,1,1,0.125,1,3,147,1
10.96,7,11.61,7.0,1,0,0.203,1,0,50,0
31.76,10,21.58,19.78,0,0,0.466,1,3,2049,0
35.43,9,10.02,9.37,1,0,0.385,1,2,366,0
77.18,18,14.24,6.47,1,0,0.36,1,1,684,0
208.41,10,6.38,14.25,0,0,0.31,1,4,1447,0
48.84,20,27.54,5.71,0,0,0.276,0,4,1392,0
19.3,5,18.87,7.29,1,0,0.086,1,3,521,0
72.75,4,23.87,10.98,1,1,0.113,0,2,623,0
16.47,9,16.73,26.37,0,0,0.517,0,3,855,0
11.78,1,31.32,2.85,1,0,0.695,1,2,570,0
5.7,16,10.19,6.17,0,0,0.17,0,5,1239,0
6.92,9,18.08,17.12,0,0,0.364,0,1,2362,0
13.51,8,106.41,5.34,1,0,0.242,0,2,681,0
10.2,12,5.3,6.03,1,0,0.213,1,2,597,0
45.3,1,38.89,9.02,0,0,0.252,0,0,1270,0
9.98,9,75.57,16.45,0,0,0.297,1,2,30,0
1.43,23,25.69,12.22,1,0,0.553,1,2,1007,0
11.66,15,0.52,28.85,1,1,0.293,0,2,439,0
20.66,13,5.59,10.88,0,0,0.16,1,3,1700,0
18.08,12,21.78,12.4,1,0,0.113,1,1,461,0
151.34,11,16.92,9.35,0,1,0.188,1,2,871,0
17.93,22,51.68,13.7,1,0,0.139,1,1,830,0
79.91,22,52.88,6.54,1,1,0.295,1,1,1085,1
32.49,9,15.86,14.32,1,0,0.226,0,2,1278,0
31.74,22,16.87,5.19,0,0,0.382,0,1,1141,0
14.36,1,10.8,24.68,1,0,0.125,1,0,359,0
31.22,7,24.75,9.9,0,0,0.241,0,2,1025,0
15.41,7,7.28,32.99,0,0,0.806,0,1,1429,0
39.25,16,15.32,24.34,1,0,0.351,1,5,563,0
26.15,14,7.83,12.71,0,0,0.436,1,0,698,0
12.88,11,20.62,17.71,0,0,0.242,0,1,1247,0
89.29,6,37.11,14.57,1,0,0.352,1,2,323,0
50.75,12,4.06,2.92,0,0,0.1,1,2,1188,0
21.16,6,14.47,12.25,0,1,0.262,0,1,1185,0
38.3,11,45.81,11.7,1,0,0.227,0,2,296,0
30.45,8,55.78,9.28,0,0,0.846,1,1,1147,0
13.91,21,10.89,15.56,1,0,0.22,1,1,828,0
35.53,17,8.19,12.51,0,0,0.134,0,2,634,0
17.8,4,0.24,13.27,0,0,0.075,0,3,1290,0
12.87,22,40.12,31.73,0,0,0.141,0,3,473,0
6.54,15,38.25,10.95,0,0,0.1,1,0,997,0
23.14,8,18.79,20.05,0,0,0.197,0,1,1048,0
58.38,12,81.36,9.83,1,0,0.406,1,3,1152,0
16.53,4,16.91,32.19,0,1,0.076,1,3,1573,1
411.87,1,41.03,17.14,0,0,0.235,1,5,1165,0
80.29,10,11.46,12.74,0,0,0.647,0,2,993,0
122.04,18,13.95,5.8,0,0,0.522,0,5,618,0
73.35,8,21.7,32.72,1,1,0.109,1,2,1280,1
211.21,9,7.92,23.08,0,0,0.181,0,2,1177,1
15.07,23,33.17,5.36,1,0,0.458,0,2,446,1
2.56,23,19.35,2.01,0,0,0.249,0,0,786,0
21.2,11,41.74,8.21,1,0,0.087,1,2,467,0
57.87,1,7.27,4.16,0,1,0.207,1,0,1116,0
38.53,16,8.01,9.04,1,1,0.141,1,1,884,0
43.62,17,13.88,19.09,1,0,0.093,0,3,1146,0
124.08,21,25.28,22.97,0,0,0.147,0,3,773,0
48.52,22,22.81,1.76,1,0,0.19,1,2,1025,0
73.62,15,51.96,2.71,1,0,0.108,1,1,1076,0
12.94,2,21.9,4.02,0,0,0.336,0,2,1196,0
11.07,5,3.65,12.09,1,1,0.299,1,1,941,0
166.35,17,6.31,24.17,1,0,0.336,1,1,362,0
36.63,14,3.29,9.87,0,0,0.212,1,0,1388,0
17.76,10,3.22,1.69,0,0,0.286,1,2,1405,0
17.79,9,12.48,13.35,1,0,0.353,1,3,1619,0
17.3,17,39.57,6.93,1,0,0.242,0,0,435,0
16.3,10,19.26,7.04,1,0,0.096,1,3,624,0
9.18,3,26.05,12.0,0,1,0.233,0,2,407,0
7.39,23,32.75,16.08,1,1,0.088,1,1,30,0
27.25,8,41.67,22.19,1,0,0.082,0,1,1327,0
18.3,6,8.86,24.68,0,0,0.191,1,1,178,0
100.2,1,37.62,20.0,0,1,0.162,1,0,1228,1
44.39,11,33.99,18.3,0,0,0.04,1,3,207,1
43.18,23,12.02,2.53,0,0,0.44,0,2,62,0
15.75,3,8.32,17.18,1,0,0.303,1,2,690,0
29.34,5,15.16,9.2,1,0,0.188,1,2,1115,0
47.51,4,50.89,24.41,0,0,0.604,1,5,30,1
67.78,2,41.15,6.5,1,0,0.108,0,1,627,0
30.15,14,11.92,8.56,1,1,0.434,0,1,147,0
97.43,7,38.46,5.71,0,0,0.352,1,1,1249,0
33.38,18,29.37,6.75,0,0,0.365,1,0,895,0
73.17,9,25.45,28.31,0,0,0.043,1,2,909,0
20.29,15,47.98,5.97,0,0,0.225,0,1,1341,0
5.41,2,22.56,11.16,1,1,0.308,1,3,786,0
43.31,7,18.3,6.5,1,0,0.286,1,2,1119,0
68.4,9,1.79,11.14,1,0,0.536,1,1,1705,0
58.87,1,32.55,13.36,1,1,0.494,0,0,918,1
50.51,10,7.66,17.0,0,0,0.41,1,2,30,0
23.37,11,6.49,10.26,1,0,0.102,1,0,1128,0
14.78,9,18.82,30.29,1,0,0.14,0,1,477,0
57.5,12,6.35,1.97,0,0,0.245,0,1,689,0
50.73,19,24.06,5.75,1,0,0.637,0,3,561,0
18.9,18,20.91,5.51,1,0,0.54,1,2,996,0
100.43,0,19.46,4.32,0,0,0.453,1,1,821,0
13.7,15,15.16,15.96,1,0,0.348,1,4,807,0
18.48,21,31.78,5.56,0,0,0.087,1,0,1220,0
170.11,20,24.13,12.33,1,0,0.126,0,2,781,0
78.93,7,23.81,30.86,0,0,0.515,0,2,986,0
23.15,18,8.42,0.39,1,0,0.22,0,4,1504,1
44.14,19,16.36,15.33,1,0,0.091,0,1,1579,0
38.66,8,8.28,21.33,1,0,0.433,0,1,1862,0
2.13,20,16.15,6.26,1,0,0.399,0,1,1620,0
13.38,15,9.54,13.65,0,1,0.108,1,3,152,0
31.47,18,15.83,11.51,1,1,0.52,0,3,525,1
23.18,17,16.37,16.74,1,0,0.233,1,1,1217,0
42.4,18,15.83,6.89,1,0,0.137,1,1,1139,0
102.46,22,32.31,7.12,1,0,0.353,0,1,803,1
24.01,20,26.66,13.94,1,0,0.215,0,2,1311,0
11.5,10,4.84,10.29,0,0,0.71,0,0,392,0
45.83,13,14.44,23.38,0,0,0.643,1,2,1261,0
23.89,15,19.43,11.03,1,0,0.574,0,3,1409,1
28.33,20,9.17,14.37,1,0,0.04,1,4,84,0
24.74,9,20.94,7.26,1,0,0.077,1,1,953,0
311.64,7,10.2,7.23,1,0,0.306,1,2,1023,0
3.52,17,17.26,18.65,1,1,0.307,1,1,400,0
22.46,22,7.47,20.32,1,0,0.531,1,2,243,0
32.99,21,15.75,2.42,1,0,0.131,0,3,1025,0
15.16,3,27.17,8.68,0,0,0.179,1,0,1158,0
81.44,22,30.01,14.49,1,1,0.095,0,1,818,0
74.68,18,17.53,0.5,1,0,0.311,1,4,697,0
31.57,3,66.4,8.57,0,0,0.281,0,1,1123,0
25.26,0,22.56,41.65,1,0,0.584,1,2,160,0
29.61,4,30.67,4.45,1,0,0.49,1,3,1560,0
29.82,22,42.85,4.26,1,0,0.11,1,0,2011,0
30.62,18,9.32,9.74,1,0,0.133,1,0,953,0
27.44,13,26.97,10.4,0,0,0.129,1,2,1574,0
42.63,15,20.76,7.74,1,0,0.525,0,3,1349,0
70.33,9,27.7,20.67,0,0,0.215,1,0,2173,0
9.68,21,35.71,1.22,0,1,0.34,1,2,30,0
11.58,3,7.93,4.09,1,0,0.17,0,1,1226,0
5.76,7,64.52,8.61,1,1,0.243,1,1,30,0
78.76,4,18.17,24.16,1,0,0.238,0,1,424,1
42.53,20,13.3,5.83,1,0,0.224,0,4,867,0
54.89,12,1.11,3.65,1,0,0.282,1,1,711,0
7.93,16,40.86,0.76,0,0,0.338,0,0,1496,0
197.34,22,33.96,3.21,1,0,0.187,1,3,1787,1
18.01,4,14.86,0.9,1,0,0.502,1,1,1123,0
39.18,23,2.48,5.44,1,0,0.079,1,5,2194,0
77.82,3,18.78,15.71,1,0,0.249,1,2,302,1
12.34,18,4.27,13.54,1,0,0.104,0,1,434,1
19.18,16,37.93,16.36,0,0,0.496,0,3,340,0
39.61,19,14.47,2.61,1,0,0.335,0,6,1424,0
576.79,3,7.29,1.65,1,0,0.184,1,2,1534,0
44.75,23,21.38,12.94,1,0,0.336,0,1,135,1
165.07,19,23.84,19.35,0,0,0.408,1,2,477,0
110.57,2,26.02,9.73,0,0,0.182,1,3,786,0
47.85,13,7.75,13.79,0,0,0.486,1,0,605,0
12.31,19,35.5,9.15,0,0,0.033,0,0,586,0
95.56,11,14.76,6.23,0,0,0.381,1,3,757,0
7.4,9,1.65,7.29,0,0,0.161,0,1,421,0
164.17,6,16.23,19.1,1,1,0.307,0,1,1415,0
40.45,12,16.06,9.01,1,1,0.267,1,5,1722,0
2.34,23,15.82,18.93,0,0,0.241,0,1,185,0
23.56,14,21.71,11.07,1,0,0.253,1,1,1057,0
63.68,17,55.19,5.34,0,0,0.162,0,3,1223,0
26.13,18,16.62,14.5,0,0,0.324,1,2,440,0
67.69,18,18.31,9.3,1,0,0.129,1,1,63,0
14.15,9,10.92,22.55,1,1,0.24,0,3,809,0
8.97,18,16.59,4.23,0,0,0.34,0,2,608,0
30.83,7,26.45,0.92,1,0,0.435,1,2,694,0
34.18,14,26.92,15.77,1,0,0.19,1,2,1197,0
23.37,7,45.19,26.33,1,0,0.37,1,1,1492,0
112.99,22,2.26,19.32,0,0,0.203,0,1,2237,0
14.15,17,32.75,28.01,1,0,0.253,1,3,1100,0
45.29,14,29.29,32.65,1,0,0.055,0,1,862,0
35.44,10,3.66,8.18,0,0,0.42,1,3,236,0
6.98,12,44.51,3.37,1,1,0.18,1,4,1158,0
8.85,18,4.6,0.16,0,0,0.192,0,2,1001,0
33.51,6,26.99,1.07,0,0,0.137,1,2,833,0
240.13,19,1.73,15.2,0,0,0.062,1,2,974,0
59.1,6,7.23,1.19,0,0,0.284,0,0,30,0
5.9,3,27.6,12.1,0,1,0.236,1,2,30,0
1.48,17,28.47,16.07,1,0,0.406,0,0,1468,0
68.93,17,15.32,10.09,1,1,0.56,0,2,30,1
30.08,8,47.51,7.15,1,0,0.205,0,1,207,0
103.68,15,27.13,3.99,1,0,0.44,1,4,343,0
13.73,17,36.16,29.48,1,0,0.297,1,0,1104,0
47.0,18,15.9,3.97,1,0,0.173,1,2,2099,0
77.18,22,6.21,7.19,1,0,0.182,1,0,877,0
21.17,20,6.15,6.4,1,0,0.475,0,2,552,0
21.63,10,13.1,16.92,0,0,0.374,1,1,1583,0
33.96,5,7.56,11.05,1,0,0.13,1,0,356,0
56.98,2,7.06,2.3,0,1,0.274,0,1,1284,0
32.64,13,2.94,18.38,1,0,0.315,0,3,1108,0
87.71,15,13.85,3.96,1,0,0.09,0,3,560,0
20.86,16,2.85,12.28,1,1,0.126,0,0,882,0
8.77,0,13.61,27.55,1,0,0.422,1,2,1090,0
239.12,16,2.01,5.06,1,0,0.119,0,5,659,0
18.09,18,12.52,5.36,1,0,0.053,0,2,848,0
18.76,17,26.43,8.18,1,0,0.147,1,0,1089,0
31.01,12,7.29,8.46,0,0,0.175,1,6,1264,1
35.42,0,21.93,11.43,1,0,0.029,1,3,90,0
22.5,11,20.81,14.71,1,0,0.651,1,3,902,0
32.54,15,9.43,3.71,0,0,0.263,1,3,577,0
31.82,13,2.68,9.32,1,0,0.174,0,2,1605,0
39.44,13,32.89,3.06,0,0,0.425,1,2,904,0
3.13,12,9.36,16.34,1,0,0.434,0,5,838,0
217.21,13,51.98,21.8,0,0,0.049,1,2,1646,0
28.58,7,31.69,6.35,1,0,0.676,1,2,330,0
59.18,14,27.78,10.59,0,1,0.187,0,2,975,0
8.35,6,4.51,26.39,1,0,0.276,1,2,668,0
20.68,11,27.92,12.94,0,0,0.264,0,2,1905,0
16.91,9,39.21,3.08,1,0,0.183,1,3,469,0
143.99,17,18.43,1.51,1,1,0.315,1,0,949,0
18.43,21,22.21,4.36,1,0,0.631,1,2,876,0
70.67,15,26.55,7.59,1,0,0.34,0,1,891,0
17.28,3,42.46,17.93,1,0,0.426,1,1,1594,0
21.06,16,23.81,6.96,0,0,0.109,0,1,1244,0
25.91,7,25.91,2.81,0,0,0.557,1,2,956,0
119.56,1,21.34,7.33,1,0,0.328,1,1,1284,0
5.0,4,53.08,7.74,0,0,0.119,1,1,953,1
8.88,23,18.84,4.56,0,0,0.104,1,0,222,0
4.72,10,25.78,7.01,0,0,0.031,1,1,1063,0
11.16,4,44.31,10.71,0,0,0.105,0,3,2340,0
14.71,3,11.81,1.24,0,0,0.042,0,2,1313,0
6.59,15,59.99,7.76,0,0,0.034,0,4,438,0
15.89,18,10.78,47.22,1,0,0.118,0,2,30,1
4.42,8,7.4,12.56,0,0,0.248,0,3,482,0
11.97,2,26.36,18.15,1,0,0.168,1,2,472,0
109.99,8,10.29,26.23,1,1,0.182,0,3,996,1
49.58,15,51.38,29.99,1,0,0.41,1,2,1714,0
39.94,2,73.39,5.48,1,0,0.13,0,2,520,0
12.15,6,7.67,1.4,1,0,0.638,0,3,723,1
7.13,0,6.98,20.57,1,0,0.317,1,2,1329,1
10.6,11,6.66,7.68,0,0,0.095,0,3,815,0
31.72,4,1.64,8.05,0,0,0.111,1,6,1332,0
78.9,4,10.02,14.55,1,0,0.639,1,2,734,0
81.64,2,37.99,9.47,1,0,0.293,0,2,789,0
62.22,17,27.39,11.57,0,0,0.202,1,1,923,0
15.84,11,14.76,12.4,1,0,0.12,1,1,941,0
33.94,22,25.02,20.79,0,1,0.245,0,0,168,0
24.01,9,4.9,13.48,0,0,0.082,1,0,899,0
27.08,5,18.77,2.98,1,0,0.219,1,4,1149,0
253.95,4,21.63,2.91,1,0,0.236,1,3,648,0
5.69,22,20.59,5.0,0,1,0.183,1,4,1158,0
26.19,14,9.72,12.87,1,0,0.151,1,3,1298,0
111.25,7,9.38,3.28,1,0,0.451,1,0,1051,0
7.65,15,29.34,3.27,1,0,0.214,0,3,695,0
17.4,13,27.96,12.11,0,0,0.012,0,2,293,0
19.51,2,1.78,5.45,0,0,0.301,1,1,1229,0
26.49,16,1.73,28.24,1,0,0.142,0,0,1309,0
6.71,2,69.53,5.74,0,0,0.256,0,3,1884,0
60.06,4,22.18,16.78,0,0,0.472,1,1,139,0
64.48,17,20.64,8.28,0,0,0.04,0,3,1630,0
55.06,10,7.97,2.57,1,1,0.084,1,0,1510,0
13.87,5,13.26,5.56,1,0,0.115,1,3,1044,0
36.11,1,10.48,8.81,0,0,0.235,1,3,1488,0
13.47,14,38.2,5.66,1,0,0.308,1,1,982,0
23.75,16,36.93,25.91,0,0,0.422,1,1,1019,0
285.28,4,22.47,3.76,0,0,0.51,1,1,392,0
36.44,9,19.83,6.35,1,0,0.04,1,2,735,0
10.1,8,25.6,13.35,1,0,0.141,0,2,1184,0
39.66,21,19.6,34.81,1,0,0.168,1,2,867,0
8.57,18,29.36,14.96,0,0,0.211,1,1,530,0
9.98,6,47.27,12.67,1,0,0.487,1,6,778,0
11.69,12,16.65,18.6,0,0,0.425,1,2,912,0
21.24,22,8.11,22.64,0,0,0.193,1,1,1525,0
84.52,8,19.99,26.32,0,1,0.524,1,4,1459,0
59.05,3,10.91,14.93,1,0,0.495,1,1,803,0
55.87,7,6.13,11.25,0,0,0.311,1,3,698,1
11.04,14,42.64,3.9,0,0,0.259,0,3,1298,0
19.27,23,19.12,11.97,0,0,0.125,0,4,553,0
43.47,7,13.16,30.13,0,0,0.317,1,1,1246,0
17.67,1,21.5,0.42,1,0,0.258,0,1,1564,0
25.07,4,11.68,24.27,1,0,0.297,0,0,1699,0
51.49,9,43.58,11.2,1,0,0.426,0,2,492,0
23.36,2,68.99,20.17,0,0,0.18,1,1,1013,0
41.52,0,12.25,15.45,0,0,0.238,0,1,932,0
162.83,15,16.0,9.81,1,0,0.171,1,0,126,0
27.89,19,23.77,11.19,1,0,0.176,1,0,1171,0
107.7,5,5.46,16.49,0,0,0.173,0,1,891,0
57.94,12,2.13,4.17,1,0,0.162,0,3,804,0
7.64,13,40.14,9.89,1,1,0.178,0,1,922,1
11.0,16,12.91,14.72,0,0,0.634,0,1,759,0
14.39,23,11.95,17.83,1,0,0.285,1,1,630,0
14.09,21,25.03,16.45,0,0,0.287,0,0,1312,0
30.26,7,8.07,7.52,0,1,0.758,0,0,884,1
61.23,23,11.72,10.53,1,0,0.292,1,2,1484,0
116.18,0,5.56,2.9,0,0,0.312,1,3,1244,0
45.07,23,2.69,23.32,0,0,0.213,1,0,1271,0
21.21,3,11.56,12.33,0,0,0.238,0,1,200,0
4.13,2,7.99,10.49,0,0,0.03,0,1,906,0
35.54,2,7.03,10.45,0,0,0.088,1,4,1323,0
33.98,2,18.23,8.43,1,0,0.133,1,3,1555,0
39.76,11,31.78,18.09,0,0,0.645,1,2,925,0
272.12,15,32.2,10.69,0,1,0.267,0,4,354,0
114.5,17,31.25,3.83,1,0,0.067,1,1,1594,0
72.61,0,9.17,5.14,0,0,0.223,0,3,531,0
12.65,7,16.79,2.39,1,0,0.112,0,5,61,0
19.83,3,11.13,29.26,0,0,0.19,0,2,930,0
30.12,3,9.27,9.05,1,0,0.251,0,2,875,0
15.25,17,9.81,31.57,1,1,0.251,0,3,1516,0
54.62,15,6.46,11.64,0,0,0.431,1,3,1443,0
47.32,5,21.7,7.19,1,1,0.052,0,1,657,0
11.15,7,38.63,8.61,1,0,0.187,1,0,397,0
109.6,22,10.89,11.33,1,0,0.22,1,1,748,0
36.68,13,9.87,3.95,1,0,0.212,0,1,1004,0
5.88,5,2.05,2.79,1,0,0.553,1,1,1237,0
31.46,22,27.75,21.56,1,0,0.198,0,5,718,0
43.87,4,1.48,6.86,0,0,0.356,1,4,1252,0
87.6,6,18.93,32.13,1,0,0.53,1,1,610,0
23.63,16,8.45,15.13,0,0,0.091,1,1,1738,0
75.79,12,14.21,6.37,1,0,0.258,1,1,1072,0
39.93,1,19.79,41.15,1,0,0.169,1,4,290,0
8.89,19,18.85,22.37,1,1,0.253,1,0,588,0
8.04,5,35.33,1.94,1,0,0.611,0,0,529,0
101.75,16,1.59,4.73,1,0,0.766,1,3,752,0
109.51,8,32.31,7.9,0,0,0.152,0,1,344,0
45.74,18,20.45,37.4,1,0,0.354,1,2,737,0
147.78,21,38.0,1.17,1,0,0.13,1,3,689,1
95.26,18,17.89,13.04,0,0,0.37,0,2,1058,0
65.6,22,4.12,8.38,1,0,0.099,0,3,695,0
13.31,12,15.89,12.41,1,0,0.227,1,1,1352,0
187.06,1,27.14,6.76,1,1,0.153,1,1,731,1
56.62,12,30.81,4.57,0,0,0.238,1,3,328,0
22.51,11,16.34,17.64,1,0,0.254,0,4,30,0
16.97,17,14.75,18.03,1,0,0.03,1,2,1023,0
42.81,5,20.18,14.13,1,0,0.407,0,4,669,1
6.23,16,34.53,5.77,0,0,0.462,1,3,167,0
66.66,10,11.8,14.31,1,0,0.404,1,2,923,0
12.76,16,23.89,1.79,1,0,0.106,1,3,535,0
47.97,10,56.4,15.52,0,0,0.284,1,2,1461,0
19.66,9,82.47,4.26,0,0,0.309,1,2,520,0
25.42,5,34.39,3.93,0,0,0.253,1,3,1709,0
15.53,19,14.38,30.45,1,0,0.712,1,2,863,1
28.18,1,5.45,0.22,0,0,0.455,0,1,1036,0
219.07,5,22.94,8.16,1,0,0.232,1,1,1219,0
132.3,10,47.96,2.03,1,0,0.206,0,3,1177,1
47.2,3,16.37,11.03,1,0,0.109,1,2,990,0
32.29,22,37.3,4.77,1,0,0.449,1,3,265,1
77.03,8,35.2,2.23,1,0,0.25,1,2,2259,0
102.51,5,17.84,6.85,0,1,0.182,0,0,337,0
14.44,6,32.96,3.6,1,0,0.377,1,1,306,0
30.65,4,6.1,3.77,1,0,0.318,1,3,1093,0
5.36,15,15.01,15.97,0,0,0.405,0,1,1392,0
101.81,11,24.98,1.66,1,0,0.268,1,4,357,0
261.13,5,17.5,11.6,1,1,0.24,1,1,1612,0
35.88,20,6.75,8.08,0,1,0.029,0,4,327,0
3.96,15,32.99,4.56,0,0,0.251,1,1,1345,0
60.88,9,24.75,15.83,0,1,0.486,0,2,1075,1
13.41,12,20.35,32.48,1,0,0.131,0,2,2048,0
17.06,15,42.98,9.14,1,0,0.489,0,2,1177,0
61.97,3,33.48,9.34,1,0,0.147,1,1,1145,0
42.72,19,0.9,2.65,1,0,0.414,1,2,1072,0
20.33,6,20.62,1.78,0,0,0.2,1,1,1493,0
17.29,0,20.12,8.38,1,0,0.05,1,2,553,0
37.56,12,13.3,1.07,1,0,0.17,1,1,811,0
21.99,21,1.61,0.8,1,0,0.337,1,4,1124,0
10.92,17,8.84,13.21,1,0,0.503,1,0,1659,0
23.75,7,1.12,1.8,1,0,0.406,1,2,1148,0
46.51,9,69.94,13.68,1,0,0.155,1,1,291,0
27.71,14,17.56,23.81,1,0,0.115,1,1,1343,0
8.06,5,26.0,12.36,1,0,0.482,1,1,1179,0
89.04,19,6.64,1.41,1,1,0.47,1,1,1083,0
2.14,7,1.88,41.38,1,0,0.223,1,0,1137,0
21.19,5,12.5,9.91,0,0,0.394,1,2,736,0
17.81,2,11.01,9.15,1,0,0.122,0,2,1193,0
38.4,16,21.47,7.89,1,1,0.481,1,3,259,0
58.07,0,12.99,4.41,0,0,0.417,0,2,1500,0
102.18,19,80.47,2.92,1,0,0.411,0,5,1999,1
16.24,23,38.49,2.01,0,1,0.536,0,1,1762,1
59.54,2,50.8,7.17,1,0,0.254,1,0,751,0
40.28,2,17.65,13.07,0,0,0.13,1,2,1310,0
5.98,22,21.15,3.32,0,0,0.038,1,1,1431,0
221.53,2,47.58,11.71,1,0,0.427,1,2,1284,1
7.86,9,12.12,6.65,1,0,0.34,1,2,648,0
50.38,20,24.99,8.3,0,0,0.492,1,2,747,0
48.91,3,12.99,19.04,0,0,0.148,1,1,508,0
43.63,15,26.07,11.79,0,0,0.251,1,0,606,0
20.19,9,4.74,13.98,0,0,0.37,1,2,1936,0
75.74,10,10.54,44.57,1,0,0.188,0,2,972,0
6.96,22,21.51,3.37,0,0,0.303,1,3,495,0
31.01,15,23.55,17.76,0,1,0.068,0,1,1264,0
18.84,7,30.7,13.73,0,0,0.47,0,2,1850,0
16.82,22,5.78,13.68,1,0,0.048,0,1,1197,0
50.84,13,20.85,10.54,0,0,0.369,1,1,996,0
97.27,2,3.35,12.6,1,0,0.572,1,2,30,0
23.49,9,13.63,6.87,0,0,0.45,1,2,575,0
72.29,5,18.13,9.3,0,0,0.594,1,1,1140,0
34.8,15,15.99,21.28,1,0,0.245,1,1,1807,0
13.56,20,55.39,4.98,1,0,0.014,0,4,913,0
25.59,0,18.26,5.6,1,0,0.194,1,0,1399,0
24.55,18,27.55,12.96,1,0,0.21,1,6,1165,0
16.5,21,21.57,11.97,1,1,0.581,0,1,870,0
50.83,23,17.32,6.61,1,1,0.361,0,2,550,0
41.87,15,26.06,13.28,1,0,0.188,1,3,1000,0
6.75,7,20.08,13.16,1,0,0.131,1,3,2023,0
6.35,3,18.73,39.77,1,0,0.387,1,2,30,1
50.64,22,14.72,49.41,0,0,0.403,1,6,819,0
14.65,9,12.12,13.04,1,0,0.333,0,2,801,0
44.79,8,10.69,19.24,0,0,0.208,1,3,741,0
72.31,17,18.76,12.78,1,0,0.094,1,1,1393,0
9.29,17,17.7,8.44,1,0,0.438,1,1,1254,0
8.07,19,46.59,13.82,1,0,0.413,0,4,908,1
176.7,21,4.18,8.29,0,1,0.111,1,3,922,0
47.07,21,58.41,9.82,1,0,0.199,1,3,1190,0
21.77,4,5.94,9.05,1,0,0.634,1,2,1434,0
13.01,4,17.16,9.17,0,0,0.26,1,2,1678,0
19.88,4,23.74,5.07,0,0,0.077,1,3,966,0
10.07,15,7.37,17.85,0,0,0.414,1,4,185,0
80.11,13,5.8,13.5,1,0,0.065,0,3,1399,0
15.23,20,15.62,4.88,1,0,0.049,1,3,906,0
98.84,20,28.08,8.83,1,1,0.272,1,4,1343,0
22.18,19,33.82,3.15,1,0,0.516,1,3,2217,1
11.67,1,4.95,11.24,0,0,0.255,1,3,940,0
21.62,16,15.08,21.15,1,0,0.429,1,1,887,0
2.4,20,2.72,6.99,1,0,0.202,1,2,415,0
29.35,23,7.54,17.54,1,0,0.072,1,2,1783,0
27.94,8,40.76,9.22,0,0,0.586,0,2,30,0
75.55,18,22.72,7.29,1,0,0.559,1,2,994,0
5.02,9,8.18,4.57,1,0,0.237,0,2,1391,0
105.83,3,38.05,8.02,1,0,0.168,0,1,878,0
75.23,8,9.34,17.97,0,1,0.271,1,1,323,0
115.82,6,16.85,12.56,0,0,0.227,1,2,288,0
31.41,21,2.06,3.76,0,0,0.332,0,1,815,0
91.28,4,8.21,14.02,0,0,0.57,1,2,1259,0
7.6,3,21.12,10.87,0,0,0.584,1,2,1060,0
67.56,13,20.34,3.21,1,0,0.201,0,2,558,0
15.32,13,12.1,2.29,0,0,0.174,1,3,1500,0
6.35,13,15.51,2.16,1,0,0.379,0,2,1461,0
10.76,3,29.66,18.93,0,1,0.084,1,0,553,0
33.3,11,14.51,3.27,1,0,0.402,1,1,422,0
14.52,22,23.78,7.45,0,0,0.212,0,0,1425,0
48.23,2,10.41,13.22,1,0,0.7,0,3,813,1
5.43,19,16.66,12.61,1,0,0.011,0,2,1074,0
3.95,3,1.86,12.62,0,0,0.439,0,1,1407,0
130.63,5,11.11,2.83,1,1,0.328,1,3,141,1
81.76,21,18.24,13.41,0,1,0.281,1,3,1016,0
11.6,7,15.88,7.15,1,0,0.366,1,1,1008,0
33.02,12,10.39,10.04,0,0,0.223,1,5,551,0
91.79,9,6.68,9.62,1,0,0.515,1,2,410,0
50.36,14,18.73,8.37,0,0,0.156,1,1,646,0
38.41,9,15.44,20.62,0,0,0.335,1,0,30,0
99.0,10,22.01,18.51,0,0,0.271,0,1,235,0
15.95,19,9.06,62.74,1,0,0.713,1,2,1475,0
34.16,13,26.35,27.66,1,0,0.543,1,6,493,0
32.53,13,5.67,1.42,1,0,0.425,1,0,262,0
25.21,19,3.71,9.12,1,0,0.57,1,1,873,1
22.43,10,41.01,25.99,0,0,0.024,1,1,584,0
35.62,19,6.04,8.14,0,0,0.156,1,2,606,0
34.27,17,18.86,6.63,0,0,0.147,1,3,1499,0
11.61,21,13.2,2.72,0,0,0.244,0,3,1981,0
73.83,10,41.71,2.4,0,0,0.413,0,4,1261,0
12.47,13,27.12,17.32,1,1,0.607,0,1,189,0
26.62,3,3.84,10.22,1,0,0.088,1,4,742,0
24.65,2,50.56,0.48,1,0,0.109,1,2,1328,0
47.38,2,34.32,21.7,1,0,0.178,1,0,774,1
3.98,15,11.86,24.05,1,0,0.295,0,3,728,0
80.71,7,5.61,7.57,1,0,0.236,1,2,941,0
16.83,6,19.9,9.27,1,0,0.022,1,2,1646,0
112.16,14,20.78,28.27,1,0,0.372,1,1,150,0
20.53,9,2.31,7.28,1,0,0.083,1,0,961,0
31.54,3,18.81,1.06,1,0,0.114,1,1,30,0
224.48,13,32.32,17.43,0,0,0.06,0,3,1458,0
25.09,13,18.01,23.4,1,0,0.58,1,5,994,1
114.3,3,15.75,10.66,0,0,0.443,1,4,629,1
34.43,6,14.24,3.26,1,0,0.223,0,4,1267,0
50.17,5,8.08,25.9,1,1,0.431,1,3,615,1
35.52,16,37.12,6.26,1,0,0.359,1,1,286,0
77.31,5,12.44,3.97,0,0,0.41,1,2,1817,0
16.68,0,19.89,10.52,0,0,0.247,1,1,815,0
12.38,6,4.54,7.46,1,0,0.36,1,3,969,0
17.49,11,15.3,16.19,1,0,0.559,1,1,1449,0
36.59,18,24.65,44.1,1,0,0.143,0,2,1685,1
26.55,1,12.19,3.71,1,0,0.335,0,2,935,0
67.38,21,12.49,18.4,0,0,0.118,0,0,1947,0
122.09,7,16.63,7.17,1,0,0.108,1,4,1280,0
12.48,8,23.91,16.1,1,0,0.368,1,5,1784,0
15.9,0,18.7,10.88,1,0,0.207,0,4,609,1
7.88,6,63.63,5.95,0,0,0.357,1,2,636,0
252.24,11,41.04,18.84,1,0,0.243,0,2,1027,0
44.91,15,10.24,6.6,1,0,0.092,0,2,506,0
53.51,18,35.68,4.08,1,1,0.593,1,2,1643,0
8.67,12,2.26,17.82,1,0,0.123,0,1,638,0
33.08,2,13.14,4.05,1,0,0.251,1,1,596,0
55.11,9,3.5,17.19,0,0,0.479,0,2,74,0
25.72,17,25.95,9.85,0,0,0.245,1,1,560,0
97.1,15,12.19,10.42,1,0,0.315,1,3,30,0
334.23,14,5.26,3.54,1,0,0.324,0,2,674,0
12.84,12,30.03,10.87,1,0,0.205,1,1,30,0
11.92,12,6.05,6.16,1,0,0.41,1,0,412,0
13.77,23,27.94,29.25,0,0,0.369,1,0,534,0
165.04,14,20.38,2.33,1,1,0.313,1,3,796,0
93.91,14,14.18,22.29,1,0,0.37,1,3,1126,0
28.92,8,32.98,23.7,1,0,0.057,1,2,915,0
34.35,11,7.27,13.86,1,0,0.11,1,1,1125,0
14.64,17,2.74,28.08,1,0,0.186,0,2,1320,0
80.64,20,5.67,7.57,0,0,0.371,0,0,1143,0
22.65,18,63.07,8.51,0,0,0.388,1,1,875,0
25.53,15,8.18,14.64,1,0,0.649,1,2,1579,0
60.87,18,11.62,7.82,1,1,0.177,1,2,952,0
27.44,0,47.62,2.38,0,0,0.263,0,4,317,0
26.18,6,11.63,2.68,1,0,0.186,1,0,1025,0
33.47,5,26.49,18.03,1,0,0.049,1,3,1109,1
73.36,15,51.45,9.3,0,0,0.187,1,1,629,0
171.83,18,23.38,16.9,0,0,0.312,1,2,1530,0
59.47,3,16.29,19.06,1,1,0.238,1,5,972,0
73.94,4,30.75,7.66,0,0,0.025,0,3,454,0
27.12,11,1.37,12.09,0,0,0.081,1,1,235,0
16.32,23,11.5,2.26,1,0,0.62,0,2,222,1
63.69,0,41.53,5.07,0,0,0.225,1,3,1977,0
39.3,21,8.28,7.34,1,1,0.648,1,1,937,1
7.98,4,18.63,9.56,1,1,0.339,1,1,1154,0
23.85,6,26.73,1.79,0,0,0.387,0,0,590,0
30.48,15,12.85,7.43,1,0,0.33,1,1,1295,0
19.88,17,26.99,4.1,1,0,0.5,0,2,835,0
145.73,20,20.49,40.97,0,1,0.265,0,1,808,0
53.51,0,31.17,10.09,1,0,0.307,1,1,825,0
130.74,1,20.5,16.81,1,0,0.571,1,2,274,1
43.1,11,1.87,16.83,0,0,0.293,0,3,1248,0
35.92,13,8.93,10.73,1,0,0.522,1,2,1768,0
12.98,6,6.18,13.34,1,1,0.066,1,2,1064,0
33.51,15,46.72,12.3,0,0,0.209,1,2,838,0
33.55,6,5.41,12.3,0,0,0.433,0,0,482,0
8.44,22,12.67,26.1,1,0,0.111,1,3,769,0
19.31,4,22.41,9.76,1,0,0.124,0,2,520,0
23.97,15,10.49,17.31,0,0,0.398,0,1,70,0
50.07,12,12.07,3.04,1,0,0.301,1,2,750,0
52.53,2,20.5,8.43,1,0,0.303,1,2,827,0
18.52,14,8.27,5.92,0,0,0.293,0,2,1029,0
52.92,3,18.56,7.69,0,0,0.118,1,2,1489,0
27.6,12,30.01,14.22,0,0,0.036,0,2,1080,0
1.88,15,9.5,13.26,1,0,0.488,1,1,519,0
20.4,1,5.95,7.75,0,0,0.171,1,4,1166,0
97.42,5,53.94,5.22,0,0,0.208,0,4,489,0
6.16,7,54.48,19.69,0,0,0.276,1,1,784,0
37.07,22,15.72,14.93,1,0,0.441,0,4,918,0
161.62,5,18.11,1.75,0,0,0.015,1,3,1118,0
15.48,22,17.98,2.06,0,0,0.418,1,2,810,0
33.19,12,11.39,5.85,0,0,0.359,1,3,35,0
8.99,22,15.39,0.98,0,0,0.068,1,1,728,0
168.55,19,1.92,2.48,1,0,0.08,1,1,476,0
30.47,7,4.19,11.03,0,0,0.476,0,0,526,1
34.7,13,12.14,13.17,0,0,0.314,0,2,506,0
128.29,17,9.59,8.2,0,1,0.054,1,1,801,0
64.17,1,4.9,8.2,1,0,0.092,0,0,1103,0
13.8,15,15.34,6.04,1,0,0.253,1,2,1241,0
17.33,11,27.59,4.72,0,0,0.414,0,0,603,0
54.32,0,8.28,16.47,1,0,0.205,0,5,95,1
17.74,20,20.51,17.49,0,0,0.479,1,3,479,0
3.99,6,12.42,7.93,0,0,0.422,1,2,1506,0
31.4,20,31.1,2.57,1,1,0.417,0,4,1218,1
7.54,4,3.8,4.74,1,0,0.111,1,0,1382,0
166.71,12,5.66,8.67,1,0,0.228,1,4,934,0
39.52,8,11.8,7.91,1,1,0.056,0,0,714,0
13.39,21,6.97,15.2,1,0,0.598,1,2,248,0
16.47,22,38.29,4.46,1,0,0.239,1,2,1336,0
5.01,18,4.06,13.74,0,0,0.46,0,2,1030,0
11.03,20,11.44,8.91,0,0,0.153,0,3,655,0
91.5,18,62.48,39.81,0,0,0.453,1,4,30,0
308.52,7,3.7,8.49,1,0,0.194,0,3,1509,0
68.47,22,16.63,4.99,1,0,0.229,0,2,1469,1
30.2,12,12.63,25.2,0,0,0.149,1,2,682,0
21.5,8,22.94,7.94,1,0,0.442,0,1,841,0
12.72,4,21.16,13.16,0,0,0.427,1,2,667,0
259.76,17,20.1,21.05,0,0,0.261,1,2,792,0
27.42,6,32.69,4.74,1,0,0.194,1,1,30,0
274.69,15,32.07,2.93,0,0,0.375,0,2,1079,0
133.42,1,9.48,18.12,0,0,0.382,1,0,641,0
5.81,15,9.14,4.27,0,0,0.326,1,1,731,0
17.01,15,26.67,3.62,1,0,0.346,1,2,538,0
16.96,12,18.66,2.45,1,0,0.523,1,6,756,0
30.57,15,21.53,5.86,1,0,0.643,1,0,1119,0
31.18,23,16.84,4.27,1,0,0.055,0,1,1112,0
662.64,20,10.74,16.35,0,1,0.116,0,3,885,0
11.28,10,25.65,4.61,1,0,0.54,1,2,927,0
41.64,20,7.92,5.49,1,0,0.277,0,1,823,0
61.34,22,63.42,5.07,1,0,0.217,1,6,1491,0
33.06,3,59.2,14.18,1,1,0.246,1,2,894,0
36.97,8,73.54,17.51,1,0,0.039,1,4,943,0
11.65,17,19.66,8.81,1,0,0.171,0,1,1797,0
36.84,12,12.02,8.44,1,0,0.176,0,1,891,0
55.22,3,44.89,9.86,0,0,0.154,1,0,494,0
45.95,11,17.15,10.58,1,1,0.133,1,3,1386,0
58.57,8,31.07,15.22,1,0,0.233,0,2,30,0
135.99,17,30.91,14.46,0,0,0.405,1,2,563,0
84.52,12,8.13,3.34,1,0,0.305,0,2,796,1
35.56,3,25.19,0.72,0,1,0.275,1,2,30,0
10.26,1,29.9,11.24,1,0,0.464,1,2,1084,0
18.17,6,15.49,2.31,1,1,0.179,1,4,1124,1
26.59,3,4.13,12.9,1,0,0.119,1,2,261,0
42.62,21,45.64,10.49,1,0,0.178,1,0,813,0
20.53,6,62.44,8.42,0,1,0.226,0,3,2209,0
12.99,15,18.06,7.02,1,0,0.407,0,5,910,1
10.09,3,13.02,17.17,1,0,0.132,1,5,1733,1
6.35,10,3.34,13.69,1,0,0.112,1,2,751,0
26.18,22,18.87,3.05,1,0,0.311,1,6,1430,0
7.62,15,11.29,10.8,0,0,0.311,1,0,746,0
12.18,6,3.32,9.57,1,1,0.631,0,6,801,1
22.33,17,33.03,21.49,0,0,0.096,1,1,427,0
8.71,12,26.23,23.85,1,0,0.377,0,0,1700,0
48.41,5,10.0,9.05,1,1,0.172,0,2,707,0
69.42,23,54.22,37.75,1,0,0.49,1,1,732,0
19.12,22,16.09,4.29,1,0,0.489,1,2,1070,0
21.39,13,18.33,1.65,0,1,0.718,0,3,30,0
56.68,0,14.25,25.79,1,0,0.411,0,3,896,1
16.22,9,36.41,3.71,1,0,0.492,0,1,951,0
15.14,12,25.51,1.76,1,0,0.378,1,1,506,0
109.56,22,1.89,4.0,1,0,0.222,1,2,1447,0
80.17,17,17.08,5.46,1,0,0.388,1,0,1129,0
60.43,5,30.69,0.8,1,0,0.104,1,1,587,0
83.57,12,3.33,6.67,0,0,0.032,0,3,203,0
4.58,4,30.45,4.95,0,0,0.351,0,1,1247,0
128.23,11,25.96,9.37,1,0,0.434,1,1,345,0
49.01,12,6.78,7.18,1,0,0.514,1,2,631,0
90.99,12,13.84,18.91,1,0,0.328,1,0,1345,0
48.77,10,4.79,1.96,0,0,0.315,1,3,991,0
34.78,10,10.13,4.32,1,0,0.445,0,3,790,0
25.15,19,13.65,5.68,0,0,0.229,1,3,30,0
47.81,12,27.75,25.12,1,0,0.359,0,2,43,0
24.25,1,32.0,6.76,1,0,0.021,1,0,257,0
78.88,17,20.32,5.8,1,0,0.042,1,2,551,0
6.78,14,13.14,2.35,1,0,0.277,0,1,699,0
19.27,16,29.75,5.84,0,0,0.218,1,3,647,0
255.91,17,18.39,6.55,0,0,0.207,0,4,1484,0
17.71,4,22.13,10.1,1,0,0.235,1,0,1002,0
26.08,23,33.18,3.79,1,0,0.627,0,2,395,1
13.7,23,28.43,2.4,1,0,0.495,1,1,857,0
46.33,3,22.02,2.31,1,1,0.627,0,1,722,1
15.86,5,25.49,19.34,0,0,0.737,1,1,858,0
27.51,5,9.95,21.79,0,0,0.162,1,2,661,0
77.39,23,8.76,19.6,1,0,0.21,1,1,345,0
16.46,22,61.85,5.91,0,0,0.177,1,1,1347,0
72.87,6,8.31,18.77,0,1,0.135,1,2,2121,0
75.36,15,33.43,16.72,1,1,0.37,0,1,1414,0
95.1,5,12.98,12.56,1,0,0.506,0,1,981,0
38.11,0,27.6,6.39,1,1,0.181,0,3,1133,0
846.63,5,1.63,12.56,0,0,0.227,1,1,672,0
95.06,1,4.41,2.03,1,0,0.275,1,3,1374,0
45.83,20,34.87,17.37,0,0,0.229,1,2,357,0
13.79,18,2.93,0.51,0,0,0.197,1,0,711,0
30.05,4,10.09,6.44,1,0,0.135,0,3,901,0
137.87,13,46.34,7.63,1,0,0.136,0,1,1366,0
183.01,4,32.03,6.12,0,0,0.124,0,0,744,0
145.23,13,12.37,17.66,1,1,0.091,1,0,823,0
72.62,21,8.34,2.1,1,0,0.47,0,5,255,0
9.43,21,51.41,3.19,0,0,0.492,0,0,30,0
53.9,19,9.05,9.43,1,0,0.494,1,1,888,0
9.57,5,21.4,1.41,0,0,0.167,1,3,1264,0
7.48,4,43.51,5.68,1,0,0.362,1,3,1371,1
42.06,3,24.35,26.88,1,0,0.599,0,0,933,1
55.88,3,43.58,17.23,1,1,0.561,1,0,934,0
81.73,14,11.94,30.51,1,0,0.094,1,2,30,0
54.44,15,6.15,8.59,1,0,0.1,1,2,813,0
56.35,21,28.46,18.25,0,0,0.447,0,1,1060,0
12.37,2,40.15,19.09,1,0,0.512,1,2,1268,1
29.82,6,25.53,1.47,1,0,0.41,1,3,1257,0
7.34,17,7.26,4.62,0,0,0.335,1,1,1408,0
4.47,16,80.8,6.11,0,0,0.348,1,2,691,0
69.45,10,4.8,22.06,0,0,0.564,0,2,155,0
15.59,3,19.65,2.69,1,0,0.027,0,1,1150,0
79.24,11,43.37,29.07,1,0,0.333,1,2,725,0
100.32,4,18.15,5.54,0,0,0.271,1,1,697,0
17.83,12,28.8,14.14,0,0,0.554,1,4,1231,0
59.76,21,2.66,6.5,1,0,0.271,0,2,1210,0
17.1,4,27.94,0.58,0,0,0.425,1,0,899,0
5.23,2,6.84,29.36,0,1,0.249,0,3,601,1
37.46,17,19.91,19.84,1,0,0.116,1,0,1514,0
20.68,0,4.65,7.17,0,0,0.249,1,1,1013,0
21.33,23,30.01,12.42,1,0,0.115,1,1,214,0
238.73,18,25.22,4.64,1,0,0.655,1,4,751,1
7.2,9,19.71,4.02,1,0,0.302,1,1,370,0
48.56,8,35.59,19.76,1,0,0.157,1,3,792,0
12.25,9,27.21,17.63,1,0,0.18,1,4,787,0
82.13,9,4.48,36.26,0,0,0.12,0,3,30,0
44.63,20,34.86,18.13,0,0,0.16,1,3,30,0
48.39,19,27.53,12.11,1,0,0.51,1,0,928,0
12.87,4,8.31,18.53,1,0,0.123,0,4,30,0
15.4,4,17.49,13.45,0,0,0.739,0,3,929,0
83.7,12,11.51,14.47,1,0,0.043,0,6,1930,0
194.57,15,67.54,16.78,1,1,0.65,0,4,1604,1
53.53,17,6.03,19.51,1,0,0.167,0,1,841,0
13.5,7,12.02,8.24,1,0,0.157,0,2,1231,0
46.48,11,16.5,0.42,0,1,0.49,0,2,1118,1
375.2,2,19.19,8.67,1,0,0.153,0,1,1340,0
36.69,10,12.38,3.21,0,0,0.23,1,2,509,0
142.86,16,18.77,11.88,0,0,0.154,1,3,1687,0
15.79,7,25.59,9.1,0,1,0.439,1,4,1532,0
31.75,7,9.13,6.11,0,0,0.157,0,4,798,0
61.53,11,12.4,9.25,1,0,0.248,1,5,338,0
49.27,20,57.54,5.21,1,0,0.062,0,1,201,1
15.39,14,35.45,4.03,1,0,0.168,0,4,1564,1
14.74,22,34.83,2.61,1,0,0.057,1,3,1741,0
88.97,1,4.24,3.09,1,0,0.282,1,3,1139,0
109.02,20,64.1,2.79,1,0,0.427,1,4,934,0
150.23,1,15.98,16.39,0,0,0.195,1,1,1685,0
201.13,7,37.74,11.31,1,0,0.567,1,2,664,1
37.89,10,20.07,8.87,0,1,0.265,0,1,884,0
24.26,5,2.57,13.68,1,0,0.14,0,2,872,0
127.87,23,12.95,2.78,0,0,0.291,1,0,743,0
67.56,21,35.83,10.46,0,0,0.129,1,2,1114,0
12.4,13,36.59,2.69,1,1,0.198,1,4,938,0
11.78,10,20.73,1.78,1,0,0.26,1,1,614,0
54.16,18,5.81,4.97,0,0,0.251,0,0,366,0
27.74,16,38.52,38.49,0,0,0.081,1,0,1562,0
32.25,11,9.12,16.2,0,0,0.057,1,2,1407,0
96.79,19,19.92,0.73,1,0,0.44,1,2,1987,0
70.74,4,26.81,0.27,1,0,0.253,0,3,1020,1
125.2,6,28.81,3.93,0,0,0.267,0,4,1272,0
4.8,0,26.09,6.02,1,0,0.017,0,5,783,0
42.67,2,7.82,2.28,0,1,0.091,0,1,1263,0
66.33,4,11.93,21.91,0,0,0.391,1,0,1592,0
7.2,14,7.61,11.13,1,0,0.355,1,4,403,0
17.2,20,30.53,13.75,1,0,0.272,1,2,830,1
14.29,14,27.45,5.07,1,0,0.15,0,3,1130,0
33.84,10,8.89,12.54,1,0,0.122,0,4,458,0
168.65,6,33.97,7.55,1,0,0.19,0,4,282,1
250.28,2,33.83,2.71,1,1,0.071,1,4,574,1
14.67,14,42.41,14.26,1,0,0.051,1,0,823,0
56.07,3,26.72,11.49,1,0,0.088,0,3,392,1
57.9,18,28.04,2.21,1,1,0.465,1,2,1018,0
48.79,9,12.71,23.6,1,0,0.758,0,3,1820,0
49.35,8,15.49,20.23,1,0,0.333,0,2,1381,0
44.87,0,39.51,0.3,0,0,0.424,1,3,1363,0
179.03,5,10.45,15.64,1,0,0.335,1,2,55,0
99.73,0,8.17,4.94,1,0,0.4,0,4,745,1
11.47,17,28.26,13.76,0,0,0.079,0,4,1614,0
73.39,11,2.05,30.51,1,0,0.326,1,0,658,0
80.83,18,9.9,10.21,0,0,0.151,1,0,739,0
45.38,13,43.59,16.94,1,0,0.29,0,2,1384,0
102.66,22,49.92,6.06,1,0,0.121,0,3,1109,0
39.97,18,36.66,3.4,1,0,0.241,1,0,473,0
40.47,3,19.21,14.37,0,0,0.089,1,4,167,0
37.38,2,8.22,15.18,1,0,0.3,1,2,703,0
4.4,21,4.49,8.66,1,0,0.241,0,3,1239,0
30.56,6,13.56,43.91,1,0,0.142,0,4,1914,0
16.98,18,4.58,13.03,0,0,0.18,1,3,314,0
10.11,15,62.3,3.77,0,0,0.15,1,2,203,0
138.94,16,12.96,19.61,1,0,0.391,1,1,1684,0
54.83,6,14.36,16.06,1,1,0.332,0,5,612,0
32.14,7,32.39,12.75,1,0,0.123,1,0,1456,0
18.83,13,3.73,5.07,1,0,0.173,1,2,589,0
44.53,0,14.7,15.68,0,0,0.319,1,4,1941,0
89.25,7,17.95,2.78,0,0,0.267,1,0,667,0
14.48,12,4.73,32.16,1,0,0.097,0,4,1192,0
32.96,4,7.67,7.19,1,0,0.108,0,2,489,0
78.89,6,10.64,9.47,1,0,0.48,0,0,1249,0
4.78,23,37.69,9.11,0,0,0.355,1,6,397,1
31.26,6,48.85,42.81,1,0,0.446,0,3,77,0
21.56,21,25.59,5.62,0,1,0.349,1,2,871,0
28.97,22,16.87,7.52,1,0,0.236,1,1,755,0
20.05,16,43.68,8.06,0,0,0.762,0,3,1113,0
38.0,3,34.12,2.33,1,0,0.409,0,6,524,0
226.7,4,75.52,13.46,1,0,0.463,0,3,1951,1
23.95,22,3.01,10.67,1,0,0.349,1,2,1064,1
44.33,0,18.45,5.33,1,0,0.316,1,1,116,0
243.41,12,11.17,14.02,1,0,0.311,0,3,581,0
19.11,14,3.68,12.29,0,0,0.217,1,1,947,0
203.3,20,18.61,3.1,0,0,0.32,1,1,740,0
33.29,21,70.31,13.59,0,0,0.061,0,2,1131,0
196.74,6,6.4,1.02,0,0,0.272,1,0,765,0
70.12,12,94.83,9.55,1,0,0.228,1,3,90,1
45.02,15,34.71,3.95,1,0,0.328,1,3,115,0
31.01,23,44.93,27.14,1,0,0.177,1,0,1200,0
17.74,13,44.69,20.61,1,0,0.303,1,2,364,0
35.72,2,25.7,27.37,1,0,0.351,0,1,994,1
81.24,22,12.83,4.42,1,0,0.74,0,0,486,0
32.68,12,4.55,3.24,0,1,0.415,1,1,570,0
24.13,4,6.49,8.3,1,0,0.487,0,1,196,0
25.77,4,28.34,4.92,0,0,0.502,1,3,1262,0
89.34,4,13.3,3.93,1,1,0.22,1,1,659,0
112.75,17,7.31,21.91,1,0,0.321,1,1,1901,1
16.99,22,22.47,21.67,0,0,0.194,0,2,30,0
16.97,10,24.54,17.14,1,0,0.436,0,3,247,1
48.39,2,32.5,12.46,1,0,0.135,1,1,1129,0
152.56,21,8.9,6.98,0,0,0.465,0,2,380,0
104.17,15,16.81,15.91,0,0,0.371,1,1,1267,0
9.47,13,9.15,15.33,0,0,0.16,1,1,702,0
25.43,1,5.43,11.23,1,0,0.616,1,5,632,1
13.06,23,39.64,22.07,0,0,0.429,1,3,886,0
25.34,1,37.7,10.91,0,0,0.205,1,2,532,0
164.75,14,3.15,0.88,1,0,0.291,1,2,1242,0
7.98,14,19.35,6.5,0,0,0.413,1,2,30,0
6.56,12,43.86,4.47,1,1,0.251,0,3,30,1
14.46,13,33.35,3.2,1,0,0.457,0,1,1108,0
44.14,9,7.99,3.45,0,0,0.733,1,2,1602,0
61.61,13,47.39,5.7,1,0,0.234,1,3,690,0
51.29,8,43.9,4.9,1,0,0.022,1,2,1402,0
107.31,11,23.9,13.13,1,0,0.183,1,1,1592,0
5.68,16,14.8,4.18,0,0,0.278,1,0,1514,0
108.67,17,7.88,13.66,1,0,0.147,1,4,30,0
24.24,3,18.5,18.4,0,1,0.349,1,2,1130,0
68.82,23,52.31,13.4,0,0,0.356,1,4,256,0
8.82,2,8.18,9.75,1,0,0.227,1,6,885,0
33.28,6,55.61,14.58,1,0,0.387,1,2,720,1
41.94,8,32.16,3.31,0,0,0.166,0,5,800,0
105.19,7,18.48,1.1,0,0,0.155,1,3,1431,0
6.79,8,44.18,15.11,1,0,0.582,1,1,200,0
34.15,7,18.04,10.81,1,0,0.512,0,3,1752,0
11.19,10,15.79,28.81,1,0,0.164,1,2,1009,0
54.9,18,38.39,18.66,1,0,0.079,1,1,505,0
72.04,19,19.13,6.52,1,0,0.169,0,2,424,0
119.96,8,18.08,7.32,1,0,0.371,0,3,1535,0
19.39,6,10.93,10.07,1,0,0.39,0,1,30,0
83.7,16,15.52,7.69,1,0,0.185,1,3,1168,0
129.14,1,60.38,9.87,1,0,0.645,0,1,1117,1
6.4,10,0.96,5.14,1,0,0.398,0,1,1659,0
61.09,5,7.94,16.5,1,0,0.522,1,1,609,0
86.36,14,9.44,12.78,1,0,0.123,0,2,1851,0
25.57,1,16.91,8.24,1,0,0.399,1,3,1792,0
9.87,19,14.67,2.81,0,0,0.386,0,4,1108,0
85.03,6,21.61,8.12,0,0,0.22,1,0,1129,0
9.98,12,1.82,11.42,1,0,0.228,1,2,1345,0
27.71,13,21.34,7.7,0,0,0.219,0,0,749,0
31.81,11,60.05,6.21,0,0,0.015,1,0,1714,0
67.73,10,19.11,0.63,0,0,0.4,1,3,1514,0
17.7,6,15.12,43.91,0,0,0.134,0,2,588,0
16.7,18,17.28,3.84,0,0,0.299,1,0,1247,0
36.56,12,13.44,11.95,1,0,0.161,1,1,52,0
90.59,5,32.14,3.2,0,0,0.35,1,2,123,0
326.18,6,24.13,11.1,1,0,0.487,1,2,446,0
7.33,10,22.85,12.01,1,0,0.276,0,1,208,0
45.39,20,44.17,6.74,1,0,0.147,1,0,1379,0
11.17,23,32.4,7.66,1,0,0.349,0,2,1219,1
91.73,9,0.96,4.75,0,0,0.443,1,3,1027,0
12.95,9,13.19,43.91,1,0,0.363,0,1,716,0
16.87,3,5.12,17.37,0,0,0.074,0,2,1406,0
18.37,13,9.14,9.8,0,0,0.268,1,2,1734,0
30.69,5,11.11,5.27,0,0,0.099,1,2,914,0
45.75,19,8.85,16.04,0,0,0.173,1,1,1186,0
53.72,12,33.48,16.17,0,0,0.547,0,2,821,1
32.93,5,29.53,3.27,0,0,0.287,1,4,534,0
8.76,21,13.14,1.58,0,0,0.099,1,2,518,0
68.57,19,28.7,5.21,0,0,0.178,0,1,456,0
31.41,7,25.96,4.98,1,0,0.273,1,6,1193,0
105.82,2,20.4,1.79,1,1,0.056,1,1,1428,0
16.32,6,16.4,3.8,1,0,0.411,0,1,213,1
6.67,9,36.06,2.85,1,0,0.247,1,2,105,0
32.01,9,18.06,22.32,1,0,0.441,0,1,758,0
121.02,19,22.32,11.43,1,0,0.181,1,2,1122,0
38.9,23,21.14,12.66,0,0,0.438,1,1,1165,0
27.12,17,11.49,16.9,0,1,0.456,1,3,1260,0
13.87,20,10.93,3.13,1,0,0.473,1,1,338,0
192.05,3,15.5,12.86,0,0,0.268,0,1,210,0
11.83,3,33.04,6.1,0,0,0.717,1,5,1043,0
16.03,21,16.87,22.29,0,0,0.132,1,2,233,0
58.56,14,2.43,19.91,0,0,0.247,0,1,923,0
5.18,5,24.05,25.73,0,0,0.325,0,3,1292,0
118.46,19,11.96,3.51,1,0,0.646,1,3,30,0
61.82,4,8.76,7.78,1,0,0.437,0,0,974,0
81.39,18,30.77,4.88,1,0,0.243,0,1,161,0
57.87,21,30.61,4.49,1,0,0.305,1,1,1240,0
28.19,11,20.54,5.13,0,0,0.247,1,3,1414,0
11.44,15,14.58,15.13,1,0,0.249,1,1,640,0
28.79,17,12.4,4.66,1,0,0.045,0,5,802,0
12.49,21,5.19,3.82,0,0,0.023,1,1,519,0
53.85,14,0.99,4.54,0,0,0.525,1,3,705,0
74.2,7,13.18,1.97,1,0,0.599,1,1,1419,0
145.01,4,13.43,4.73,0,0,0.107,1,4,1059,0
48.03,8,8.19,20.43,1,0,0.095,1,1,1532,0
83.48,1,44.03,36.24,1,0,0.201,0,4,30,0
24.6,16,11.58,6.21,0,0,0.174,0,0,1259,0
20.53,8,20.34,21.32,0,0,0.485,1,1,1006,0
53.18,17,23.73,29.36,0,0,0.616,0,3,1219,0
22.5,1,26.28,1.0,1,0,0.354,0,3,602,1
43.34,7,10.31,6.1,1,0,0.234,1,2,30,0
11.46,9,14.25,24.68,0,0,0.211,0,2,30,0
13.71,2,18.77,15.72,1,0,0.625,1,2,867,0
62.52,19,10.36,18.43,0,0,0.235,1,1,1231,0
80.37,14,41.09,8.92,1,0,0.36,1,0,712,0
12.36,20,78.74,11.64,0,0,0.466,1,1,1029,0
64.76,19,23.22,6.85,1,0,0.675,0,0,1211,0
19.44,0,23.05,21.08,0,0,0.203,1,3,30,0
33.67,20,39.02,6.94,0,0,0.103,0,1,603,0
136.58,1,33.19,10.19,0,0,0.127,0,2,1265,1
74.25,20,18.13,5.17,0,1,0.203,1,2,2000,0
73.4,16,57.34,3.89,1,0,0.462,1,1,1279,0
223.36,19,10.82,22.45,1,0,0.054,1,3,350,0
16.38,11,31.0,20.74,0,0,0.086,1,2,1504,0
12.36,3,14.15,4.56,1,0,0.306,1,0,776,0
16.08,3,25.34,11.92,1,0,0.421,0,3,731,0
25.67,2,12.97,20.64,1,0,0.467,0,2,213,1
3.14,19,56.05,41.02,1,0,0.13,1,3,1843,0
26.91,12,40.4,12.76,0,0,0.323,1,1,234,0
19.21,5,24.36,19.9,0,0,0.169,1,2,689,0
72.51,2,33.59,19.66,0,0,0.089,1,4,688,0
47.11,1,8.23,17.65,0,1,0.296,1,1,777,0
18.16,6,4.27,1.32,0,0,0.068,0,2,1439,0
59.74,17,10.46,11.51,1,0,0.391,1,2,723,0
68.26,21,54.95,7.03,1,0,0.314,1,2,1454,0
15.36,14,12.93,3.72,1,0,0.273,1,1,1002,0
20.23,23,35.17,3.23,1,0,0.086,0,1,1009,1
3.58,9,15.25,5.2,1,0,0.588,1,1,1304,0
11.13,7,16.05,24.27,1,0,0.087,1,3,922,0
15.76,16,13.09,3.1,0,0,0.251,1,3,992,0
35.66,3,12.34,17.8,0,0,0.489,0,3,1495,1
12.87,21,33.35,28.38,0,0,0.253,1,1,325,0
19.82,18,12.51,5.18,1,0,0.109,0,1,1144,0
9.72,0,12.21,26.73,1,0,0.114,1,1,2073,0
39.3,4,18.3,21.31,1,0,0.371,1,2,661,0
50.69,15,14.28,6.83,1,0,0.365,1,3,1394,1
49.52,17,8.9,10.56,1,0,0.301,0,3,496,0
33.53,5,30.7,4.34,1,1,0.409,1,2,968,0
7.09,17,21.74,8.5,1,0,0.267,0,2,493,0
17.82,11,11.82,56.79,1,0,0.203,0,0,1559,0
22.04,16,8.92,10.03,1,0,0.246,1,4,1154,0
22.12,10,39.58,5.71,1,0,0.259,1,3,30,0
35.69,10,5.8,1.37,1,0,0.24,1,4,1012,0
137.76,9,27.79,12.76,1,0,0.132,1,1,992,0
74.6,3,2.31,3.64,1,1,0.566,1,1,1103,1
12.34,4,19.78,2.48,1,0,0.115,1,1,1796,0
65.26,4,20.22,12.52,0,0,0.115,0,1,541,0
62.82,19,4.77,4.2,1,1,0.06,0,2,1094,0
14.79,10,5.21,18.29,1,1,0.402,1,3,30,0
77.39,9,20.78,1.2,0,0,0.171,1,1,1555,0
28.21,20,5.04,14.86,0,1,0.489,1,1,105,1
8.09,21,45.63,32.0,0,0,0.424,0,2,466,0
52.21,5,11.95,13.57,1,0,0.322,0,1,897,0
41.14,8,51.26,19.15,0,0,0.235,1,2,1132,0
26.37,9,43.67,4.8,1,0,0.26,0,2,404,0
31.9,20,16.58,19.77,0,0,0.274,1,3,1737,0
16.13,16,21.32,13.4,0,0,0.239,1,4,783,0
60.95,13,37.9,10.82,1,0,0.187,1,0,1496,0
31.71,5,6.83,24.5,1,0,0.377,0,0,420,1
39.11,9,12.91,15.69,1,1,0.185,1,2,2453,0
47.33,0,50.37,3.87,0,0,0.283,1,0,877,0
10.44,16,34.79,6.68,0,1,0.461,0,1,875,0
13.54,22,14.93,28.86,0,1,0.593,0,0,1097,0
3.63,18,21.46,3.43,0,0,0.237,0,2,804,0
58.25,7,10.17,3.43,1,0,0.262,1,2,1352,0
9.85,11,13.88,18.17,1,0,0.258,0,2,1001,0
37.81,22,27.47,6.45,0,1,0.469,1,3,697,0
47.99,10,13.92,32.56,1,0,0.15,0,2,844,1
60.48,20,30.78,16.0,1,0,0.155,0,2,532,1
9.93,13,5.05,7.0,1,1,0.527,1,1,760,0
31.03,11,27.23,13.46,1,0,0.332,1,4,30,0
175.96,14,7.62,4.84,0,1,0.374,1,3,174,0
183.89,5,16.2,36.44,1,0,0.199,1,3,909,0
88.88,10,9.63,11.18,1,1,0.212,0,3,863,0
46.41,7,27.29,7.62,1,1,0.189,0,0,1585,0
12.12,18,5.61,5.66,0,0,0.127,0,1,1334,0
67.94,14,31.05,3.76,1,0,0.168,0,0,1087,0
28.28,9,18.14,4.34,1,1,0.201,1,5,538,0
58.0,19,15.08,5.19,1,0,0.554,0,1,1198,0
17.59,10,10.84,1.93,1,0,0.145,1,2,646,0
27.86,22,12.71,6.97,0,0,0.346,1,3,817,0
39.02,14,42.99,8.23,1,0,0.423,0,2,30,1
42.36,21,10.64,13.69,0,1,0.318,1,2,954,0
54.26,23,43.21,4.52,0,0,0.199,0,1,835,0
18.56,7,53.17,4.17,1,0,0.258,0,0,1062,0
8.64,6,14.8,8.97,0,0,0.129,1,3,856,0
168.14,20,4.27,7.68,1,0,0.091,1,4,30,0
399.12,5,35.94,12.8,1,1,0.202,0,2,1307,0
51.8,18,35.66,1.28,0,0,0.044,1,2,942,0
8.81,4,43.65,13.53,1,0,0.304,0,4,1527,0
15.28,20,17.15,8.85,0,0,0.326,0,0,30,0
55.1,16,23.14,0.58,1,0,0.031,0,2,773,0
126.61,12,12.58,7.11,1,0,0.508,1,2,1505,0
9.85,10,12.12,17.38,1,0,0.328,1,0,189,1
29.24,15,22.24,9.86,1,1,0.279,1,1,1444,0
40.28,9,38.14,7.84,1,0,0.43,0,4,1544,1
78.62,9,32.37,4.71,1,0,0.399,1,1,1158,0
23.49,4,18.78,1.26,0,1,0.257,1,0,484,0
6.93,3,40.41,9.36,0,0,0.26,0,2,430,0
61.63,21,5.75,20.7,0,0,0.367,0,3,962,0
101.98,17,84.03,28.85,0,0,0.028,1,3,1301,0
30.49,10,6.39,3.28,0,0,0.185,1,0,1917,0
49.66,19,17.59,10.14,0,1,0.315,0,3,1192,1
20.6,14,21.98,10.64,1,0,0.312,0,1,491,0
14.21,14,22.62,6.13,0,1,0.285,1,4,1544,0
92.43,2,37.62,20.98,1,0,0.396,1,2,1802,0
48.79,12,8.71,11.02,0,0,0.461,1,0,1118,0
54.07,2,23.78,2.3,0,0,0.275,0,2,1224,0
148.73,16,30.49,7.98,0,0,0.274,0,2,1366,0
11.53,1,41.48,18.3,1,0,0.449,1,2,30,0
19.07,12,14.67,2.66,1,0,0.463,1,0,1003,0
38.78,8,20.45,8.87,1,0,0.072,1,2,790,1
18.83,3,18.35,9.5,0,0,0.091,1,1,397,0
72.47,11,29.42,11.03,0,0,0.13,1,3,1130,0
27.46,4,29.56,16.25,1,0,0.105,1,3,1094,0
12.27,5,14.18,5.32,0,0,0.181,1,1,1123,0
35.37,21,18.08,32.69,1,0,0.419,1,1,1133,0
39.27,8,19.15,12.23,0,0,0.234,0,0,1190,0
84.33,9,7.45,40.31,0,0,0.143,0,1,1102,0
49.06,0,24.77,6.21,0,0,0.383,1,2,834,0
52.52,7,24.06,14.32,0,0,0.16,0,2,369,0
45.62,8,7.53,0.07,0,0,0.035,0,1,2216,0
27.43,17,26.02,34.8,1,0,0.119,1,1,1434,0
16.18,2,92.04,12.73,1,0,0.27,0,4,1379,0
44.21,22,9.63,6.19,1,0,0.616,1,0,1155,1
23.73,3,7.45,1.76,1,1,0.637,0,3,1399,1
179.44,15,30.21,12.97,1,0,0.296,1,4,939,0
126.75,0,14.1,5.5,1,1,0.425,0,1,1276,0
62.35,19,37.7,20.18,1,0,0.346,1,1,30,0
48.35,16,17.41,31.85,0,1,0.492,1,2,1528,0
30.33,20,11.39,11.23,1,0,0.044,0,1,941,0
9.38,22,17.19,17.95,1,0,0.351,0,4,670,1
26.68,20,29.56,7.18,0,0,0.158,0,1,1073,0
36.65,14,28.83,0.4,0,1,0.106,0,1,1137,0
41.66,20,5.14,13.76,1,0,0.235,0,2,1358,0
52.96,2,29.5,16.78,0,0,0.157,0,1,1312,0
83.21,15,19.58,7.3,1,0,0.208,0,2,1711,0
16.57,23,20.85,1.46,0,0,0.352,1,1,603,0
16.73,9,24.79,5.46,0,0,0.16,1,3,1034,0
141.3,23,7.32,13.16,1,0,0.421,1,0,916,0
71.59,12,4.92,7.05,0,0,0.726,0,1,65,0
22.4,11,5.32,7.98,0,0,0.647,1,1,1233,0
29.75,7,36.08,28.43,0,0,0.311,1,5,901,0
29.88,2,35.87,12.61,1,0,0.296,0,1,1328,0
34.18,21,1.46,38.47,1,0,0.449,0,2,1376,0
53.13,17,18.05,2.11,0,0,0.418,1,4,698,0
417.8,9,12.28,1.55,1,1,0.15,1,2,1901,0
40.04,23,8.22,15.73,0,0,0.113,1,3,338,0
64.24,4,41.14,22.13,1,1,0.148,0,1,151,1
6.13,18,46.92,15.18,1,1,0.331,0,4,520,1
20.39,10,21.62,45.39,1,0,0.282,0,2,670,0
113.16,14,11.66,29.39,0,0,0.318,1,0,704,0
49.52,0,13.5,23.69,1,0,0.29,0,2,1276,0
1.0,14,6.99,4.58,1,1,0.036,0,1,685,0
64.98,16,13.32,4.11,0,0,0.556,0,2,1168,0
225.46,23,9.23,24.45,0,0,0.216,0,4,160,0
4.5,8,44.81,7.9,1,0,0.463,0,3,1116,0
151.32,1,3.23,19.54,1,0,0.295,0,3,551,0
2.07,1,33.22,7.9,0,1,0.496,1,3,1044,0
84.61,3,8.68,1.18,1,1,0.514,0,1,714,0
32.83,7,29.3,16.22,0,0,0.316,1,0,713,0
3.16,19,16.62,5.59,1,0,0.162,1,4,960,0
51.74,4,33.59,0.52,0,0,0.56,1,2,1219,1
104.67,3,5.58,37.16,1,0,0.592,0,0,1860,1
47.65,0,11.22,19.35,1,0,0.332,1,2,1151,0
59.43,9,14.19,17.06,1,1,0.096,1,1,1283,0
21.94,14,19.43,20.26,1,0,0.215,1,1,1277,0
5.15,6,19.21,2.52,0,0,0.202,1,1,359,0
66.15,11,6.93,29.42,1,0,0.235,1,1,1014,0
190.52,5,5.19,2.11,1,0,0.284,0,1,611,0
102.47,19,14.91,15.07,0,0,0.23,0,5,2022,0
4.54,0,17.53,9.36,1,1,0.099,1,1,1221,0
7.28,4,14.25,8.27,0,0,0.46,1,4,284,0
14.21,13,3.22,4.87,0,0,0.016,0,3,587,0
6.73,20,18.13,27.06,0,0,0.137,1,4,453,0
34.61,9,25.74,11.34,0,0,0.331,1,1,1052,0
49.08,1,21.59,0.9,1,0,0.577,0,2,855,1
7.92,13,16.14,39.64,0,0,0.616,1,3,915,0
72.03,6,20.29,35.83,1,0,0.195,0,3,640,0
60.41,7,9.53,7.45,1,0,0.23,0,2,756,0
19.14,22,41.17,3.46,1,1,0.461,1,1,1398,0
27.87,22,12.08,6.64,1,1,0.426,0,2,1179,0
4.71,6,26.33,5.59,0,0,0.041,1,4,464,0
23.75,14,15.64,25.02,0,0,0.297,1,2,942,0
33.36,12,34.63,8.11,1,0,0.326,1,1,206,0
39.2,23,11.85,12.29,1,0,0.091,1,0,1153,0
48.37,22,34.86,7.16,0,0,0.288,1,4,842,0
42.28,8,44.87,11.92,0,0,0.34,1,3,609,0
25.42,0,8.87,19.65,0,0,0.259,1,2,114,0
44.09,0,32.26,2.16,1,0,0.198,1,5,800,1
90.2,0,51.87,9.64,1,0,0.264,0,0,1192,0
30.1,18,22.87,23.85,1,1,0.174,1,2,704,1
45.49,17,39.31,8.37,1,0,0.578,0,1,1345,0
27.49,19,45.58,10.05,0,0,0.16,0,3,267,0
17.34,3,35.61,9.79,1,0,0.465,0,4,680,1
55.86,1,9.73,1.9,1,0,0.096,1,3,843,0
19.01,4,25.22,11.94,1,0,0.26,1,4,1278,0
48.72,15,27.53,1.48,0,0,0.269,1,2,1658,1
34.06,0,2.75,3.38,1,1,0.28,0,1,1423,0
24.44,15,16.67,11.68,1,1,0.129,1,3,1378,0
23.85,21,20.38,8.77,0,0,0.255,1,0,1514,0
19.92,3,26.08,5.99,0,0,0.351,1,1,30,0
6.39,17,7.61,7.26,0,0,0.433,1,1,30,0
48.56,13,15.63,10.62,1,0,0.103,0,1,612,0
41.74,22,21.59,12.66,1,0,0.328,1,3,1178,1
77.45,5,13.13,6.9,0,1,0.287,0,0,1327,1
19.46,5,2.67,35.68,1,0,0.197,1,6,1082,0
220.39,0,42.51,0.03,0,0,0.32,1,0,838,0
22.65,16,64.59,10.36,0,0,0.122,0,3,1097,0
13.8,20,23.79,2.52,1,0,0.061,1,3,697,0
12.26,0,24.12,12.65,0,0,0.514,0,4,1515,1
5.85,11,17.65,6.51,0,0,0.622,0,1,1293,1
153.34,17,5.26,3.78,0,0,0.298,0,2,1712,0
130.46,18,3.66,13.67,1,1,0.565,0,3,1773,0
60.39,22,40.26,10.5,1,0,0.158,0,1,1064,0
13.52,17,59.89,6.63,1,0,0.214,0,3,1525,0
202.61,22,25.53,0.93,0,0,0.301,1,0,797,0
23.3,23,12.99,12.02,1,0,0.174,0,0,1056,0
25.3,22,15.63,5.04,0,0,0.217,0,1,1378,0
139.39,10,28.28,32.83,0,0,0.384,1,0,1810,0
64.0,9,38.81,22.04,0,0,0.182,0,2,1288,0
299.2,10,17.91,7.55,1,0,0.18,0,1,917,0
42.47,22,13.95,8.12,0,0,0.542,0,3,910,0
22.26,6,7.49,0.44,1,1,0.131,0,3,1650,0
17.96,18,11.79,7.31,0,0,0.329,1,2,863,0
5.22,15,27.04,22.13,1,0,0.469,1,2,1050,0
25.06,1,22.66,14.26,1,0,0.065,0,2,741,0
104.02,11,21.23,18.62,0,0,0.303,0,5,1037,0
60.27,4,7.76,12.4,1,1,0.226,1,2,601,0
33.79,17,14.98,3.14,0,0,0.494,1,1,1175,0
12.24,10,32.57,4.17,1,0,0.582,0,3,570,0
41.55,8,49.09,3.71,1,0,0.328,1,2,901,0
91.18,1,31.4,5.78,1,1,0.403,1,2,999,0
50.94,3,38.71,14.75,1,0,0.12,1,0,869,0
39.12,18,2.77,3.47,0,0,0.147,1,2,760,0
14.93,20,43.45,14.59,1,0,0.192,1,0,798,0
78.82,6,25.27,8.17,0,0,0.344,0,3,941,0
1.44,19,21.39,45.23,0,0,0.527,0,0,463,0
48.56,13,23.07,1.78,0,0,0.351,1,2,501,0
432.82,8,55.76,6.66,0,0,0.406,1,1,1349,0
7.33,10,12.56,7.94,1,0,0.248,1,0,1059,0
26.01,16,23.08,18.7,1,0,0.237,1,2,844,0
32.85,21,16.49,16.27,0,0,0.357,1,2,1196,1
20.85,11,8.17,2.67,0,0,0.065,1,1,1051,0
93.35,8,4.31,1.23,0,0,0.457,0,5,1216,0
53.11,18,8.05,6.12,1,0,0.422,1,1,862,0
38.56,12,10.06,11.96,0,0,0.5,1,1,985,0
73.5,9,17.08,6.69,1,0,0.173,0,2,883,0
33.67,11,38.71,9.06,1,0,0.423,1,1,938,0
796.21,12,8.07,1.87,0,0,0.147,1,3,973,0
38.53,3,9.9,11.81,1,0,0.39,0,4,806,0
40.26,1,54.96,10.53,1,0,0.082,0,4,477,1
5.99,15,12.91,6.18,1,0,0.136,1,2,876,0
19.23,4,11.01,23.13,0,1,0.225,1,1,1209,1
104.31,12,11.37,5.9,0,0,0.684,0,3,1146,0
8.71,18,20.11,5.32,1,0,0.659,1,1,1065,0
3.83,5,17.24,13.48,0,0,0.228,1,3,1190,0
34.2,9,10.32,24.37,0,0,0.387,1,4,188,0
130.42,23,13.53,3.89,0,0,0.205,0,4,1200,0
34.55,0,33.3,13.62,0,0,0.491,1,2,929,0
23.66,18,22.16,14.81,0,0,0.43,0,1,495,0
5.16,4,45.93,4.08,1,0,0.659,0,4,408,1
52.05,21,14.72,4.51,1,0,0.156,0,2,272,0
64.15,9,33.21,3.16,1,0,0.2,1,2,1884,0
5.57,0,34.04,13.93,1,0,0.12,0,3,1673,1
102.98,17,9.77,3.61,1,0,0.299,1,1,994,0
71.21,3,24.41,22.49,1,0,0.344,0,4,1339,0
102.75,8,19.02,5.78,1,0,0.264,1,7,833,0
59.35,12,2.97,9.18,1,0,0.286,1,0,419,0
63.67,17,4.57,11.09,1,0,0.242,0,1,693,0
55.74,10,20.7,22.56,0,0,0.15,1,1,494,0
78.92,20,3.27,31.11,1,0,0.216,0,2,705,0
5.37,11,2.45,12.37,1,0,0.285,1,2,664,0
7.38,8,18.67,16.35,1,0,0.401,1,2,808,0
15.86,8,1.28,3.91,0,0,0.169,1,3,1211,0
29.08,19,6.91,28.91,1,0,0.492,0,1,267,0
48.82,15,18.6,16.95,1,0,0.716,0,1,30,0
45.82,3,16.18,53.45,1,0,0.284,0,1,1331,0
101.2,18,16.17,9.71,0,0,0.04,1,0,614,0
104.43,9,27.92,4.48,1,0,0.285,1,2,902,0
13.84,8,36.77,7.1,0,0,0.345,1,3,30,0
42.04,2,39.48,22.13,1,1,0.02,0,0,619,1
14.18,23,58.3,29.16,1,0,0.095,0,1,1537,0
27.43,1,1.51,4.81,0,0,0.082,1,3,869,0
45.69,23,9.17,2.29,1,1,0.021,0,2,593,0
1.1,1,6.47,8.69,0,0,0.453,1,3,1147,0
369.17,12,59.57,3.88,0,0,0.094,1,2,1616,0
58.35,2,18.92,19.81,0,0,0.039,0,2,520,0
18.25,11,16.84,8.23,0,0,0.447,1,1,1353,0
227.55,20,12.28,7.42,1,0,0.192,1,1,144,0
23.4,14,11.72,7.45,1,0,0.211,1,2,1859,0
37.81,13,11.65,6.77,1,0,0.253,1,2,890,0
20.35,2,12.54,2.26,0,0,0.139,0,2,738,0
172.78,22,11.49,4.19,0,0,0.554,1,1,747,0
29.82,9,50.17,16.75,1,0,0.359,0,3,888,0
38.45,12,73.53,3.38,1,0,0.289,1,0,1148,0
110.36,21,70.55,16.25,0,0,0.238,1,0,823,0
59.45,15,2.81,10.75,0,0,0.212,1,1,1733,0
31.36,17,10.2,22.23,1,0,0.051,1,5,1467,0
100.52,4,2.05,9.8,1,0,0.108,1,1,667,0
419.26,11,72.3,4.5,1,0,0.235,1,2,491,0
45.49,12,23.85,4.31,1,0,0.18,1,1,956,0
37.22,4,32.56,1.51,1,0,0.252,1,0,1066,0
39.28,9,15.75,4.86,0,0,0.163,1,5,694,0
122.78,19,16.9,7.96,1,0,0.083,1,2,841,0
18.19,22,42.51,24.23,0,0,0.172,0,1,1182,0
25.07,19,18.77,16.83,1,1,0.231,1,4,1457,0
7.12,22,19.4,7.17,0,0,0.198,1,2,499,0
10.14,23,30.56,3.6,1,0,0.333,0,3,30,0
19.73,4,27.89,14.27,1,1,0.301,0,3,699,0
31.31,20,18.25,5.24,1,0,0.233,1,0,30,1
194.24,14,12.02,3.66,0,0,0.471,0,7,387,0
56.6,20,11.23,14.38,0,0,0.224,0,1,30,0
13.3,15,39.91,4.19,0,0,0.503,1,1,1608,0
15.99,2,19.74,18.94,1,1,0.057,1,1,30,0
130.94,13,8.98,1.61,1,0,0.592,1,3,1944,0
102.17,18,35.29,4.15,0,0,0.101,1,3,30,0
34.06,2,17.98,3.92,1,0,0.238,1,2,1352,0
21.27,12,2.68,17.68,1,0,0.052,1,4,678,0
102.0,15,9.49,9.39,1,0,0.053,1,4,1319,0
12.26,11,18.03,17.32,0,0,0.33,0,1,1276,0
49.01,19,3.47,3.14,0,0,0.581,0,1,337,0
321.39,3,22.96,16.87,0,0,0.393,0,1,1728,1
40.66,8,26.11,15.64,1,0,0.068,0,4,184,0
15.25,22,37.63,4.23,0,0,0.731,1,3,723,0
49.92,12,21.2,4.59,1,0,0.094,1,2,1816,0
20.7,4,9.98,4.68,1,0,0.233,1,1,1073,0
8.21,2,2.79,33.1,1,0,0.383,1,4,781,0
66.76,14,2.64,8.81,0,1,0.048,0,0,887,0
101.27,22,15.45,2.71,0,0,0.181,1,1,1004,0
24.27,1,15.44,4.44,1,0,0.196,1,0,1427,0
22.71,2,3.32,47.53,1,0,0.206,0,0,1178,0
12.66,9,22.5,10.71,0,0,0.484,1,0,694,0
28.5,5,12.18,7.9,0,0,0.289,0,3,1185,0
18.87,2,7.09,1.57,1,0,0.581,1,1,30,0
12.05,7,5.27,3.84,0,0,0.233,0,1,1158,0
219.68,15,50.5,22.73,0,0,0.22,1,1,644,0
52.8,19,2.27,11.09,1,0,0.296,1,1,744,0
58.7,7,60.36,3.98,0,0,0.662,0,2,1137,0
80.11,16,7.52,45.01,0,0,0.031,1,4,1306,0
71.6,19,64.36,10.85,1,0,0.329,1,3,308,0
21.91,0,2.98,52.77,1,0,0.379,0,0,937,0
43.49,20,24.15,3.16,0,0,0.42,1,4,191,0
25.3,4,43.76,2.23,1,0,0.2,1,1,1071,0
51.34,16,44.46,8.71,0,0,0.037,1,2,160,0
46.6,18,24.05,1.61,0,0,0.084,1,3,355,0
22.59,20,21.45,6.4,0,0,0.218,0,4,1302,0
8.76,9,3.94,14.92,0,0,0.308,0,1,780,0
38.33,15,35.46,13.5,0,0,0.197,1,2,931,0
27.0,0,40.7,10.65,1,0,0.3,1,1,496,0
5.0,10,18.35,4.07,1,0,0.401,1,0,1232,0
55.02,23,20.83,19.27,0,0,0.186,0,3,206,0
86.95,3,98.74,7.83,1,1,0.377,1,0,771,0
415.03,3,4.42,0.49,0,1,0.322,1,0,740,0
22.39,16,24.6,3.41,1,0,0.193,0,4,1005,0
19.32,12,34.8,3.47,0,0,0.123,0,2,878,0
10.92,10,2.56,21.89,0,0,0.288,1,1,885,0
40.8,5,2.9,3.41,0,1,0.565,0,0,326,0
40.54,4,8.95,13.02,1,0,0.211,1,2,30,0
14.71,17,9.68,1.01,0,0,0.256,0,4,841,0
27.8,8,8.34,14.6,0,0,0.597,1,0,852,0
4.58,18,10.03,1.52,1,1,0.246,1,2,435,0
83.63,10,10.29,21.29,0,0,0.48,0,2,30,0
15.32,9,18.12,7.86,1,0,0.082,1,2,1652,0
31.99,5,7.3,17.23,1,0,0.156,0,2,1036,0
7.95,15,13.94,7.43,1,0,0.423,0,2,1224,0
18.5,6,17.37,4.79,1,0,0.15,1,1,853,0
25.04,21,12.27,1.4,1,0,0.227,0,3,30,0
32.74,9,24.56,0.82,0,0,0.263,0,2,252,0
53.5,19,48.45,4.67,1,0,0.214,1,1,1065,0
139.64,11,4.23,9.02,1,0,0.113,1,4,1453,0
68.9,9,6.71,2.42,0,0,0.142,1,0,731,0
86.67,10,31.4,37.02,1,0,0.241,1,0,1267,0
140.63,10,22.16,25.34,0,0,0.465,0,1,30,0
58.54,11,33.3,7.77,0,0,0.368,1,0,79,0
31.92,21,29.86,27.92,1,0,0.23,0,3,964,0
90.84,16,9.92,7.99,0,0,0.362,1,3,1060,0
96.84,0,51.14,2.47,1,0,0.485,1,2,587,0
63.34,1,52.04,6.83,0,0,0.429,1,4,1577,0
7.73,0,6.93,15.7,1,0,0.366,0,3,122,0
14.28,16,46.23,4.09,0,0,0.13,1,1,896,0
25.16,4,49.78,31.33,1,0,0.054,1,1,785,0
72.21,9,62.96,5.46,0,0,0.214,0,1,642,0
32.42,19,30.33,17.44,0,0,0.069,0,3,1180,0
103.22,3,13.22,7.34,0,0,0.433,1,1,767,0
123.38,3,9.31,3.68,1,0,0.095,0,0,30,0
109.86,1,13.23,2.13,0,0,0.134,1,2,875,0
110.56,6,4.97,19.0,1,0,0.188,0,0,1195,0
11.74,2,24.98,11.91,0,0,0.438,1,3,151,0
53.66,15,15.34,4.39,1,1,0.195,1,0,1269,0
18.04,17,3.98,19.28,0,0,0.345,1,2,830,0
6.37,4,9.51,4.6,1,0,0.759,1,1,166,0
24.84,12,43.5,11.39,1,0,0.049,0,2,983,0
124.55,7,25.35,13.05,0,0,0.484,1,1,215,0
52.5,1,8.5,41.24,0,0,0.203,0,4,984,0
249.09,11,61.81,39.49,0,0,0.15,1,1,1279,0
39.54,16,22.73,4.68,1,0,0.046,1,2,2209,1
382.91,5,5.58,3.62,0,0,0.037,1,2,1112,0
39.55,18,13.29,10.49,1,0,0.187,0,4,396,0
33.87,23,3.67,21.22,0,0,0.142,0,0,30,0
9.21,1,51.08,0.74,1,0,0.09,0,5,1166,1
100.54,3,34.13,32.74,0,0,0.293,1,1,587,0
20.04,6,8.86,5.85,1,0,0.308,0,2,30,0
17.34,20,33.71,20.53,1,0,0.114,1,1,559,0
119.25,3,22.15,5.93,1,0,0.141,0,0,258,0
105.45,11,45.61,30.34,1,0,0.651,1,3,1917,0
102.72,12,1.06,5.83,0,0,0.391,0,1,338,0
23.05,3,31.25,16.25,1,0,0.304,1,4,723,1
31.47,1,16.82,9.19,1,0,0.402,1,1,844,0
31.19,2,80.57,2.32,1,0,0.57,1,1,972,0
72.42,1,5.11,5.55,1,0,0.186,0,2,1442,0
156.58,12,36.5,0.54,1,1,0.218,1,3,1064,0
47.85,22,31.85,4.77,0,0,0.116,1,1,601,0
238.62,8,3.9,12.63,1,0,0.271,1,2,538,0
81.22,6,13.81,29.18,1,0,0.2,0,0,494,0
26.19,5,28.57,8.74,1,0,0.552,0,3,1967,0
75.85,23,8.9,51.27,0,0,0.544,1,3,856,0
182.35,23,9.16,22.98,1,0,0.175,0,3,1010,1
244.27,15,39.76,3.84,0,0,0.087,1,3,887,0
108.52,11,67.93,9.36,0,0,0.173,1,4,30,0
33.98,3,37.21,14.9,1,1,0.457,1,6,1711,1
26.66,22,4.3,6.04,0,0,0.506,1,1,353,0
58.91,0,0.27,12.51,1,0,0.062,1,1,820,0
176.62,3,5.95,5.05,0,0,0.293,1,1,1018,0
51.1,16,31.01,9.1,1,0,0.135,1,2,207,0
52.17,4,33.97,26.42,0,1,0.152,0,4,732,0
34.86,2,12.63,5.52,0,0,0.18,1,1,1028,0
23.86,14,5.85,1.51,1,1,0.206,1,3,1868,0
28.16,0,13.7,40.64,0,0,0.096,1,3,154,0
37.92,6,2.49,19.43,0,0,0.048,1,0,1277,0
184.58,15,23.38,14.28,0,0,0.082,1,2,1451,0
26.06,4,21.27,31.96,0,1,0.278,0,5,311,1
34.9,18,5.44,20.45,1,0,0.231,0,3,1048,0
13.94,2,37.71,5.97,0,0,0.298,0,0,1481,0
67.8,14,18.77,40.25,1,0,0.356,0,0,1592,0
129.89,1,8.15,12.58,0,0,0.329,1,2,322,0
168.09,17,24.15,17.85,1,0,0.49,0,3,974,0
40.58,18,79.13,0.89,0,1,0.294,1,2,1929,0
58.81,19,2.71,2.87,1,0,0.109,1,3,407,0
28.4,6,83.29,2.14,1,0,0.364,0,0,1442,0
56.15,5,18.58,1.94,0,0,0.018,0,1,1576,0
45.33,23,28.88,15.37,1,0,0.299,1,2,1822,0
35.1,17,30.64,3.67,1,0,0.623,1,1,292,0
38.01,4,8.41,12.04,0,0,0.115,1,7,753,0
52.04,0,12.37,19.96,1,0,0.36,1,4,1306,1
24.68,8,49.13,4.66,1,0,0.054,1,4,1176,0
25.98,15,55.86,3.58,0,0,0.271,1,2,30,0
182.61,8,15.39,0.98,0,0,0.227,1,3,1763,0
497.97,19,69.88,24.99,1,0,0.053,1,0,531,0
9.93,12,16.88,4.88,1,0,0.243,0,2,359,1
9.4,23,34.9,33.39,1,0,0.474,1,2,1557,1
12.72,20,9.13,14.05,1,0,0.356,1,1,703,1
29.87,11,33.12,28.21,0,1,0.806,0,0,1821,0
81.11,20,14.28,1.71,1,0,0.622,0,3,810,1
59.81,10,95.37,17.18,0,0,0.465,0,2,900,0
39.33,0,25.32,17.64,1,0,0.415,1,2,750,0
56.2,7,64.19,23.82,0,0,0.238,1,2,267,0
16.58,9,21.8,3.83,1,0,0.132,1,1,1257,0
25.94,23,18.87,5.16,0,0,0.081,1,0,1373,0
32.46,19,21.35,24.37,0,0,0.12,1,7,1275,0
6.79,3,75.91,1.24,1,0,0.12,1,5,1212,0
10.37,0,11.84,3.28,0,0,0.423,1,1,1519,0
10.79,12,92.61,16.8,1,1,0.457,1,1,662,0
71.1,12,39.29,5.94,1,0,0.181,0,1,1474,0
42.32,17,73.15,7.07,0,0,0.211,0,3,1275,0
61.01,6,5.92,0.2,1,0,0.038,0,5,845,0
5.26,19,34.26,31.37,1,0,0.527,1,2,612,0
7.51,9,50.67,6.45,1,0,0.339,0,1,759,0
64.28,8,51.69,15.87,0,0,0.35,0,3,277,0
2.06,10,34.23,24.96,0,0,0.427,1,2,1258,0
112.69,22,13.28,6.89,1,0,0.456,1,2,1041,0
5.35,9,12.49,16.05,1,0,0.447,1,0,894,0
76.96,13,11.77,32.02,1,0,0.082,1,2,1052,0
13.62,21,24.11,18.89,0,0,0.132,1,0,1683,0
94.53,0,21.04,13.44,1,0,0.133,1,0,987,0
819.06,12,13.81,18.77,1,0,0.099,1,2,1431,0
3.41,17,15.91,21.08,0,0,0.034,1,1,1377,0
66.38,21,19.09,8.65,1,0,0.435,1,4,598,0
5.43,1,1.45,32.61,1,0,0.258,0,2,1464,0
50.74,17,14.45,11.21,0,1,0.157,0,1,1084,1
26.93,19,11.0,22.22,0,0,0.077,1,0,1122,0
37.7,8,5.61,2.98,1,0,0.427,1,1,796,0
13.31,17,6.02,9.09,0,0,0.333,1,1,112,0
72.28,11,14.22,4.06,0,0,0.3,0,2,30,0
7.78,15,24.99,14.49,0,0,0.088,0,2,237,0
114.62,9,26.25,2.67,0,0,0.246,0,3,1092,0
21.99,4,29.21,18.92,1,0,0.166,1,4,582,0
8.14,19,26.28,15.61,0,1,0.363,1,3,405,0
163.19,5,12.21,7.92,1,0,0.368,1,3,926,0
30.96,4,5.99,20.39,1,0,0.196,0,0,566,0
223.1,21,7.65,3.0,1,1,0.315,1,6,1423,0
112.32,22,17.26,18.82,0,0,0.117,0,0,1489,0
14.91,14,21.27,3.44,0,0,0.638,1,3,1444,0
30.42,13,36.36,4.87,0,0,0.578,1,0,1190,0
37.38,8,52.03,25.01,0,0,0.371,1,2,408,0
152.37,14,12.99,25.4,1,0,0.306,0,2,987,0
51.29,14,21.88,14.4,1,0,0.228,0,2,961,0
39.5,12,30.28,50.42,1,1,0.086,1,3,1131,1
27.12,15,19.14,35.04,1,0,0.463,1,3,857,0
31.48,13,7.89,7.84,0,0,0.451,0,5,1104,0
122.07,21,9.32,3.35,1,0,0.475,0,2,864,1
33.24,16,38.56,18.89,0,0,0.395,1,2,1487,0
22.31,9,13.84,11.67,1,0,0.226,1,1,348,0
18.83,15,15.11,16.17,1,0,0.532,0,0,956,0
19.03,5,1.28,17.44,1,0,0.389,0,2,967,1
8.15,5,46.09,4.33,0,0,0.229,0,0,503,0
15.64,19,30.99,3.05,1,0,0.157,0,3,553,0
148.18,13,4.13,16.45,1,0,0.404,1,4,526,0
26.93,1,28.07,16.01,1,0,0.246,0,4,1237,0
66.98,8,29.63,1.96,1,0,0.091,1,2,411,0
2.78,23,63.63,4.86,0,0,0.278,1,0,350,0
58.46,15,8.54,3.07,0,0,0.495,1,0,309,0
28.18,20,26.85,10.34,1,0,0.104,0,2,899,0
20.46,13,11.33,9.05,1,0,0.377,0,3,256,0
39.68,1,10.82,0.84,0,0,0.122,1,1,670,0
20.17,4,55.38,10.43,1,0,0.38,1,5,1094,0
3.96,2,38.78,12.64,1,0,0.309,0,2,1290,0
83.28,17,4.22,13.23,1,0,0.202,0,1,1862,0
42.23,18,3.49,3.08,0,0,0.069,0,2,757,0
24.19,10,28.91,9.34,0,0,0.156,1,1,1242,0
12.6,17,16.29,27.83,1,0,0.078,0,2,1049,0
7.62,13,7.46,4.93,1,0,0.36,0,3,693,0
41.43,17,29.34,26.63,0,0,0.31,1,1,541,0
166.24,16,26.49,6.08,1,0,0.208,0,1,1048,0
40.58,10,18.77,22.6,1,0,0.43,0,1,1198,1
8.31,15,20.31,15.85,1,0,0.198,0,1,753,0
41.48,7,8.08,9.98,1,0,0.29,1,1,832,0
31.4,17,26.32,13.73,1,0,0.035,1,2,1608,0
78.57,21,70.97,20.7,1,0,0.257,1,3,1741,0
60.75,4,5.23,2.48,0,0,0.106,1,1,713,0
1.67,16,37.81,29.83,1,0,0.287,1,3,1049,0
57.13,2,6.47,14.11,0,0,0.428,0,1,1322,1
12.14,9,32.81,3.12,0,0,0.505,1,3,876,0
7.99,16,15.93,20.73,0,0,0.187,1,2,624,0
27.43,6,33.44,10.74,1,0,0.491,1,1,1021,1
49.95,5,5.6,16.94,0,0,0.345,1,5,1292,0
6.42,9,20.99,8.91,1,0,0.462,0,0,1069,0
66.99,2,35.84,18.72,1,0,0.337,0,1,927,0
71.05,15,21.66,5.14,1,0,0.332,0,1,266,0
34.71,3,30.76,6.92,0,0,0.307,1,2,1044,0
13.91,7,12.32,15.73,1,0,0.436,1,4,671,0
12.44,7,31.37,30.15,1,0,0.434,0,2,1085,0
92.38,23,54.95,9.93,1,0,0.126,1,3,583,0
7.31,23,12.16,19.43,1,0,0.074,1,1,689,0
96.01,1,30.38,18.08,1,1,0.63,0,3,1817,1
28.07,3,9.3,28.6,0,0,0.053,1,1,1033,0
30.09,17,59.17,3.67,0,1,0.254,0,4,30,0
6.0,7,4.27,13.44,0,0,0.346,0,1,1553,0
28.6,15,25.37,12.37,0,1,0.577,1,2,218,0
61.17,22,19.17,13.44,1,1,0.467,1,1,484,0
8.7,3,12.25,5.92,1,0,0.184,1,4,858,0
54.52,23,11.86,10.18,1,0,0.418,1,4,1435,0
36.2,1,17.79,22.47,0,0,0.064,1,3,1037,0
17.4,5,53.24,3.9,1,0,0.447,0,3,71,1
77.84,12,22.86,15.64,1,0,0.194,1,0,1134,0
3.66,21,3.43,8.23,1,1,0.363,1,2,673,0
46.84,13,22.77,12.76,1,0,0.474,0,1,773,0
167.24,3,40.89,7.89,1,0,0.722,0,1,631,1
139.76,5,8.35,22.46,0,0,0.295,0,3,419,0
48.9,18,21.72,3.19,1,0,0.133,0,1,425,0
24.49,13,41.34,12.88,0,0,0.18,0,6,1280,0
17.53,0,24.54,23.97,0,0,0.448,1,2,493,0
24.46,12,20.02,13.6,0,0,0.331,1,4,270,0
57.04,9,13.94,4.67,1,0,0.198,1,2,537,0
14.77,0,15.97,4.49,1,0,0.335,0,1,841,1
70.63,5,31.61,12.68,1,0,0.137,1,1,1141,0
279.54,22,34.65,1.36,0,0,0.316,0,2,1057,0
31.13,16,34.17,16.18,1,0,0.551,1,2,810,1
8.63,1,9.65,2.05,1,1,0.418,1,4,472,0
8.63,0,0.62,3.26,1,0,0.3,1,2,371,0
71.99,8,12.55,34.24,1,0,0.173,1,2,1365,0
31.19,11,37.19,29.66,1,0,0.041,1,2,1174,0
79.59,10,62.0,7.02,1,0,0.103,1,7,1163,0
19.42,16,6.92,25.3,1,0,0.509,0,4,1025,0
75.99,4,30.33,4.71,0,0,0.242,1,1,1082,0
28.27,1,10.3,16.3,0,0,0.355,0,3,940,0
15.92,16,50.52,26.78,1,0,0.406,1,1,519,0
22.18,21,36.74,5.53,0,0,0.075,1,4,1787,0
10.0,4,24.02,2.02,1,0,0.162,1,1,174,0
242.1,8,25.47,11.52,1,0,0.363,0,1,232,0
30.07,15,46.68,5.27,0,1,0.589,1,3,1142,0
63.09,3,2.57,5.67,1,0,0.057,1,3,1062,0
19.36,20,17.14,3.23,0,0,0.032,0,1,1901,0
11.57,5,5.98,0.16,1,0,0.558,0,0,1046,0
26.21,12,25.12,6.19,1,0,0.483,1,1,953,0
99.6,8,21.19,6.85,1,0,0.106,1,2,1407,0
19.67,16,23.98,4.69,0,1,0.34,0,3,2132,0
13.87,4,5.05,3.1,0,0,0.569,0,3,1200,0
38.69,2,41.17,20.99,0,0,0.225,1,4,246,0
54.54,12,32.86,13.67,1,0,0.448,1,0,1964,0
171.2,20,12.2,2.23,0,0,0.482,0,1,959,0
47.17,15,34.83,12.08,1,0,0.121,1,2,994,0
63.05,18,1.19,4.12,1,0,0.132,1,2,30,0
67.98,10,6.17,19.6,1,0,0.466,1,2,528,0
10.45,3,17.71,4.77,1,0,0.178,1,3,428,0
12.64,10,14.17,22.63,1,0,0.425,0,0,663,0
11.2,23,48.76,21.41,0,0,0.332,1,0,1321,0
8.74,18,31.18,14.98,1,0,0.182,1,7,30,0
73.37,16,56.4,4.65,0,0,0.577,1,5,30,1
44.26,7,4.14,7.88,0,0,0.086,0,2,1656,0
35.86,14,14.05,8.82,0,0,0.506,0,5,1143,0
2.48,14,5.81,11.03,1,0,0.586,0,0,831,1
258.65,15,24.11,24.09,1,0,0.42,1,2,1203,0
13.54,21,4.15,7.08,0,0,0.43,1,2,752,0
257.7,16,21.58,19.28,1,0,0.301,1,3,366,0
7.77,5,9.1,2.77,1,0,0.163,0,1,248,0
14.7,5,35.17,5.19,0,0,0.442,0,0,919,0
3.66,14,17.86,4.22,0,0,0.142,0,2,929,0
47.57,20,3.27,19.53,1,0,0.311,0,1,471,0
11.01,22,39.44,27.58,1,1,0.144,1,3,1293,0
11.32,14,39.92,5.97,1,0,0.282,0,2,1279,0
8.39,12,33.72,4.49,1,0,0.166,0,3,107,0
72.05,19,11.99,8.12,1,0,0.472,1,2,1462,0
67.46,23,28.64,3.93,0,0,0.31,1,1,804,0
202.76,0,42.57,6.17,0,0,0.289,1,1,619,0
16.68,7,16.38,8.13,1,0,0.122,1,2,1188,0
41.22,8,17.03,8.21,1,0,0.267,0,3,686,0
9.12,13,19.9,1.58,0,0,0.14,0,4,30,0
23.69,7,34.09,5.88,0,0,0.438,1,7,612,0
19.71,7,22.31,32.81,1,0,0.504,0,2,485,0
52.69,0,30.18,1.98,0,0,0.231,1,0,730,0
91.56,0,15.68,10.91,0,0,0.24,1,2,1097,0
89.22,10,15.35,10.02,1,0,0.144,1,2,449,0
14.26,23,31.03,40.08,0,0,0.311,1,4,1530,0
89.88,7,10.54,10.51,0,0,0.085,0,5,934,0
31.69,5,7.04,30.81,0,0,0.41,0,0,1154,0
23.94,6,10.09,10.25,1,0,0.214,1,1,617,0
16.31,23,14.77,5.68,0,0,0.515,1,6,1567,0
18.92,15,18.83,10.76,1,0,0.714,1,3,1316,0
189.11,15,12.05,2.65,1,1,0.13,0,2,227,0
45.03,4,13.29,11.56,1,0,0.303,1,1,755,0
39.43,21,24.97,6.23,1,0,0.087,0,2,2079,0
25.48,4,9.01,5.72,0,0,0.615,0,2,1749,0
382.21,23,33.28,20.8,1,1,0.06,1,3,978,0
122.12,22,7.93,7.39,0,0,0.196,0,0,1479,0
16.1,13,18.44,0.96,0,0,0.529,0,1,703,0
25.19,20,17.46,14.16,1,0,0.396,0,3,1409,0
26.73,23,48.52,16.69,0,0,0.123,1,2,297,0
38.32,13,15.88,44.12,0,0,0.577,1,2,137,0
16.42,18,36.83,11.51,1,1,0.106,1,3,1984,0
51.36,14,31.08,6.83,0,0,0.263,1,3,1187,0
141.47,12,11.39,14.34,0,0,0.538,1,3,542,0
8.9,8,45.55,2.87,1,0,0.182,1,2,1256,0
10.72,15,11.9,5.7,1,0,0.207,0,2,1126,0
20.43,6,14.28,15.57,1,0,0.184,1,1,52,0
21.4,4,26.52,7.88,1,0,0.195,1,2,1055,0
244.32,6,13.12,1.32,0,0,0.251,1,1,1277,0
90.17,0,4.28,7.33,1,0,0.149,0,3,1777,1
85.14,22,14.49,10.62,1,0,0.27,1,2,685,0
25.42,6,14.28,7.6,1,0,0.113,1,1,30,0
24.87,19,7.45,1.58,0,0,0.491,0,0,462,0
7.75,10,18.26,0.34,1,0,0.061,0,1,499,0
72.37,8,18.59,17.93,0,0,0.305,1,2,653,0
54.11,5,25.1,16.42,0,0,0.182,1,2,919,0
119.82,19,6.17,5.1,1,1,0.262,1,1,1014,0
26.82,12,6.56,4.9,0,0,0.427,1,1,1880,0
28.74,10,34.09,6.94,0,1,0.374,1,1,30,0
39.25,15,7.75,18.67,1,0,0.649,0,1,30,0
80.79,19,22.72,10.73,0,0,0.144,1,2,678,0
7.61,15,15.38,25.9,1,0,0.303,0,2,236,0
69.13,11,9.52,10.5,0,0,0.234,1,1,651,0
32.44,21,48.08,4.12,0,0,0.161,1,1,30,0
11.49,21,18.82,5.31,1,0,0.271,1,2,1677,0
4.12,23,10.88,14.59,1,0,0.296,1,0,1766,0
28.89,2,3.38,30.73,0,0,0.047,1,1,875,0
140.85,21,29.5,11.17,1,0,0.373,0,6,1829,0
176.74,4,7.68,21.24,1,0,0.453,1,2,2172,0
47.25,14,45.19,13.29,0,0,0.528,0,3,825,1
235.57,15,17.18,12.2,1,0,0.335,0,4,1159,0
31.72,4,93.17,33.34,1,1,0.31,1,2,188,1
85.91,0,14.26,3.3,1,0,0.125,1,0,578,0
21.09,22,7.39,7.04,0,0,0.155,1,3,1584,0
19.79,21,19.12,5.92,0,0,0.113,1,3,1222,0
16.82,4,10.49,9.3,0,0,0.45,1,1,889,0
4.22,14,1.64,1.91,1,0,0.201,1,1,1089,0
119.95,3,35.13,8.93,1,0,0.281,1,1,1352,0
17.43,13,23.16,4.92,0,0,0.262,1,1,1507,0
14.86,7,8.79,5.27,0,0,0.272,1,1,777,0
10.18,18,6.1,22.75,1,0,0.42,1,1,715,0
26.99,13,6.87,4.37,1,0,0.527,1,2,980,0
193.15,11,18.33,40.34,0,0,0.387,0,5,417,0
268.75,16,67.83,10.8,1,0,0.221,1,1,703,0
6.29,11,15.17,0.56,0,0,0.432,1,3,1308,0
23.23,0,3.17,21.27,1,0,0.249,0,4,1113,0
11.77,14,7.6,0.32,0,0,0.593,0,0,1571,0
88.97,18,20.17,2.56,1,0,0.193,0,1,682,0
44.11,11,9.01,12.92,1,0,0.127,1,2,1710,0
17.52,4,5.02,7.57,1,0,0.393,1,4,629,0
35.61,0,15.6,16.33,1,0,0.303,0,0,577,0
20.54,7,7.58,5.32,0,0,0.283,0,3,167,0
166.38,18,21.11,5.27,1,0,0.295,1,1,30,0
57.22,7,21.56,6.22,1,0,0.365,1,1,1207,0
64.7,22,26.95,13.55,0,0,0.15,0,3,927,0
2.3,7,30.54,16.69,1,0,0.33,1,2,1165,0
30.98,10,8.55,2.74,0,0,0.368,0,2,855,0
265.92,18,34.68,23.58,1,0,0.336,1,2,780,0
124.73,14,12.98,38.78,0,1,0.367,0,2,1051,0
5.22,0,2.24,9.04,0,0,0.382,0,1,1524,0
24.21,1,31.8,11.64,1,0,0.486,0,2,1272,1
9.96,4,47.57,4.93,0,0,0.123,1,3,1739,0
183.3,20,14.84,20.54,0,0,0.149,0,1,1187,0
42.28,0,36.07,0.35,0,0,0.4,1,4,593,0
15.37,1,15.79,29.14,0,1,0.523,1,2,2104,0
34.27,18,10.64,26.72,1,0,0.292,1,0,1607,0
2.44,14,16.0,2.48,1,0,0.597,0,1,1005,0
11.19,23,17.44,4.25,0,1,0.643,0,2,1216,1
34.34,5,20.23,7.85,1,0,0.464,1,0,1181,0
77.14,15,13.56,18.76,1,0,0.246,1,3,346,0
4.75,3,30.8,1.66,1,1,0.437,0,2,930,1
22.62,14,25.88,5.55,1,0,0.2,0,0,956,0
90.89,2,6.86,14.9,1,0,0.12,0,5,1473,0
7.76,21,11.37,2.22,1,0,0.448,1,1,789,0
41.65,9,29.57,8.39,1,0,0.149,1,4,1119,0
35.37,6,15.5,9.92,1,0,0.036,1,4,1796,0
183.9,23,9.05,3.19,0,0,0.567,1,0,1015,0
26.31,1,15.06,9.48,0,0,0.106,0,1,1278,0
27.89,19,4.03,10.24,0,0,0.073,0,1,1278,0
77.86,12,43.07,4.87,1,1,0.533,0,2,850,1
8.79,16,17.94,1.39,0,0,0.457,0,2,963,0
26.55,6,10.47,1.21,1,0,0.348,0,4,825,1
20.99,21,3.82,14.05,1,0,0.061,0,2,276,0
28.82,10,58.46,14.01,1,0,0.031,1,2,815,0
77.36,10,3.42,6.55,0,0,0.102,1,3,458,0
57.64,10,23.88,7.74,1,0,0.317,1,3,1045,0
15.66,7,13.63,5.65,1,0,0.2,0,5,1491,0
37.97,7,15.06,24.31,1,0,0.393,0,1,1897,0
147.0,3,16.57,5.77,1,0,0.485,1,4,680,0
14.42,11,10.89,34.23,1,1,0.102,1,3,1008,0
38.29,11,17.56,3.92,1,0,0.11,0,3,647,0
27.3,9,19.71,20.7,1,0,0.26,1,2,340,0
31.09,23,28.18,2.23,1,0,0.301,1,0,954,0
6.48,2,25.94,12.26,0,0,0.347,1,3,30,0
135.74,21,6.97,1.88,0,0,0.368,1,0,1281,0
15.27,20,8.38,4.92,0,0,0.322,0,1,648,0
92.39,0,34.76,20.34,1,0,0.295,1,1,663,0
17.79,16,12.13,1.99,1,1,0.4,1,5,46,0
17.72,5,22.82,27.93,0,0,0.094,0,3,365,0
111.4,0,40.12,17.68,1,1,0.205,1,2,1243,0
89.47,20,18.38,17.56,1,0,0.324,1,1,1052,1
40.8,2,6.68,17.52,1,1,0.235,0,6,754,1
70.89,7,6.81,29.51,0,0,0.073,0,2,967,0
24.81,2,13.56,12.3,0,0,0.091,0,2,456,0
32.84,3,13.6,4.9,1,0,0.199,0,1,30,0
17.09,1,5.71,14.94,1,0,0.043,1,0,1329,0
81.78,20,7.95,8.47,0,0,0.379,0,3,1343,0
16.55,1,26.19,25.36,1,0,0.02,0,2,767,0
146.23,18,35.21,8.97,0,1,0.553,1,1,1529,0
24.15,3,12.45,18.52,1,0,0.272,1,3,279,0
33.8,21,0.22,3.26,1,0,0.214,1,1,1335,0
70.72,20,24.62,8.25,0,1,0.086,1,4,537,1
33.92,15,2.82,8.5,0,0,0.224,0,2,663,0
24.58,19,4.32,25.47,0,1,0.037,1,3,313,0
32.14,7,14.79,17.36,1,0,0.28,1,1,1397,0
80.95,18,41.59,3.31,0,0,0.569,0,1,1390,0
17.07,5,29.17,9.31,0,0,0.465,1,2,763,0
29.19,14,26.99,6.49,1,0,0.133,0,1,752,0
33.46,22,14.93,17.67,0,0,0.417,0,1,1563,0
78.62,17,5.2,19.25,0,0,0.238,0,2,959,0
29.97,6,37.3,23.56,0,1,0.216,1,2,782,0
202.01,17,5.38,19.05,1,0,0.13,1,0,30,0
28.32,21,22.37,3.99,0,0,0.325,1,2,1525,0
26.11,21,19.34,8.5,0,0,0.157,1,3,351,0
27.91,17,4.69,20.54,1,0,0.503,1,2,1114,0
8.88,17,2.7,26.72,0,0,0.121,1,1,263,0
11.74,18,26.95,2.09,1,0,0.171,1,3,1119,0
19.48,17,17.22,14.6,0,1,0.532,1,3,674,0
103.11,3,37.13,8.8,1,0,0.55,1,2,496,0
32.04,19,21.57,11.57,0,0,0.132,0,3,30,0
20.4,4,19.57,17.36,0,0,0.201,1,2,692,1
112.9,13,1.7,9.61,0,0,0.292,1,1,30,0
156.21,8,19.11,10.67,0,0,0.251,0,1,976,0
116.21,5,15.75,2.99,1,0,0.14,1,0,1074,0
14.11,6,21.8,8.5,0,0,0.533,1,3,1015,0
20.18,2,15.77,8.03,0,0,0.222,0,5,574,0
203.11,10,15.43,7.66,1,0,0.065,0,0,420,0
42.15,10,14.64,7.49,1,0,0.278,1,1,1239,0
25.34,9,9.5,32.24,0,1,0.105,1,1,2037,0
67.92,2,26.69,17.14,1,0,0.452,1,2,719,1
90.68,14,89.27,2.47,1,1,0.437,0,1,1222,0
18.7,4,5.02,8.17,0,0,0.524,0,2,694,0
41.24,20,7.17,22.26,1,0,0.465,1,1,847,0
83.64,0,26.61,3.4,0,0,0.344,0,3,566,0
10.38,1,13.21,19.52,1,0,0.359,0,3,1164,0
33.53,7,11.08,4.14,0,0,0.534,0,3,30,0
10.87,9,2.72,6.48,1,0,0.075,1,3,30,0
12.38,23,7.61,7.81,1,0,0.606,0,3,776,1
18.86,12,6.44,9.6,1,0,0.567,0,0,1432,0
53.36,9,2.91,1.78,0,0,0.137,1,1,1252,0
24.0,20,33.7,2.38,1,0,0.237,0,2,1211,0
17.32,5,18.4,6.34,0,0,0.121,0,2,1856,0
34.87,21,83.47,1.27,1,0,0.375,0,3,1629,0
10.52,9,19.99,5.76,0,0,0.551,1,1,776,0
50.85,7,5.49,11.66,1,0,0.269,1,2,668,0
102.66,7,21.48,3.13,1,0,0.275,0,3,30,0
30.59,0,25.09,5.56,0,0,0.119,0,3,911,0
27.04,16,10.23,10.32,1,0,0.08,1,2,1745,0
48.11,13,24.5,2.06,1,0,0.029,1,4,1471,0
4.36,15,24.05,11.75,0,0,0.343,1,3,1548,0
56.65,15,8.06,8.58,1,0,0.151,1,4,919,0
736.48,0,28.0,3.92,1,0,0.339,1,2,681,0
29.29,21,20.79,24.04,0,1,0.134,1,2,1103,0
29.4,12,17.05,2.91,1,0,0.117,0,2,1308,0
69.66,16,18.45,12.44,1,0,0.303,1,0,825,0
171.63,0,5.43,12.81,1,0,0.405,0,1,1258,0
87.79,18,44.18,2.95,1,0,0.253,1,2,627,0
3.84,16,13.04,4.12,0,0,0.318,1,4,942,0
58.17,8,11.95,14.38,1,0,0.586,1,2,619,0
433.52,22,22.12,18.37,0,0,0.167,1,0,957,0
61.71,15,75.22,11.9,1,0,0.366,0,1,1032,0
10.44,21,28.86,14.33,1,0,0.214,1,2,897,0
43.9,19,13.23,5.77,1,0,0.101,1,1,502,0
9.2,4,21.91,21.55,1,0,0.354,1,1,198,0
113.61,23,21.81,1.38,1,0,0.219,1,2,1861,0
12.73,17,16.95,10.98,1,0,0.571,1,2,1257,0
35.67,4,5.69,20.99,1,0,0.224,1,2,803,0
14.04,19,29.52,19.07,1,0,0.369,1,3,1402,0
19.17,10,11.27,0.17,1,0,0.236,0,1,920,0
146.37,20,8.71,17.53,0,0,0.212,0,1,1604,0
36.72,4,12.31,5.65,0,0,0.248,1,2,580,0
18.93,6,35.39,5.51,1,0,0.138,1,1,358,0
10.54,8,11.06,11.37,0,0,0.316,1,4,304,0
5.1,10,15.57,2.82,1,0,0.328,1,1,728,0
9.48,15,62.65,12.83,1,0,0.154,1,2,30,0
37.04,5,11.69,20.17,0,0,0.254,1,5,831,0
88.26,16,15.11,26.73,1,0,0.057,0,0,490,0
18.91,0,16.73,36.12,1,0,0.166,0,2,683,0
159.26,7,11.59,11.69,1,1,0.178,1,1,1163,0
16.16,15,14.95,4.89,1,0,0.504,1,2,1174,0
26.1,6,18.37,3.52,0,0,0.102,1,2,68,0
11.25,10,11.13,41.1,0,0,0.402,1,0,1398,0
89.19,14,4.08,6.78,1,0,0.26,0,1,540,0
269.75,5,16.24,0.36,1,0,0.63,1,2,30,0
5.69,23,48.65,3.94,1,0,0.264,0,0,30,1
23.43,20,13.02,5.23,0,0,0.153,1,2,1401,0
117.31,23,20.5,17.76,0,0,0.192,0,1,1081,0
7.79,11,37.28,28.07,1,0,0.154,1,2,1422,0
58.36,8,24.26,19.31,1,0,0.554,1,5,1982,0
112.33,23,16.63,14.9,1,1,0.517,0,3,710,1
35.81,17,15.15,28.63,0,1,0.1,0,2,1552,0
57.41,19,9.25,18.82,0,0,0.13,0,2,532,0
192.66,4,28.94,23.95,1,0,0.202,1,1,607,0
232.39,20,35.71,5.21,1,0,0.329,1,3,1333,0
31.13,12,29.09,2.5,1,0,0.359,1,3,222,0
19.45,18,25.37,3.42,1,0,0.081,0,3,30,0
13.2,19,12.28,8.03,1,0,0.108,1,0,241,0
87.97,2,9.29,36.84,0,0,0.225,0,4,426,0
8.4,2,22.98,5.57,0,0,0.207,1,2,339,0
25.72,1,4.05,3.54,1,0,0.449,1,1,537,0
36.7,15,12.64,50.87,0,0,0.335,0,2,1371,0
20.03,21,20.44,12.2,1,0,0.339,1,1,1097,0
43.81,0,40.93,6.22,0,0,0.352,1,2,690,1
430.31,3,52.37,2.1,1,0,0.159,0,1,1145,1
29.32,11,6.29,1.83,1,0,0.108,1,2,1729,0
21.43,9,21.75,20.73,1,0,0.379,1,0,1136,0
91.41,2,16.67,0.73,0,0,0.693,1,2,1382,0
42.08,14,26.39,8.96,1,0,0.049,1,3,764,0
139.68,21,14.68,27.44,0,0,0.248,0,1,1258,0
39.04,5,27.5,5.47,1,0,0.396,1,2,1349,0
25.83,0,20.1,12.19,0,0,0.309,1,0,30,0
5.56,5,10.22,4.46,1,0,0.34,1,3,2109,0
6.56,4,27.69,37.88,0,0,0.289,1,0,667,0
5.28,11,14.96,13.5,1,0,0.343,1,1,616,0
48.39,2,17.66,26.82,1,1,0.259,1,4,854,0
8.48,8,7.45,9.87,1,0,0.254,1,5,1829,0
116.23,2,13.43,12.02,1,0,0.379,1,1,30,0
34.13,16,40.36,15.03,1,0,0.155,1,4,1261,0
25.94,11,10.54,7.89,0,0,0.588,1,3,746,0
14.24,1,52.58,18.82,0,0,0.263,1,1,1216,0
61.7,1,18.19,9.12,1,1,0.184,1,2,579,1
14.81,11,20.92,16.43,1,0,0.149,0,0,829,0
12.36,14,8.86,27.73,1,0,0.551,1,5,555,0
108.67,4,29.0,11.05,0,0,0.208,1,2,968,0
47.21,7,3.74,5.2,1,0,0.612,0,2,525,0
26.18,14,13.73,26.08,1,0,0.347,1,2,945,0
62.89,11,8.91,15.01,1,0,0.476,1,1,1111,0
33.41,2,4.58,6.58,1,0,0.295,0,1,1976,0
48.57,9,26.37,4.34,1,0,0.618,1,0,992,0
14.63,4,14.21,0.02,1,1,0.204,1,4,640,0
262.54,22,17.63,9.93,0,0,0.262,0,3,554,1
18.55,19,9.3,9.37,0,1,0.545,0,1,465,0
156.96,7,30.57,3.82,0,0,0.207,1,1,635,0
27.42,5,19.98,3.92,1,0,0.291,1,3,541,1
74.22,3,45.61,4.29,0,0,0.278,0,1,1514,0
69.01,17,9.81,8.85,1,0,0.384,1,0,904,0
104.26,22,9.75,21.06,1,0,0.144,0,2,758,0
14.29,6,24.51,7.82,0,0,0.455,1,0,982,0
97.09,15,48.87,6.2,1,0,0.246,1,1,1437,0
209.86,5,11.09,2.71,1,0,0.492,1,3,452,1
25.57,22,1.23,0.71,0,0,0.078,1,1,831,0
34.28,7,5.34,2.8,1,0,0.252,1,2,1780,0
19.62,2,40.36,5.57,1,1,0.198,1,3,292,0
23.42,21,13.25,4.77,1,1,0.302,0,2,485,1
183.35,22,56.13,11.52,0,0,0.303,1,3,1226,0
12.13,9,6.24,10.25,1,0,0.272,0,0,641,0
12.91,21,24.64,2.91,1,0,0.424,1,0,664,0
165.82,5,25.02,11.58,1,0,0.419,1,1,1013,0
61.84,6,4.05,4.01,1,0,0.3,1,2,445,0
275.99,12,4.16,8.14,1,1,0.268,1,3,1185,0
21.11,14,13.66,2.7,0,0,0.069,0,1,2003,0
37.57,9,26.29,11.53,0,0,0.563,0,1,193,1
17.1,19,22.31,4.55,0,1,0.226,0,2,365,0
38.22,18,14.66,26.08,1,1,0.244,0,1,1879,1
5.62,2,14.23,4.89,0,0,0.324,1,1,569,0
65.69,23,1.83,2.43,0,0,0.356,0,2,808,0
45.76,3,7.75,4.77,1,1,0.403,1,2,163,0
31.26,12,3.26,3.61,1,0,0.057,1,1,1657,0
22.41,10,21.96,0.51,0,1,0.607,0,4,1275,1
13.53,10,5.38,28.13,0,0,0.059,1,1,1023,0
68.56,3,39.9,13.72,1,0,0.243,0,4,887,1
10.27,8,17.61,10.28,0,0,0.25,1,0,609,0
55.25,0,7.52,6.95,1,0,0.458,0,0,793,0
263.6,23,35.46,2.72,0,0,0.829,0,1,1190,0
146.28,3,4.82,1.04,0,1,0.248,1,1,365,0
7.35,11,4.95,8.04,1,0,0.405,1,1,1674,0
19.36,5,7.26,8.93,1,0,0.458,1,1,1648,0
50.47,4,35.61,6.48,0,0,0.346,1,0,1320,0
30.87,9,56.48,39.16,1,0,0.263,1,6,1130,0
8.17,23,3.27,0.48,1,0,0.184,0,2,1352,0
48.68,11,101.89,7.4,0,0,0.392,1,0,1820,0
32.79,23,26.94,0.53,0,0,0.167,0,0,578,0
224.6,19,11.45,6.14,1,0,0.239,1,0,1393,0
25.71,10,25.13,5.53,0,0,0.478,1,4,189,0
106.48,21,36.14,1.42,0,1,0.233,1,0,1032,0
9.33,8,7.66,3.2,1,0,0.248,0,2,1041,0
11.85,12,36.3,6.47,1,0,0.35,1,0,1228,0
68.15,16,16.64,6.92,1,0,0.141,1,2,276,0
97.88,14,3.2,4.32,1,0,0.584,0,2,762,0
12.71,19,26.72,23.3,1,0,0.075,1,2,1117,0
33.92,3,47.11,18.32,1,0,0.141,1,1,1124,0
8.32,11,23.12,2.23,1,0,0.656,1,2,903,0
27.63,15,6.02,2.14,1,0,0.149,0,1,1053,0
76.47,7,23.4,3.62,1,0,0.448,1,2,947,0
21.44,20,20.49,10.6,1,0,0.258,1,0,540,0
25.82,7,25.01,5.63,0,0,0.111,0,2,814,0
10.7,7,2.96,9.42,1,0,0.206,0,2,205,0
17.32,7,3.45,18.82,0,1,0.382,1,0,777,0
192.12,16,10.3,3.13,1,0,0.282,1,1,704,0
35.62,2,31.44,0.8,1,0,0.369,0,3,452,0
12.15,3,28.01,12.32,1,0,0.446,1,1,851,0
24.17,18,34.08,3.09,0,0,0.425,1,4,697,0
6.7,4,25.36,11.64,0,0,0.268,1,1,1440,0
12.01,2,29.85,10.15,1,0,0.42,1,2,1494,0
129.07,6,20.39,20.48,1,0,0.357,0,2,30,0
28.72,9,14.74,10.96,1,0,0.11,0,2,747,0
219.36,0,27.32,8.53,0,0,0.335,1,3,843,0
30.1,20,5.42,8.06,0,0,0.294,1,2,938,0
31.95,2,7.02,31.83,1,0,0.291,0,1,819,0
62.86,9,4.82,9.51,1,0,0.418,1,1,580,0
2.29,4,19.26,6.22,1,0,0.346,0,2,1322,0
40.65,7,5.52,4.81,0,0,0.516,1,0,1167,0
31.53,1,1.03,12.29,1,0,0.411,1,5,1566,0
146.36,22,3.99,28.31,1,0,0.404,1,2,609,0
86.89,22,47.16,14.34,1,0,0.153,0,3,231,0
10.66,3,19.41,24.73,0,0,0.131,0,1,1439,0
114.68,4,35.42,15.21,1,0,0.379,1,3,1022,0
25.47,21,3.35,1.6,1,1,0.332,1,2,582,0
13.4,9,24.48,41.4,1,0,0.272,0,4,586,1
40.33,1,4.97,10.35,0,0,0.241,1,2,182,0
27.04,3,23.94,32.17,1,0,0.192,1,1,794,0
154.23,9,34.07,24.62,0,0,0.297,1,2,731,0
46.55,13,26.83,1.29,0,0,0.16,1,5,30,0
40.68,15,17.75,8.27,1,0,0.579,0,0,170,0
81.5,3,45.39,4.12,0,0,0.307,0,0,785,0
98.78,8,31.39,3.47,1,0,0.197,1,4,1232,1
72.5,6,8.39,11.51,0,1,0.435,1,3,30,0
136.93,12,5.22,17.42,1,0,0.415,1,0,577,0
60.87,7,79.05,2.13,1,0,0.112,1,2,1133,0
39.16,4,8.91,1.79,1,0,0.72,0,1,1755,0
114.34,19,15.24,9.15,0,0,0.368,1,0,894,0
30.24,13,6.69,15.27,1,0,0.319,1,2,732,0
34.23,11,30.14,19.91,0,0,0.517,1,3,1243,0
185.23,3,7.4,30.72,1,0,0.305,0,3,717,0
167.66,1,17.11,27.91,0,1,0.14,1,0,109,0
32.85,19,23.26,13.02,1,0,0.247,1,2,745,0
21.04,23,9.62,15.07,1,0,0.104,0,3,1307,1
143.05,14,23.01,19.0,1,0,0.057,1,2,1377,0
73.73,0,53.22,1.91,0,0,0.226,1,1,482,0
45.4,11,20.33,7.73,1,0,0.021,0,3,30,0
24.0,6,28.32,24.64,1,1,0.266,1,0,766,0
46.14,1,12.16,3.42,0,0,0.12,1,0,1072,0
32.4,3,11.27,1.29,1,0,0.084,1,2,1408,0
17.04,11,4.92,3.55,0,0,0.091,0,1,1771,0
37.68,10,18.93,4.75,0,0,0.245,0,0,1747,0
43.18,13,35.76,9.2,1,0,0.428,1,4,918,0
22.75,16,27.21,14.89,1,0,0.181,1,1,1069,0
81.76,6,11.19,19.48,1,0,0.161,0,1,246,0
120.16,6,13.2,13.36,0,0,0.182,0,1,1475,0
87.35,16,53.76,26.09,0,0,0.538,1,4,1551,0
25.12,4,24.8,4.54,1,0,0.299,1,1,30,0
70.51,1,30.69,4.39,1,0,0.436,1,1,1098,0
35.8,20,33.51,2.47,1,0,0.143,1,2,1051,0
9.62,5,11.68,8.43,1,0,0.482,1,2,1597,0
64.89,2,10.47,3.97,1,0,0.137,1,2,1022,0
38.33,17,11.48,20.85,0,0,0.441,1,1,1010,0
442.99,12,10.24,1.8,1,0,0.149,0,0,1170,0
142.21,3,46.3,24.86,1,0,0.401,1,1,664,0
67.43,20,14.61,3.34,1,0,0.155,1,2,367,1
42.49,5,41.66,22.37,0,0,0.475,0,4,781,0
39.01,16,15.02,4.74,1,0,0.379,0,1,650,0
12.14,15,15.82,16.99,0,1,0.093,0,2,906,0
5.82,19,2.17,9.3,0,1,0.183,1,2,2346,0
13.84,17,10.91,16.34,0,0,0.365,0,2,1208,0
31.57,16,47.2,0.76,1,0,0.238,1,2,513,0
4.03,1,45.94,6.75,0,0,0.303,1,4,584,0
19.21,22,10.66,23.48,1,0,0.245,1,1,1578,0
25.85,3,1.18,8.09,1,0,0.261,1,7,870,0
26.7,6,6.91,4.38,0,0,0.208,1,1,1388,0
17.09,10,10.57,1.65,0,0,0.012,0,2,322,0
23.53,6,10.64,3.69,1,0,0.161,1,3,764,0
185.66,14,10.63,26.38,0,0,0.555,1,1,750,0
64.21,1,17.4,13.98,0,0,0.281,1,2,1371,0
18.91,10,6.17,17.4,0,0,0.024,1,3,1013,0
30.93,8,15.38,6.34,0,0,0.361,0,1,1116,0
32.19,15,21.34,5.83,1,0,0.696,0,2,1242,0
15.36,12,11.39,17.29,1,0,0.271,1,4,859,0
15.35,18,18.09,21.31,1,0,0.624,0,2,1206,0
90.97,3,52.74,5.23,1,0,0.185,1,1,862,0
21.76,22,28.11,14.28,0,0,0.575,1,2,1634,0
11.08,9,25.13,12.04,0,0,0.327,0,0,564,0
31.72,8,12.25,1.47,1,0,0.295,1,2,568,0
37.26,13,10.2,11.44,0,0,0.321,1,1,744,0
4.61,3,16.12,8.78,1,1,0.474,0,3,394,0
31.79,19,24.72,1.9,0,0,0.199,0,3,259,0
78.88,6,20.17,16.06,1,0,0.327,1,2,810,0
52.0,22,18.62,2.77,0,0,0.523,1,1,1731,0
307.91,3,31.53,4.54,1,0,0.588,1,3,1070,0
115.71,20,23.64,63.72,1,1,0.152,0,5,1003,1
141.02,9,30.11,4.21,1,0,0.432,0,4,739,0
544.62,14,7.39,6.54,0,0,0.508,0,1,1577,1
70.68,20,5.17,39.51,1,1,0.594,0,0,263,0
38.98,3,49.6,27.88,1,0,0.321,0,2,312,0
87.68,8,1.06,0.41,0,0,0.369,0,2,878,0
18.93,22,5.87,57.16,0,0,0.438,1,4,1117,0
36.88,3,12.16,34.64,0,0,0.16,0,1,410,0
17.33,2,41.36,10.41,0,0,0.422,1,2,655,0
49.3,12,4.99,3.51,1,0,0.456,1,1,902,0
17.25,0,2.32,26.0,0,1,0.202,0,1,1674,0
16.66,23,7.8,17.29,1,0,0.574,1,1,64,0
50.07,21,10.94,43.52,0,0,0.413,1,4,1188,0
28.86,4,17.92,40.23,0,1,0.209,0,2,1352,1
4.82,4,25.54,8.95,0,0,0.419,1,3,1856,0
7.72,18,32.29,10.62,1,1,0.187,1,4,236,0
10.51,12,3.87,3.18,0,0,0.497,1,2,340,0
13.69,19,0.9,3.63,0,0,0.251,1,1,523,0
50.12,23,17.43,7.8,1,0,0.462,1,2,207,0
41.22,9,4.88,15.93,1,0,0.23,1,1,1473,0
96.09,6,9.92,43.02,0,0,0.318,0,2,1105,0
70.3,14,12.78,3.76,0,1,0.313,1,2,945,0
96.73,15,10.6,8.22,0,0,0.545,1,3,1135,0
60.85,10,1.97,19.2,1,0,0.163,1,2,1488,0
40.84,7,18.92,10.41,1,0,0.065,1,2,30,0
99.42,6,62.57,14.82,0,1,0.315,1,0,1119,0
83.05,12,15.42,9.7,0,0,0.016,1,1,1075,0
48.24,10,69.62,2.18,1,0,0.131,0,1,1203,0
118.05,10,1.03,25.28,1,0,0.334,1,3,124,0
3.17,2,7.67,15.13,1,0,0.238,0,2,838,0
24.77,21,55.59,5.07,1,0,0.421,1,2,406,0
24.39,16,7.45,7.34,1,0,0.157,1,4,1543,0
104.87,22,20.03,4.51,1,0,0.1,0,1,964,0
159.4,19,15.71,16.81,1,0,0.167,1,0,808,0
7.77,14,12.4,1.11,1,0,0.262,1,0,1066,0
135.8,7,32.56,4.3,0,0,0.538,0,3,293,0
10.26,15,16.18,6.4,0,0,0.126,1,2,1570,0
10.58,13,28.42,6.5,0,1,0.478,0,5,1572,0
26.2,22,56.6,2.91,0,0,0.012,0,2,229,0
24.09,5,33.31,9.5,1,0,0.191,0,5,1500,0
6.97,0,5.82,1.14,0,0,0.311,1,1,1745,0
63.43,3,80.0,17.1,1,0,0.134,0,4,524,0
65.33,4,24.89,32.64,1,1,0.462,1,1,440,0
95.02,15,13.46,12.29,1,0,0.551,1,3,443,0
21.47,3,4.78,2.95,0,0,0.175,1,1,1289,0
31.83,3,17.04,15.75,1,0,0.109,0,1,1804,0
32.12,9,8.25,6.61,1,0,0.238,0,2,624,0
179.11,18,3.54,12.27,1,0,0.062,0,3,1165,0
1.95,10,5.29,9.88,0,0,0.295,0,2,1196,0
12.72,6,2.85,18.81,1,0,0.627,1,2,613,0
33.3,6,11.73,12.1,1,0,0.291,1,2,626,0
11.18,19,14.57,6.05,1,0,0.139,1,0,902,0
25.58,10,22.33,4.04,1,1,0.253,1,2,977,0
29.19,8,24.32,7.02,0,0,0.377,1,0,514,0
17.16,18,10.04,20.96,1,1,0.283,1,1,747,0
35.32,8,11.28,6.8,1,0,0.67,1,0,1069,1
62.06,8,19.11,14.52,0,0,0.035,1,2,966,0
26.15,18,5.58,15.38,0,1,0.309,1,4,2022,0
21.05,7,27.57,7.71,0,1,0.389,0,4,476,0
28.06,12,12.17,7.13,1,0,0.501,0,1,1735,0
32.87,15,31.16,8.61,1,0,0.427,0,2,1146,0
5.81,4,17.66,1.35,0,0,0.228,1,0,851,0
52.54,3,13.4,13.45,1,0,0.093,1,1,2247,0
21.09,20,37.84,5.47,1,0,0.242,1,1,1061,0
116.93,7,3.31,10.97,0,0,0.092,1,2,306,0
59.8,8,21.54,4.94,1,0,0.34,0,2,1017,0
106.7,14,49.63,27.9,0,0,0.134,0,1,1541,0
12.05,2,18.3,15.36,0,0,0.779,0,1,1168,0
22.84,1,15.46,0.29,0,0,0.135,1,0,1249,0
9.56,9,31.74,8.01,0,0,0.408,1,1,760,0
16.36,23,9.98,18.94,0,0,0.209,0,2,873,0
115.83,13,12.69,47.65,0,0,0.141,0,0,510,0
146.57,13,4.8,2.05,0,0,0.64,1,6,508,0
10.51,14,9.44,0.33,1,0,0.06,0,3,1131,0
20.94,20,26.16,5.48,1,0,0.333,1,1,1324,0
30.69,20,12.98,4.8,0,0,0.287,0,3,587,0
59.48,0,6.91,15.24,1,0,0.399,1,1,676,1
5.7,12,39.05,2.81,1,0,0.22,1,0,1656,0
6.67,13,35.32,5.08,1,1,0.198,1,1,412,0
54.03,5,7.76,5.66,1,0,0.245,0,3,541,0
4.72,23,35.11,11.26,0,0,0.26,1,2,61,0
21.18,6,25.63,14.56,0,0,0.409,1,1,629,0
38.94,20,19.17,4.22,1,0,0.172,0,4,868,0
50.18,2,51.9,11.32,1,0,0.159,1,2,1345,0
28.74,14,21.42,0.4,0,0,0.55,1,0,821,0
22.97,17,8.45,29.37,1,0,0.339,1,4,1253,0
77.06,12,11.88,3.34,1,0,0.564,0,2,346,0
44.04,2,3.07,22.45,1,1,0.271,0,3,379,0
17.34,2,24.98,4.77,1,0,0.374,1,3,156,0
34.39,14,51.32,15.08,0,1,0.66,1,2,1238,1
48.58,20,21.61,6.65,1,0,0.541,1,3,627,0
184.61,14,19.2,17.89,0,0,0.196,0,1,1990,0
72.7,2,31.06,21.28,0,1,0.114,0,1,1926,0
111.56,18,27.45,27.13,1,0,0.591,1,1,1238,0
17.98,11,39.77,13.1,1,1,0.53,1,5,38,1
19.61,1,16.1,0.76,1,0,0.215,0,3,845,0
26.17,8,23.19,2.94,0,0,0.156,1,3,975,0
28.69,4,15.4,28.09,1,0,0.418,1,4,983,0
12.09,23,4.69,7.58,0,1,0.202,1,3,30,0
117.44,21,5.87,7.05,0,0,0.413,0,1,398,0
80.11,2,9.01,15.76,1,0,0.058,1,3,341,0
24.39,13,4.51,13.78,0,0,0.222,1,0,810,0
62.91,0,18.68,40.28,1,0,0.11,1,3,1075,0
41.38,10,32.61,8.56,1,0,0.541,0,1,1112,1
68.02,3,10.09,7.42,1,0,0.238,1,1,536,0
8.63,17,2.4,20.63,0,0,0.166,1,1,994,0
28.63,1,8.16,16.39,1,0,0.376,0,2,975,0
31.25,21,13.06,2.07,0,0,0.276,1,4,615,0
61.78,5,30.9,7.57,0,0,0.202,1,2,1180,0
17.66,6,17.27,42.45,1,1,0.17,0,1,1487,0
2.72,21,17.24,3.81,1,0,0.231,1,4,440,0
11.23,21,24.05,7.25,1,0,0.367,1,4,526,0
31.15,2,34.6,34.84,1,0,0.266,1,2,866,0
35.3,2,49.93,34.28,1,0,0.205,0,1,1416,0
178.35,20,10.12,25.22,1,0,0.041,1,2,670,0
59.31,23,16.11,6.34,1,1,0.248,1,3,1702,0
35.93,11,10.11,4.5,0,0,0.403,1,2,1582,0
32.06,3,23.09,20.13,0,0,0.15,1,1,75,0
99.9,3,2.38,29.17,1,0,0.288,1,2,1049,0
18.35,6,59.68,8.41,0,0,0.03,1,0,910,0
28.78,16,25.06,12.84,1,0,0.256,0,1,497,0
11.14,2,22.11,4.12,1,0,0.204,0,1,845,0
136.85,15,8.37,1.5,0,0,0.677,1,2,1188,0
49.03,19,11.6,1.68,0,0,0.299,0,2,754,0
16.32,3,4.52,8.52,0,0,0.048,0,5,1488,0
29.53,23,7.93,3.66,1,0,0.334,1,3,413,0
55.13,23,34.6,12.02,1,0,0.179,0,3,918,0
25.77,7,3.06,4.47,0,0,0.698,1,1,897,0
19.4,2,68.45,24.18,0,0,0.181,1,4,412,0
17.21,7,39.67,5.93,1,0,0.256,0,3,140,0
46.48,6,21.75,6.87,1,0,0.617,0,2,1076,0
23.15,6,7.37,28.14,1,0,0.11,1,2,583,0
21.04,22,28.45,11.05,1,1,0.248,1,1,141,0
8.71,3,26.4,12.2,0,0,0.487,1,2,880,0
35.79,7,9.94,7.05,1,0,0.284,1,3,669,0
27.63,18,24.63,10.01,0,0,0.199,1,1,907,0
24.01,1,13.02,2.53,0,0,0.343,1,4,1403,0
40.4,1,2.13,20.62,0,1,0.113,1,0,759,0
69.97,7,4.87,4.92,0,0,0.139,1,4,1567,0
66.79,23,38.63,1.95,1,0,0.13,0,1,1070,0
57.55,20,11.16,13.89,1,0,0.446,0,2,1050,0
26.03,22,8.76,15.6,0,1,0.206,0,0,30,0
18.78,20,18.61,9.08,1,0,0.197,1,2,655,0
11.66,2,1.29,30.15,0,1,0.458,1,1,1158,0
18.3,9,16.97,4.65,1,0,0.223,0,1,897,0
33.77,12,19.61,8.3,1,1,0.162,1,2,347,0
15.09,3,27.85,0.58,0,1,0.328,0,0,597,0
36.45,23,5.93,0.08,1,0,0.422,1,3,1526,0
12.61,14,9.77,11.15,1,0,0.307,1,2,948,0
6.29,20,19.23,14.1,1,0,0.099,0,3,1176,0
75.14,6,6.52,10.47,0,0,0.241,1,3,1400,0
20.61,17,20.54,14.16,1,0,0.143,1,2,1062,0
14.34,2,18.56,20.11,1,0,0.228,1,2,1051,0
11.09,0,1.14,8.26,0,0,0.223,1,4,605,0
50.55,15,34.01,6.61,0,0,0.362,0,2,1439,0
130.96,1,6.7,3.1,1,0,0.305,0,1,622,0
22.13,6,17.35,12.02,0,0,0.635,1,1,1260,0
26.69,19,60.29,22.28,1,0,0.612,1,1,1383,0
96.7,11,7.47,16.58,1,0,0.52,1,1,1244,1
5.42,9,24.18,40.08,0,0,0.193,1,0,1052,0
236.72,6,71.08,9.76,1,0,0.159,1,0,311,0
381.5,16,27.06,5.92,0,0,0.597,1,2,1642,0
2.21,22,39.45,7.86,0,0,0.695,0,1,1216,0
30.04,17,5.27,17.91,1,0,0.235,1,6,318,0
16.14,8,49.65,14.07,1,0,0.275,0,1,763,1
25.41,10,2.19,4.92,0,0,0.11,1,1,904,0
21.79,2,25.64,11.49,0,0,0.33,0,5,1319,0
74.57,3,16.75,4.34,1,0,0.08,0,1,30,1
29.59,6,12.69,14.17,1,0,0.393,1,3,972,0
13.32,9,10.77,0.89,1,0,0.392,0,1,973,0
27.88,23,27.54,1.43,1,0,0.148,0,1,456,0
55.41,20,8.39,1.99,1,1,0.184,1,1,1254,0
10.14,2,11.32,3.24,1,0,0.308,0,1,908,1
6.38,7,25.78,13.02,1,0,0.244,1,4,1208,0
242.92,1,38.3,17.53,1,0,0.585,0,2,498,0
17.42,1,15.22,8.79,1,1,0.53,1,0,1129,1
28.87,8,51.1,1.96,1,0,0.213,1,5,1201,0
22.25,23,19.5,20.81,0,0,0.505,1,1,598,0
57.29,4,18.0,8.09,0,0,0.16,1,3,631,0
194.96,16,96.86,24.39,1,0,0.353,1,1,346,0
59.14,9,22.93,9.73,0,0,0.396,1,2,423,0
7.25,12,64.89,1.18,1,0,0.474,0,1,615,1
8.3,20,91.27,3.88,0,1,0.32,1,2,904,0
22.22,19,5.48,0.91,1,0,0.647,0,1,1174,0
25.32,19,8.26,0.25,1,0,0.214,0,1,1083,0
5.92,9,2.85,6.06,1,0,0.239,1,2,1338,0
75.14,1,29.12,9.87,1,1,0.243,0,1,641,0
11.18,23,29.46,13.14,0,0,0.122,1,2,260,0
147.42,23,10.18,18.41,0,0,0.303,1,0,353,0
204.51,20,1.02,5.2,0,0,0.199,0,0,1448,0
25.84,11,23.84,2.04,1,0,0.127,0,3,30,0
51.37,6,3.2,9.7,0,0,0.226,1,0,1417,0
9.66,4,14.2,5.25,1,0,0.465,0,2,269,0
61.79,8,30.38,16.86,0,0,0.194,1,2,1014,0
20.12,8,19.08,5.49,1,0,0.06,0,2,1580,0
11.16,6,38.05,13.18,1,0,0.392,1,3,974,0
24.8,22,13.49,16.24,1,0,0.149,1,2,1008,0
20.79,15,8.65,26.58,0,1,0.194,0,4,471,0
23.92,5,7.08,1.26,1,0,0.375,1,1,1057,0
85.6,15,29.76,1.78,0,0,0.095,0,2,1211,0
15.1,16,15.77,10.22,1,0,0.147,1,4,1920,0
187.73,12,8.22,16.13,1,0,0.119,1,0,839,0
8.8,22,22.94,12.85,0,0,0.094,0,3,2272,0
166.57,23,2.53,3.62,0,0,0.155,0,1,346,0
11.98,10,17.77,15.15,1,0,0.061,1,2,1104,0
33.08,11,21.19,10.97,0,0,0.081,1,0,732,0
20.28,5,23.59,5.45,0,0,0.254,1,1,808,0
23.48,18,51.34,25.25,1,0,0.462,1,2,278,0
73.8,22,12.84,16.02,1,0,0.244,1,2,1337,0
148.39,15,21.44,22.44,1,0,0.339,0,2,1547,0
108.91,4,24.32,10.28,1,0,0.597,1,1,1082,0
22.09,12,15.94,14.34,1,0,0.452,1,4,1266,0
39.82,19,4.84,12.7,0,0,0.089,0,2,458,0
15.15,1,31.98,1.03,0,0,0.318,1,0,357,0
12.29,14,0.99,8.95,1,0,0.456,1,3,1305,0
10.52,15,5.2,12.04,1,0,0.098,1,2,1050,0
21.38,12,12.51,19.47,1,0,0.258,1,3,1587,0
42.5,15,5.18,3.66,1,0,0.262,0,2,1143,0
4.89,21,17.72,9.56,0,1,0.169,1,4,30,0
31.62,2,40.87,24.07,1,0,0.222,1,2,707,0
150.81,13,66.58,7.03,1,0,0.468,1,1,1472,0
101.69,19,16.19,1.38,0,0,0.151,0,1,547,0
18.45,19,22.81,15.88,1,0,0.164,1,1,941,0
8.19,11,17.63,10.3,0,0,0.23,0,1,440,0
52.45,23,15.43,0.88,1,0,0.114,1,0,1427,0
3.26,7,15.51,7.68,0,0,0.138,1,4,853,0
100.5,10,58.01,9.23,1,0,0.224,0,1,988,0
26.75,19,1.42,7.07,0,0,0.182,1,4,1002,0
206.71,10,34.08,9.8,1,0,0.232,1,3,1085,0
5.89,8,7.38,10.74,1,0,0.122,1,3,459,0
82.94,13,13.75,11.42,1,0,0.207,1,3,1441,0
29.95,14,4.91,8.16,1,1,0.125,0,2,1156,0
23.78,23,4.46,17.23,1,0,0.102,1,3,1107,1
8.42,14,38.21,16.71,1,0,0.445,0,1,1216,0
60.08,4,9.1,4.86,1,0,0.244,1,2,955,0
65.11,1,17.15,28.51,1,1,0.519,1,3,1176,0
197.38,23,25.22,4.43,0,0,0.325,1,3,680,0
90.74,10,51.22,11.39,0,0,0.509,1,2,1577,0
18.29,4,4.65,12.19,0,0,0.22,0,0,30,0
12.14,5,53.68,2.39,1,0,0.416,1,4,1117,1
8.43,2,20.77,1.74,1,0,0.351,0,2,723,1
144.49,4,20.03,5.34,0,0,0.046,1,1,1972,0
15.21,18,12.72,15.33,1,0,0.365,0,1,947,0
145.51,15,11.02,0.17,0,0,0.115,0,3,1296,0
55.98,14,2.69,6.36,1,0,0.379,1,7,91,0
46.06,0,43.19,2.19,1,0,0.568,1,5,447,0
24.36,16,4.21,18.87,0,0,0.414,1,2,925,0
64.11,23,9.73,6.16,1,1,0.102,1,5,1340,0
32.61,22,38.29,12.37,0,0,0.165,0,0,787,0
22.89,9,15.19,8.36,1,0,0.325,0,6,1557,0
66.42,14,5.55,16.95,1,0,0.284,1,1,979,0
28.68,7,32.37,5.85,0,0,0.179,1,0,2075,0
14.9,21,11.11,4.54,0,0,0.097,1,0,693,0
60.33,22,9.59,2.15,1,0,0.451,0,0,1563,1
31.06,5,4.41,10.91,1,0,0.571,0,4,1161,1
54.0,11,10.41,15.39,1,0,0.281,1,5,1020,0
21.03,5,12.41,7.99,1,0,0.351,1,3,660,0
9.88,14,24.81,28.13,1,0,0.299,1,1,1103,0
187.74,7,8.06,6.42,0,0,0.173,0,1,487,0
155.49,16,44.13,2.56,1,0,0.18,1,1,905,0
80.14,23,39.08,6.18,1,0,0.456,0,3,269,1
22.47,20,39.07,5.84,0,0,0.472,1,1,1369,0
24.52,4,19.56,16.54,1,0,0.345,1,1,752,0
131.94,3,30.75,9.88,1,1,0.528,0,3,1392,1
23.25,19,28.61,0.89,0,0,0.376,0,0,1337,0
17.59,1,35.97,20.31,0,0,0.31,1,1,1438,0
215.34,9,38.54,3.71,1,0,0.164,0,1,608,0
31.57,23,29.58,2.33,0,0,0.274,1,1,1667,0
194.11,10,30.06,8.34,1,0,0.106,0,2,1257,0
8.18,0,27.97,4.54,0,0,0.135,1,0,314,0
55.6,23,30.1,17.78,1,0,0.036,0,1,848,0
262.72,16,18.1,10.47,0,0,0.45,1,3,1013,0
34.12,7,9.83,6.2,0,0,0.071,0,2,1035,0
25.43,14,5.79,3.74,1,0,0.172,1,4,1978,0
10.3,14,4.36,29.09,0,0,0.686,0,6,509,1
97.74,13,6.36,23.7,1,0,0.292,0,2,879,0
15.33,23,36.84,8.05,1,0,0.17,1,3,752,0
30.12,18,48.84,0.75,1,0,0.296,0,1,787,0
9.64,6,29.01,6.12,1,0,0.535,0,6,1853,0
157.1,23,21.13,16.21,1,0,0.084,1,3,993,0
105.1,23,2.68,3.12,1,0,0.212,0,4,1329,1
32.09,1,15.57,30.94,1,0,0.146,1,1,1272,1
10.44,7,9.33,27.82,1,0,0.358,0,0,1107,0
153.84,14,9.33,4.73,1,0,0.298,0,1,1436,0
22.97,21,19.04,3.51,0,0,0.197,0,3,1261,0
10.97,17,28.86,18.47,0,0,0.535,1,2,1030,0
5.69,13,17.5,13.26,0,0,0.115,1,0,767,0
17.36,7,75.17,6.69,0,0,0.234,1,3,1011,0
7.73,2,20.62,19.58,0,0,0.146,1,3,1202,0
17.76,21,2.18,2.07,0,0,0.404,0,5,634,0
69.71,12,58.31,7.6,1,0,0.66,0,1,985,0
22.75,10,16.7,23.95,0,0,0.094,1,0,733,0
47.26,23,48.62,15.34,1,0,0.124,0,1,779,0
16.07,3,4.23,18.33,0,0,0.178,1,2,995,0
35.35,6,7.98,52.03,0,0,0.175,1,1,1578,0
226.08,20,6.25,12.03,0,0,0.416,1,2,1057,0
23.37,6,36.12,12.28,0,1,0.183,0,3,1379,0
48.64,22,43.02,2.27,0,0,0.129,1,1,1350,0
6.92,20,26.08,6.11,0,1,0.172,1,0,1643,0
151.43,2,21.93,14.61,1,0,0.55,1,4,653,0
20.55,10,2.47,13.89,1,0,0.595,1,1,792,0
94.68,18,8.83,19.13,0,0,0.134,1,2,1268,0
29.28,11,10.1,9.3,0,0,0.12,1,1,1304,0
61.04,5,3.32,9.16,1,0,0.611,1,1,1321,0
64.78,1,16.01,7.65,1,0,0.347,1,3,940,0
21.06,0,26.6,0.88,1,0,0.44,0,2,2005,0
98.68,4,33.29,2.46,0,0,0.357,1,4,1360,0
15.5,6,28.05,7.39,0,0,0.182,0,4,1339,0
72.09,7,13.42,21.55,1,1,0.17,0,3,305,0
22.42,20,10.8,9.74,1,1,0.25,0,1,613,0
46.97,12,14.15,7.85,1,0,0.482,1,1,112,0
20.86,3,15.63,8.48,1,0,0.369,1,1,552,0
34.81,1,5.97,7.07,1,0,0.149,0,1,1436,0
11.31,3,11.36,6.97,0,0,0.623,1,2,479,0
42.42,7,9.59,4.08,0,0,0.286,0,6,1077,0
34.61,17,53.38,10.81,1,0,0.071,0,1,599,1
19.3,1,35.47,21.73,1,0,0.195,1,1,1093,0
31.34,9,26.39,9.08,0,0,0.367,1,1,602,0
37.86,10,7.1,11.77,1,0,0.448,1,1,1116,0
17.88,3,30.59,9.75,1,0,0.543,0,4,446,1
29.11,1,8.55,13.89,1,0,0.196,1,4,676,0
12.12,5,30.85,7.57,0,0,0.233,1,3,260,0
345.76,3,13.78,0.8,1,0,0.109,1,3,331,0
95.5,19,40.12,3.61,0,0,0.261,1,4,876,0
43.51,22,4.05,8.07,0,0,0.57,1,1,677,0
106.92,14,29.73,32.62,1,0,0.612,1,2,366,0
4.58,18,42.69,4.01,0,0,0.634,0,4,662,1
2.57,18,14.45,5.15,0,0,0.192,0,2,30,0
22.21,21,13.56,4.85,0,0,0.337,1,3,560,0
8.34,2,17.3,1.09,1,0,0.453,1,4,932,0
26.14,23,26.16,8.26,1,0,0.473,1,2,636,0
40.68,10,10.39,0.6,0,0,0.244,1,0,534,0
83.13,13,8.98,10.98,1,1,0.291,1,2,529,0
10.61,19,59.12,14.16,0,0,0.265,1,1,1296,0
49.38,11,12.98,0.47,0,0,0.142,0,6,226,0
33.6,6,16.46,52.01,0,0,0.182,1,1,443,0
46.88,0,11.67,1.57,0,0,0.315,0,2,495,0
19.69,4,27.8,2.89,0,0,0.208,1,3,1434,0
132.04,2,9.58,39.47,0,0,0.482,0,3,1716,0
29.86,9,15.35,1.4,1,0,0.08,1,1,1385,0
195.23,18,37.0,9.34,1,0,0.197,1,2,690,0
15.02,8,33.48,12.31,1,1,0.154,0,2,1196,1
69.6,14,12.77,6.51,1,0,0.488,1,0,963,0
31.2,4,17.67,6.5,1,0,0.384,1,1,751,1
23.86,14,7.48,12.14,0,0,0.485,1,5,1365,0
62.32,22,17.65,22.93,0,0,0.176,1,2,94,0
24.55,7,66.98,9.32,1,0,0.064,1,2,1290,0
2.31,11,31.8,34.35,0,0,0.384,1,5,1229,0
1.55,23,7.42,1.41,0,0,0.184,0,4,498,0
118.21,14,3.4,33.56,1,1,0.131,0,1,562,0
113.32,9,7.6,5.85,0,0,0.198,1,3,587,0
218.62,2,5.13,33.29,0,0,0.56,0,0,1387,0
32.54,22,15.46,14.91,0,0,0.134,1,4,1026,0
9.09,14,39.34,3.05,1,0,0.121,1,3,413,0
21.77,1,15.61,11.07,1,0,0.335,0,2,1200,1
33.5,13,9.7,0.75,1,1,0.24,1,1,636,0
12.1,23,13.02,4.23,0,1,0.027,1,3,360,0
172.19,22,25.68,6.56,0,0,0.263,1,3,1328,0
310.91,4,19.88,8.32,0,0,0.414,0,0,1092,0
53.43,9,7.78,23.51,0,0,0.697,1,0,882,0
32.76,23,31.94,5.06,1,0,0.113,0,2,1763,0
9.07,18,6.34,3.55,1,0,0.493,1,2,781,0
155.47,13,18.78,3.31,0,0,0.094,1,5,343,0
35.74,7,11.49,10.48,0,0,0.214,1,0,1148,0
24.8,18,14.5,16.86,1,0,0.159,1,5,1489,0
53.58,13,6.63,4.44,1,0,0.084,0,2,1320,0
18.44,12,17.84,10.55,0,0,0.31,1,1,1179,0
38.35,22,5.91,5.38,1,0,0.56,1,1,486,0
7.83,9,10.75,0.96,1,0,0.349,1,1,208,0
98.21,15,13.75,30.92,1,0,0.081,1,1,895,0
29.83,1,7.92,31.78,0,1,0.465,0,3,402,0
105.51,17,44.48,10.29,1,0,0.349,0,1,649,0
27.08,13,10.72,1.26,0,0,0.2,1,1,792,0
28.9,21,12.96,1.78,1,0,0.229,1,2,1426,0
9.85,7,17.33,9.71,1,0,0.186,1,1,1376,0
70.79,22,4.29,9.42,1,0,0.324,0,4,93,0
13.79,13,2.59,4.88,1,0,0.132,0,2,1391,0
20.36,4,13.77,7.68,0,0,0.393,1,2,839,0
33.15,3,3.17,24.04,0,0,0.32,1,0,610,0
37.38,4,22.17,12.9,0,0,0.18,0,2,959,0
6.01,7,23.0,5.33,0,1,0.22,0,1,694,0
26.29,13,22.16,25.7,1,0,0.428,0,2,538,0
73.35,20,30.15,29.73,1,0,0.527,0,1,1079,0
22.68,23,13.72,16.39,1,1,0.497,0,3,1193,0
26.45,16,45.4,1.23,1,0,0.126,1,1,1318,0
38.95,11,20.48,6.87,1,0,0.228,1,4,842,0
29.2,14,42.81,4.94,1,1,0.102,1,2,1977,0
11.82,7,29.12,4.22,1,0,0.455,1,0,1171,0
31.93,5,14.13,26.52,1,0,0.23,1,1,782,0
89.49,12,20.36,28.72,1,0,0.143,1,5,1464,0
11.57,19,25.53,5.2,1,0,0.398,0,2,388,0
22.77,1,2.4,6.45,1,0,0.492,1,1,353,0
8.32,2,4.36,1.69,1,0,0.258,0,0,1006,0
84.89,4,51.69,24.15,1,0,0.334,0,6,30,0
30.19,5,25.35,19.65,0,0,0.103,1,4,705,0
14.15,3,36.2,3.83,0,0,0.261,1,1,1114,0
36.32,3,13.56,4.38,1,0,0.202,0,2,1526,0
9.94,0,43.41,12.19,1,0,0.464,1,3,849,0
11.78,8,14.28,11.99,1,1,0.28,0,3,1540,0
7.69,17,25.19,8.5,1,0,0.084,0,3,244,0
11.4,3,47.82,18.4,1,1,0.602,1,3,1014,1
128.68,7,27.64,13.8,1,0,0.248,0,2,1399,0
15.91,23,6.4,10.68,1,0,0.393,1,1,1632,0
52.78,4,15.15,4.95,1,0,0.34,0,1,649,0
14.35,23,21.02,14.15,0,0,0.183,1,1,1403,0
70.78,12,26.51,10.63,1,0,0.277,1,4,1744,0
11.87,17,39.8,5.39,1,0,0.285,1,1,537,0
34.44,7,26.67,5.87,0,0,0.513,0,1,1284,0
34.91,7,15.74,3.83,1,0,0.388,0,1,596,0
339.61,9,13.06,9.79,1,0,0.241,1,2,845,0
62.2,3,13.68,16.51,1,0,0.495,0,2,1626,1
18.3,7,10.9,2.34,0,0,0.36,0,2,371,0
65.7,21,10.44,5.6,0,0,0.332,1,0,1061,0
280.95,0,35.64,17.33,0,0,0.11,0,1,471,0
6.49,13,18.74,6.59,0,0,0.169,0,4,2114,0
14.26,16,11.1,8.71,1,0,0.134,1,0,748,0
26.13,3,16.95,3.11,1,0,0.091,0,1,965,0
21.82,2,11.79,2.78,1,1,0.325,1,5,1342,1
23.74,13,2.8,5.37,0,0,0.089,0,3,683,0
8.99,5,26.93,7.05,1,0,0.418,0,0,643,1
134.82,23,37.3,11.85,1,0,0.012,1,0,1176,0
7.98,4,32.65,26.39,1,1,0.175,0,6,1404,1
27.11,3,31.2,2.73,1,0,0.124,0,0,591,0
94.24,7,5.97,1.4,1,0,0.272,1,0,843,0
32.13,7,43.26,1.19,0,0,0.555,1,1,1034,0
12.44,3,10.01,9.61,1,0,0.44,1,1,1319,0
8.6,15,5.01,11.96,1,0,0.303,0,5,843,0
26.31,8,1.25,4.18,1,0,0.236,1,5,476,0
15.53,12,20.65,9.05,1,0,0.186,1,0,229,0
40.66,5,44.04,18.69,1,0,0.251,0,1,530,0
8.15,2,39.71,6.51,0,0,0.519,0,0,1183,1
74.67,1,17.43,5.97,0,0,0.031,1,4,933,0
37.17,1,34.85,2.22,1,0,0.077,0,4,858,0
40.04,20,68.6,11.39,1,0,0.52,0,1,869,1
139.92,6,12.43,3.78,0,0,0.206,1,3,1039,0
21.37,7,24.48,13.9,0,0,0.178,0,1,1217,0
16.03,13,44.65,6.35,0,0,0.276,1,1,402,0
19.15,2,5.19,7.02,1,0,0.553,1,1,30,1
27.32,14,5.69,0.82,1,1,0.309,0,0,704,0
30.24,12,49.76,19.13,1,0,0.612,0,3,448,1
14.43,18,35.57,15.89,1,0,0.364,0,3,246,0
4.38,2,9.19,3.66,1,0,0.369,1,2,822,0
18.9,0,6.65,14.09,0,0,0.029,0,3,300,0
47.46,18,5.87,2.65,0,0,0.283,0,1,1835,0
37.95,8,20.14,14.29,0,0,0.345,1,2,699,0
109.9,1,9.36,12.12,1,1,0.043,0,0,687,0
234.04,13,9.54,24.98,1,0,0.107,0,0,1942,0
70.76,11,5.9,11.85,1,0,0.03,1,1,1388,0
131.96,22,17.9,3.32,1,0,0.29,1,4,922,0
71.29,22,5.18,9.1,1,0,0.674,1,1,577,0
183.08,12,27.3,6.2,1,0,0.313,0,1,787,0
210.79,3,40.62,23.89,1,0,0.235,0,1,1527,0
85.73,17,20.85,1.53,1,0,0.356,1,3,744,0
67.11,4,35.44,8.78,0,0,0.259,0,1,1122,0
26.97,20,15.14,3.15,1,0,0.832,0,0,1117,0
31.77,14,8.2,28.69,0,0,0.317,1,1,1347,0
23.62,8,12.54,9.63,0,0,0.335,0,0,694,0
61.64,23,3.38,12.8,1,0,0.061,0,0,1691,1
16.11,12,10.01,6.28,1,0,0.634,1,4,629,0
27.35,9,14.53,14.5,0,0,0.279,1,5,1593,0
3.14,4,17.3,3.33,1,0,0.297,1,1,1039,0
185.51,15,36.25,3.57,1,0,0.52,1,5,950,0
26.56,6,45.83,23.65,1,0,0.118,1,1,1024,0
52.23,3,20.19,44.37,0,0,0.36,1,4,1175,0
142.28,2,6.39,0.97,1,0,0.195,1,2,1346,0
44.71,15,6.33,4.66,1,0,0.254,1,2,1970,0
140.38,22,10.18,18.52,0,0,0.187,0,3,268,0
9.57,6,8.67,12.1,1,0,0.614,0,3,853,0
364.08,5,20.54,3.84,0,0,0.417,1,3,955,0
98.21,14,6.74,5.94,0,0,0.592,1,4,1562,0
40.82,3,46.64,4.16,0,0,0.047,1,4,625,0
137.7,2,32.19,13.57,1,0,0.461,1,4,878,0
10.29,15,37.21,3.82,1,1,0.403,0,2,1772,0
24.81,12,9.75,6.04,1,0,0.084,1,1,764,0
140.37,0,6.74,15.62,1,0,0.336,1,1,384,0
5.12,5,9.25,10.57,0,1,0.081,0,2,1926,0
58.0,4,18.34,20.47,1,0,0.275,0,3,30,0
56.38,16,16.8,3.69,0,0,0.107,1,3,644,0
237.28,15,43.32,5.81,1,0,0.419,1,1,1315,0
6.8,17,49.04,3.24,0,0,0.268,0,0,1088,0
165.61,2,19.14,5.0,1,1,0.293,1,1,810,0
18.93,20,4.36,1.82,1,0,0.197,0,1,206,0
21.18,5,13.27,0.27,0,0,0.308,1,3,969,0
9.76,23,90.69,16.18,1,1,0.376,1,1,423,1
11.16,20,4.64,1.65,1,0,0.718,1,4,838,0
49.58,11,21.19,11.66,1,0,0.545,1,2,590,0
10.89,18,9.19,5.27,1,0,0.212,0,3,729,0
69.43,16,63.71,6.2,1,0,0.195,0,2,689,1
17.07,18,22.69,1.91,0,0,0.044,0,0,1615,0
9.85,0,9.28,4.35,0,0,0.161,1,1,2141,0
19.53,2,11.62,9.76,1,0,0.387,0,4,670,0
46.37,21,2.18,1.69,1,0,0.324,1,3,1636,1
25.09,18,20.94,4.05,1,1,0.379,1,4,321,0
34.27,14,21.45,8.45,1,0,0.202,0,2,1433,0
66.43,7,4.57,11.91,1,0,0.49,1,1,1097,0
97.75,10,27.03,6.42,1,0,0.217,1,2,105,0
24.29,9,48.58,29.41,1,1,0.099,0,3,526,0
11.66,10,5.7,8.1,0,0,0.195,0,1,678,0
35.73,15,26.57,14.15,1,0,0.228,1,3,1048,0
53.02,18,27.08,9.82,0,0,0.248,0,1,1021,0
7.69,9,19.23,5.39,1,0,0.507,0,1,657,0
13.59,20,20.26,0.69,1,0,0.263,1,3,328,0
16.13,2,11.23,15.68,0,0,0.362,1,3,30,0
26.9,19,2.07,15.54,1,0,0.171,1,3,654,1
15.47,16,22.29,28.58,0,0,0.284,1,2,820,0
67.16,12,31.83,5.45,0,0,0.134,1,5,1718,0
6.65,9,7.19,37.1,0,0,0.214,0,4,951,0
6.82,8,9.37,14.83,1,1,0.118,1,3,576,0
23.72,8,8.37,20.6,0,0,0.355,1,1,1612,0
27.78,22,23.56,2.08,1,1,0.496,1,3,1154,0
7.73,0,21.09,8.82,1,0,0.535,1,2,824,0
18.05,15,7.65,25.24,0,0,0.42,0,1,30,0
22.17,23,16.44,2.03,0,0,0.456,0,2,499,0
22.35,13,16.89,5.01,0,0,0.339,1,3,914,0
38.55,15,22.6,29.69,1,0,0.27,1,2,704,0
17.09,14,12.34,22.27,1,0,0.626,1,3,1166,0
145.16,12,38.48,8.0,1,0,0.079,1,0,1037,0
53.96,15,22.83,4.13,0,0,0.359,0,1,30,0
14.77,21,38.0,12.96,0,0,0.376,1,2,787,0
36.4,17,22.38,22.32,1,0,0.151,1,3,1070,0
37.49,20,23.91,14.83,1,0,0.274,1,2,1622,0
111.58,13,3.67,24.91,0,0,0.308,0,1,118,0
18.17,18,21.06,25.01,1,0,0.039,0,1,465,0
71.33,21,16.12,11.98,1,0,0.561,1,0,1061,0
34.53,5,40.88,15.49,0,0,0.194,1,3,385,0
147.17,20,36.81,9.81,1,0,0.113,0,3,1166,0
120.41,16,43.94,0.84,0,0,0.196,0,3,977,0
40.33,10,9.58,10.11,0,0,0.109,1,2,1249,0
25.48,18,17.11,2.09,1,0,0.263,0,1,2100,0
54.96,4,46.92,1.72,1,0,0.665,0,4,738,1
27.65,16,9.36,18.51,0,0,0.192,1,1,684,0
177.74,13,41.07,4.7,1,1,0.381,1,2,1412,0
35.82,21,37.9,6.67,0,0,0.29,0,0,1851,0
22.07,14,16.66,2.89,1,0,0.52,1,4,1295,0
20.91,12,55.36,3.49,0,0,0.432,1,4,1486,0
9.85,12,39.08,7.66,1,0,0.548,1,2,827,0
57.78,13,5.25,10.72,1,0,0.28,1,2,1135,0
14.58,21,49.54,7.23,0,0,0.111,1,1,762,0
99.3,18,16.69,12.66,0,0,0.143,1,2,193,0
9.09,2,23.53,16.26,1,0,0.339,0,1,880,0
37.61,12,23.62,1.14,0,0,0.131,1,1,978,0
104.61,6,28.09,13.31,1,0,0.292,0,0,794,0
3.85,3,47.63,10.09,1,0,0.262,0,2,1456,0
249.2,20,23.29,9.92,0,0,0.092,1,1,1243,0
21.64,20,15.76,2.29,0,0,0.209,0,4,1146,0
38.13,22,7.42,5.68,0,0,0.153,0,4,582,0
58.64,9,11.75,14.22,0,0,0.115,1,2,915,0
68.45,10,37.19,1.88,1,0,0.139,1,2,657,0
43.55,18,43.02,42.48,1,0,0.593,1,1,755,0
89.78,4,12.95,18.56,1,0,0.2,1,2,780,0
55.65,1,32.21,3.13,1,0,0.169,0,2,1046,0
192.65,10,10.88,6.14,1,1,0.159,1,2,944,0
55.83,15,2.73,1.58,0,0,0.369,0,4,451,0
236.19,10,4.42,19.14,1,0,0.135,1,1,922,0
81.54,5,39.64,7.34,0,0,0.321,0,3,1199,0
5.44,12,2.91,10.41,0,0,0.409,0,6,1233,0
450.84,22,30.21,8.58,1,0,0.315,1,2,351,0
18.65,6,21.92,15.04,1,0,0.438,1,3,892,0
147.75,9,41.38,3.05,1,0,0.098,1,2,125,0
34.01,7,20.09,51.05,1,0,0.162,1,1,604,0
95.69,7,25.97,15.05,1,0,0.359,1,1,883,0
16.64,15,21.5,16.66,1,0,0.124,1,1,1235,0
61.91,8,23.75,11.16,0,1,0.232,1,2,1336,0
25.71,14,17.6,2.97,1,0,0.248,0,3,506,0
160.61,0,26.34,6.2,1,0,0.319,1,2,1090,1
51.35,15,14.21,5.41,1,0,0.262,1,0,710,0
84.43,2,35.35,21.86,1,0,0.274,1,1,1013,0
3.8,9,19.8,3.4,1,0,0.046,0,1,670,0
30.4,20,33.45,9.06,1,0,0.501,0,2,458,0
49.93,8,9.52,2.02,0,0,0.222,1,0,1464,0
41.41,16,13.2,14.74,1,0,0.397,1,4,1183,0
86.59,8,4.53,4.28,0,0,0.212,1,3,1291,0
22.97,21,24.09,12.47,0,0,0.186,0,0,1333,0
34.77,22,23.26,12.85,1,1,0.193,1,2,704,1
107.9,21,11.5,6.0,0,0,0.162,1,2,931,0
3.39,9,18.31,3.77,1,0,0.347,0,1,585,0
59.7,7,7.27,6.81,1,0,0.281,1,1,1279,0
23.72,14,37.89,7.41,1,0,0.386,0,2,1712,0
13.3,19,37.01,4.61,0,0,0.34,0,2,1398,0
46.36,12,17.61,2.99,1,1,0.406,1,3,1060,0
113.01,17,15.15,2.84,0,1,0.244,0,3,399,0
93.61,21,3.61,5.38,0,1,0.227,1,1,677,0
28.93,18,32.76,11.98,1,0,0.147,1,2,1063,0
79.5,8,8.59,9.13,0,0,0.147,1,5,1563,0
78.89,5,34.79,3.14,1,0,0.514,1,3,1061,1
30.34,10,4.38,4.13,1,0,0.143,1,0,912,0
16.56,13,6.98,10.03,1,0,0.191,0,1,510,0
17.54,20,5.61,2.19,1,0,0.24,1,1,908,0
76.54,7,8.24,19.15,0,0,0.248,1,0,1174,0
31.75,3,79.53,10.73,0,0,0.259,0,4,1249,0
11.63,7,15.97,44.61,0,0,0.449,0,3,949,0
6.14,14,29.22,9.33,0,1,0.248,1,4,405,0
76.08,5,6.67,8.53,1,0,0.497,0,1,1561,1
19.17,9,9.57,3.6,1,0,0.411,1,3,1264,1
46.08,6,59.73,1.35,1,0,0.414,1,5,641,1
114.4,23,16.47,20.11,1,0,0.368,1,1,1613,0
8.94,12,20.48,11.87,0,0,0.31,0,3,1529,0
31.65,17,25.27,6.28,1,0,0.264,0,1,1051,0
27.92,12,54.55,11.66,0,0,0.167,0,2,698,0
48.41,0,39.6,19.81,1,0,0.221,0,2,703,1
114.34,6,45.39,10.78,0,0,0.127,1,3,893,0
8.76,20,27.24,15.2,1,1,0.133,1,4,30,0
58.55,12,14.13,3.28,1,0,0.23,0,5,1129,1
92.9,16,22.61,7.86,1,0,0.313,1,3,932,0
27.48,18,6.21,28.82,1,0,0.268,1,2,748,0
28.86,13,2.2,24.25,1,0,0.256,1,3,599,0
50.32,13,20.62,3.72,1,0,0.362,1,1,1304,0
46.75,5,0.39,2.96,1,0,0.089,1,2,416,0
59.28,5,11.23,2.94,1,0,0.159,1,3,1246,0
58.05,3,7.15,16.68,1,1,0.203,1,0,794,0
12.4,7,14.04,0.48,0,0,0.496,1,2,1292,0
89.15,15,15.02,8.66,1,0,0.3,1,0,468,0
106.36,22,5.39,20.04,1,0,0.202,0,2,1502,0
39.89,10,26.16,4.19,0,0,0.434,0,1,814,0
7.43,14,43.44,6.71,1,0,0.185,1,1,1027,0
29.53,20,6.2,1.18,0,1,0.233,0,1,262,0
40.22,16,5.78,5.74,0,0,0.276,1,1,1334,0
10.54,6,16.94,28.59,1,0,0.172,1,2,822,0
23.1,6,2.29,9.06,1,0,0.094,1,1,526,0
8.09,15,17.27,5.33,1,0,0.201,1,1,2233,0
60.78,6,39.57,7.62,1,0,0.308,1,1,1782,0
39.09,5,5.82,14.15,1,0,0.37,1,3,38,0
6.39,14,52.08,7.31,1,0,0.341,0,4,802,0
47.06,15,12.32,9.61,1,0,0.128,0,0,30,0
31.3,6,13.91,3.95,1,0,0.078,0,1,505,0
55.5,1,10.29,5.54,1,1,0.43,0,4,152,1
22.39,18,31.76,53.1,1,0,0.405,0,3,884,1
14.86,9,19.22,35.21,0,0,0.186,0,2,71,0
15.32,15,12.95,16.58,0,0,0.235,1,1,1455,0
19.33,4,8.49,27.05,0,0,0.107,0,3,539,0
33.74,7,21.79,9.48,1,1,0.223,1,4,1384,0
38.4,14,45.62,3.01,1,0,0.125,0,1,1401,0
27.37,2,13.96,3.29,1,0,0.192,0,0,2137,0
21.69,7,18.8,21.57,0,1,0.607,1,0,1103,0
23.3,17,3.7,40.98,1,0,0.408,1,1,988,0
406.56,18,18.61,1.92,0,0,0.209,0,2,307,0
15.32,8,80.27,0.68,0,0,0.516,1,0,952,0
18.95,2,5.13,6.14,1,0,0.214,0,0,605,0
892.35,0,23.23,3.88,1,0,0.057,1,1,1033,0
50.45,13,10.88,14.37,1,0,0.497,1,3,900,0
8.33,16,3.4,9.36,0,0,0.302,1,3,825,0
76.91,14,12.22,6.67,1,0,0.308,0,1,143,0
13.33,9,67.9,12.6,1,0,0.132,0,2,1494,0
82.19,0,22.94,7.29,1,0,0.101,1,2,1329,1
26.82,5,21.04,2.16,0,0,0.424,0,2,1097,1
21.33,0,5.68,13.26,0,0,0.23,1,1,906,0
165.53,11,37.19,21.57,1,1,0.297,0,0,1305,1
58.35,7,47.89,9.79,1,0,0.384,1,4,882,0
87.62,1,46.59,8.48,1,0,0.242,1,1,1759,0
51.16,14,35.37,6.22,1,0,0.212,0,0,954,0
21.23,8,7.75,5.27,1,0,0.192,0,1,1329,0
61.03,23,6.07,10.97,0,0,0.398,1,1,885,0
110.97,10,1.92,18.83,0,0,0.405,0,4,789,0
37.89,2,6.74,3.82,0,0,0.437,0,4,936,0
200.67,16,22.33,6.72,1,0,0.221,0,2,965,0
77.52,16,6.65,18.67,1,0,0.313,1,6,135,0
40.93,22,38.51,5.03,1,0,0.587,1,1,1453,0
42.58,16,42.89,5.68,0,0,0.597,0,1,499,0
37.99,8,41.16,20.3,1,0,0.656,1,2,485,1
9.48,16,2.67,28.29,1,0,0.185,0,3,671,1
30.26,19,21.08,1.18,0,0,0.46,0,4,978,0
41.31,12,19.19,13.22,0,0,0.076,1,0,843,0
21.84,19,40.35,12.03,1,0,0.176,1,1,1074,0
46.42,23,3.53,18.84,0,1,0.333,1,2,679,0
33.83,18,19.0,21.76,0,0,0.082,1,3,1682,0
71.79,12,3.42,2.83,0,0,0.301,1,2,757,0
64.27,11,36.16,1.74,0,0,0.401,0,1,1133,0
39.14,20,0.81,13.15,1,0,0.431,0,2,30,0
8.44,20,66.86,4.09,0,0,0.334,1,4,142,0
198.49,6,26.54,11.4,1,0,0.514,1,0,440,0
28.73,0,16.89,2.02,1,0,0.201,0,2,574,0
30.54,19,9.65,36.97,0,1,0.274,0,0,828,0
23.51,5,41.69,5.72,0,0,0.269,1,4,1420,0
20.32,23,3.63,3.52,0,0,0.336,1,2,30,0
155.1,0,0.79,0.83,1,0,0.376,0,0,1158,0
132.43,21,25.43,12.32,0,0,0.106,0,1,562,0
51.65,16,15.88,5.25,0,0,0.626,0,1,615,0
29.74,7,22.29,15.83,1,0,0.142,0,0,1954,0
61.5,0,19.83,14.58,0,0,0.057,1,2,926,0
35.65,20,28.28,13.42,0,0,0.031,0,1,666,0
27.38,2,16.96,1.44,1,0,0.226,0,3,352,0
46.44,2,12.16,13.2,0,0,0.164,1,2,1206,0
21.3,18,17.44,8.37,0,1,0.235,1,5,373,0
42.62,16,31.78,24.94,1,0,0.262,1,2,152,0
40.62,3,33.49,6.9,1,1,0.465,1,1,260,1
60.52,8,23.1,11.51,0,0,0.528,1,1,570,0
17.83,15,1.3,0.43,1,1,0.509,1,2,1535,0
67.37,15,21.1,31.72,1,0,0.077,1,1,1257,0
13.38,8,2.91,4.63,1,0,0.467,1,1,480,0
18.68,9,34.75,5.37,0,1,0.236,1,3,1196,0
19.51,1,31.37,18.57,0,0,0.381,0,1,228,0
11.34,0,7.34,43.09,0,0,0.113,1,0,30,0
91.44,23,27.56,8.32,0,0,0.298,0,1,1671,0
12.57,5,18.47,48.18,1,0,0.194,1,5,1800,0
16.46,22,8.8,7.93,1,0,0.115,0,2,525,0
116.21,1,27.16,0.79,0,0,0.344,0,1,284,0
18.72,23,50.55,3.7,0,0,0.304,0,2,1072,0
27.44,10,11.72,15.69,1,0,0.154,1,1,1068,0
12.04,19,23.33,21.08,1,0,0.101,1,4,693,0
76.17,20,6.83,10.97,0,0,0.042,1,4,486,0
77.23,8,9.62,38.29,1,0,0.169,0,1,1387,0
69.33,17,17.64,19.71,1,0,0.254,1,0,1075,0
56.69,8,8.41,7.38,1,0,0.494,0,5,696,0
35.64,18,7.88,16.59,1,0,0.149,0,2,416,0
19.6,23,5.81,2.95,1,1,0.377,0,0,979,1
14.66,19,42.75,10.12,0,0,0.352,0,2,333,0
120.29,17,32.27,4.09,0,0,0.147,1,1,1264,0
71.15,8,17.21,27.66,1,0,0.432,1,1,1458,0
16.56,2,33.98,5.04,1,0,0.59,0,2,1713,0
34.46,12,36.02,2.92,0,0,0.7,0,3,472,0
24.53,3,14.96,9.39,0,0,0.261,1,2,559,0
10.72,12,6.47,3.94,1,0,0.463,0,1,1019,0
39.55,20,23.5,11.35,0,0,0.255,1,1,1576,0
21.86,2,43.05,17.83,1,0,0.512,1,3,839,1
12.77,21,30.28,18.17,0,0,0.35,1,4,732,0
7.54,14,49.0,8.77,0,0,0.127,0,1,30,0
6.93,1,35.67,27.04,1,0,0.063,1,4,1237,0
22.84,17,72.17,37.1,1,0,0.17,1,3,258,0
30.41,0,24.62,4.9,1,1,0.153,1,3,912,0
13.8,14,13.57,12.83,1,1,0.151,0,1,602,0
63.48,12,31.88,9.11,1,0,0.21,1,3,1473,0
31.01,17,44.33,13.07,1,0,0.27,1,3,697,0
58.96,9,21.24,15.44,1,1,0.111,1,1,933,0
27.58,2,36.25,3.32,0,0,0.292,0,3,889,0
15.07,9,12.35,7.78,0,0,0.366,1,1,631,0
37.12,18,35.54,7.11,1,1,0.135,1,3,1699,0
9.37,22,95.7,5.38,0,0,0.643,0,3,3239,0
56.79,4,12.46,5.51,1,0,0.098,0,0,406,0
12.97,8,22.36,4.24,0,0,0.231,1,1,740,0
82.95,21,28.85,17.95,0,0,0.337,1,1,544,0
23.61,7,16.5,17.67,0,0,0.193,0,3,1043,0
95.83,5,13.19,5.21,1,0,0.336,0,6,1011,0
10.78,19,19.04,2.58,0,0,0.068,1,4,1347,0
16.81,11,40.19,11.98,1,0,0.119,0,2,222,0
48.47,13,3.81,2.98,0,1,0.394,0,3,1374,0
106.75,11,8.12,13.93,0,0,0.424,1,3,30,0
175.32,14,16.09,20.4,0,0,0.226,1,2,1214,0
34.51,6,36.99,21.31,0,0,0.347,1,0,535,0
208.04,17,18.92,15.07,0,0,0.313,1,2,225,0
24.79,8,10.5,8.23,0,0,0.527,1,2,1036,0
99.36,12,52.53,32.62,1,0,0.011,1,1,583,0
12.91,4,21.87,11.09,1,0,0.145,1,3,1629,0
50.41,0,12.98,24.08,0,0,0.312,1,2,1201,0
3.18,13,28.52,12.64,0,0,0.249,0,2,729,0
10.79,3,27.49,9.92,1,0,0.528,1,0,668,0
52.81,21,22.33,12.82,1,0,0.742,0,1,850,0
8.91,23,9.93,18.25,1,1,0.441,1,1,1883,0
50.75,7,36.47,6.21,0,0,0.298,1,0,30,0
81.98,6,59.0,18.88,1,0,0.21,1,0,246,0
20.06,12,25.2,33.41,1,0,0.173,1,2,1627,1
12.57,4,4.48,13.99,0,0,0.243,0,1,316,0
20.61,20,79.81,30.15,1,0,0.567,1,1,1046,1
12.61,2,28.34,15.78,1,0,0.269,1,3,1277,0
29.93,10,7.23,5.04,1,0,0.487,1,0,718,0
36.67,4,35.12,4.93,1,0,0.497,1,5,1279,1
24.39,19,43.19,2.39,0,0,0.393,0,0,30,0
176.68,3,19.53,12.21,1,0,0.148,1,1,1094,0
16.13,10,3.01,1.12,1,0,0.077,0,1,1810,0
133.14,20,23.19,5.72,0,0,0.082,1,3,976,0
11.69,10,7.01,15.33,0,0,0.151,0,3,1270,1
35.62,4,29.03,3.93,1,1,0.206,1,4,2157,0
108.11,3,10.32,4.65,0,0,0.166,1,2,827,0
102.65,14,26.59,28.59,1,1,0.034,0,1,256,0
21.75,2,13.39,15.71,1,1,0.543,0,0,30,1
57.69,8,24.04,10.72,1,0,0.336,1,0,966,0
50.46,14,35.86,5.9,0,0,0.004,1,3,302,0
19.3,9,36.6,6.2,1,0,0.293,1,4,1319,0
61.31,19,9.08,21.48,0,0,0.169,1,1,1439,0
213.26,16,14.82,16.04,0,0,0.188,1,4,677,1
53.07,3,15.4,7.93,0,0,0.311,0,2,90,0
58.34,19,22.89,1.93,1,1,0.088,1,2,1315,0
64.86,21,45.37,1.15,1,0,0.121,0,3,726,0
7.68,4,16.97,6.07,1,0,0.318,0,1,1303,0
52.47,8,26.92,14.74,1,0,0.114,0,2,926,0
11.98,9,16.29,13.38,1,0,0.312,1,1,1079,0
18.36,10,10.38,12.06,1,0,0.315,0,2,1152,0
287.71,11,4.13,1.62,0,0,0.33,1,0,814,0
25.71,21,12.7,18.2,0,0,0.737,0,4,1219,0
15.8,15,6.0,10.85,1,0,0.249,0,1,1711,0
104.86,21,6.35,3.18,1,1,0.127,0,4,249,0
12.84,8,24.41,19.56,0,1,0.231,0,0,312,0
21.17,12,26.67,2.72,0,0,0.568,1,1,822,0
115.47,2,37.8,12.01,0,0,0.211,0,5,348,0
34.56,6,2.37,4.37,0,0,0.409,0,5,48,0
6.95,14,33.3,6.74,0,0,0.524,1,3,1388,0
57.05,4,0.65,13.18,0,1,0.442,1,4,1160,0
22.28,23,10.43,9.58,0,1,0.169,1,1,520,0
154.45,6,16.34,8.2,0,0,0.164,1,0,1608,0
18.06,3,10.38,3.46,0,0,0.237,1,2,2082,0
94.75,18,18.44,4.04,1,0,0.322,1,3,1232,0
195.53,2,21.72,4.31,0,0,0.036,1,2,1599,0
14.14,7,27.31,21.07,0,0,0.471,1,0,949,0
27.3,4,11.92,40.51,0,0,0.267,1,3,1004,0
48.84,16,32.39,3.52,1,0,0.622,1,2,388,0
14.05,20,33.28,30.05,1,0,0.089,1,2,849,0
43.39,4,20.16,2.99,1,0,0.645,1,0,1219,0
26.45,9,36.56,12.06,0,0,0.352,1,5,895,0
25.92,11,8.26,2.83,0,0,0.25,1,2,1093,0
34.78,16,10.58,22.83,0,0,0.188,1,2,1566,0
35.56,8,2.27,18.21,1,0,0.11,1,2,1322,0
39.01,12,28.05,21.76,1,0,0.192,1,2,1447,0
18.2,12,18.72,5.5,0,0,0.088,0,1,1138,0
19.01,0,16.19,3.63,1,1,0.069,1,1,560,0
29.41,13,15.33,21.04,1,0,0.362,0,3,134,1
31.67,13,13.48,7.82,0,0,0.257,0,4,535,0
21.35,23,6.4,7.92,1,0,0.16,0,2,691,0
45.78,12,5.11,5.41,1,0,0.262,0,2,678,0
5.39,21,59.29,7.27,1,0,0.387,1,3,1090,0
15.95,8,26.09,21.13,1,1,0.323,0,0,2053,0
25.03,16,15.81,4.86,0,0,0.107,0,5,1449,0
14.07,21,14.16,4.74,0,0,0.073,1,1,922,0
168.88,3,23.89,3.74,1,0,0.533,1,0,493,0
33.75,13,41.94,7.18,1,0,0.242,1,2,1040,0
39.52,22,20.54,22.54,1,0,0.259,1,3,1563,0
20.43,13,74.97,3.67,1,0,0.43,1,2,1940,0
32.6,21,28.87,4.43,0,0,0.174,1,4,400,0
9.82,10,11.97,30.14,1,1,0.233,1,2,1656,0
27.94,21,5.0,4.33,1,0,0.35,1,1,779,0
12.97,15,40.41,8.92,1,0,0.276,0,2,778,0
25.09,11,7.36,34.79,1,0,0.607,1,3,838,0
2.56,5,32.49,7.37,1,0,0.08,1,0,1302,0
10.72,4,24.29,43.26,1,0,0.661,1,2,820,1
143.15,6,3.88,3.43,0,0,0.232,1,2,1356,0
75.97,18,23.44,41.5,0,0,0.129,1,4,1155,0
123.85,11,27.0,7.08,1,0,0.084,1,4,1098,0
132.65,9,13.65,0.43,1,1,0.36,1,1,1031,0
64.91,11,12.93,0.78,0,0,0.042,0,2,885,0
21.05,8,14.36,5.57,1,0,0.437,1,5,649,0
11.74,19,39.68,10.97,1,1,0.157,1,3,1761,0
104.25,9,12.33,7.76,0,0,0.382,0,4,692,0
35.32,11,2.54,25.09,0,0,0.375,0,1,1386,0
401.02,13,18.79,13.24,1,0,0.207,1,5,1732,0
22.99,15,2.13,6.69,1,0,0.296,1,5,1011,0
238.15,8,22.89,10.13,1,0,0.676,0,2,1091,1
28.31,1,6.78,5.92,1,0,0.186,0,1,348,0
125.97,16,15.13,13.79,1,1,0.392,1,4,217,0
180.67,13,6.89,3.88,1,0,0.33,1,1,122,0
11.91,15,49.93,13.98,1,0,0.143,1,0,1007,0
20.39,13,24.14,7.49,1,0,0.402,0,2,487,0
11.79,12,6.51,5.73,0,0,0.182,1,3,611,0
9.68,22,20.42,24.54,0,0,0.178,1,3,1026,0
64.53,1,5.31,34.51,0,0,0.144,1,2,1111,0
27.2,2,14.94,10.54,0,0,0.188,1,0,648,0
34.9,22,41.9,6.32,1,0,0.304,0,0,1105,0
57.76,21,24.49,6.48,0,0,0.499,1,1,361,0
5.17,9,7.33,6.42,0,0,0.312,0,2,205,0
119.91,12,4.35,15.22,1,0,0.507,1,2,776,0
23.36,10,27.16,12.05,0,0,0.274,0,5,1717,0
56.4,23,56.52,9.62,1,0,0.175,0,1,453,1
61.6,10,15.69,18.78,1,0,0.583,1,4,1448,0
130.42,18,40.41,2.65,0,0,0.339,0,4,754,0
29.82,8,24.82,0.47,1,1,0.213,0,0,1254,1
3.96,9,26.85,6.16,0,0,0.157,1,1,1777,0
35.06,16,5.17,16.22,0,1,0.299,0,1,183,0
40.48,9,14.84,10.34,1,0,0.198,0,3,697,0
11.77,0,15.76,7.86,0,0,0.152,1,0,1088,0
38.38,4,1.29,35.62,1,0,0.208,1,1,1396,0
23.08,20,9.62,26.68,1,0,0.255,1,6,906,0
8.65,8,10.67,17.69,1,0,0.239,1,2,1232,0
64.81,2,7.17,7.41,1,0,0.682,1,3,972,0
18.85,22,14.35,62.39,1,0,0.205,1,1,1318,0
22.06,23,31.31,2.94,1,1,0.308,1,1,1031,1
20.85,11,32.02,22.23,0,0,0.521,1,1,164,0
113.92,15,45.79,23.56,0,0,0.18,0,0,1245,0
31.79,18,35.48,5.74,1,0,0.486,0,2,1656,0
35.84,1,21.71,27.72,1,0,0.324,1,2,938,1
21.31,7,46.82,2.66,0,0,0.552,1,0,1206,0
52.61,13,11.45,13.32,1,0,0.384,1,0,1981,0
127.65,13,17.08,21.24,0,0,0.379,1,2,841,0
63.3,7,59.6,12.77,1,0,0.612,1,1,1041,1
65.82,0,11.13,1.58,1,0,0.128,1,3,1165,0
60.72,22,0.9,20.89,1,0,0.125,1,3,135,0
8.33,14,4.48,26.7,1,0,0.241,1,0,637,0
13.79,18,15.58,11.18,0,1,0.102,1,0,1270,0
26.98,10,7.1,10.58,1,0,0.605,1,2,110,0
16.02,12,3.98,5.21,0,0,0.135,0,2,863,0
11.42,10,32.63,10.04,1,0,0.047,0,1,1468,0
5.09,10,24.87,17.39,0,1,0.342,1,1,686,0
8.61,16,1.44,2.39,0,0,0.506,1,3,247,0
25.62,23,37.62,31.13,1,0,0.145,1,3,600,0
30.89,18,70.81,7.08,0,0,0.079,1,2,931,0
14.98,16,9.45,11.38,0,0,0.057,0,2,1545,0
35.84,0,25.25,5.85,0,0,0.092,1,2,922,0
21.46,12,6.26,17.38,1,0,0.17,1,3,214,0
98.55,22,19.61,31.11,0,0,0.261,1,1,532,0
28.17,9,25.89,4.14,0,0,0.419,1,4,700,0
66.44,13,15.65,15.47,0,0,0.47,1,2,1349,0
40.58,7,8.16,4.82,0,1,0.359,1,3,776,0
8.15,4,11.01,17.03,1,0,0.209,1,2,498,0
30.25,16,2.01,9.82,0,1,0.634,0,3,951,0
9.63,7,17.87,20.25,1,0,0.071,1,2,1171,0
29.72,14,53.1,12.26,0,0,0.379,1,3,566,0
15.72,14,4.45,45.25,1,0,0.521,0,2,1260,0
48.52,20,45.55,5.9,1,0,0.025,1,1,1589,0
8.65,22,13.31,2.11,0,0,0.615,1,2,601,0
33.61,13,1.95,5.4,1,0,0.338,0,0,1353,0
58.7,1,32.96,5.5,1,0,0.288,0,1,855,0
82.07,13,18.08,8.67,1,0,0.142,0,4,798,0
15.42,21,5.72,6.58,1,1,0.052,0,1,938,1
33.71,11,8.6,11.39,0,0,0.067,1,3,1341,0
39.81,13,10.49,1.11,1,0,0.168,1,2,432,0
155.57,18,14.95,6.54,1,0,0.067,1,3,679,0
7.53,10,19.55,6.47,1,0,0.389,0,4,1064,0
13.32,9,20.13,18.21,1,0,0.602,1,2,1084,0
547.01,11,30.54,3.53,1,0,0.332,1,1,1839,0
25.2,20,17.52,3.33,1,0,0.078,1,0,1420,0
5.0,11,22.52,9.62,1,0,0.471,1,0,1250,0
18.49,7,18.11,19.16,0,0,0.563,1,3,2247,0
2.08,14,0.33,0.06,0,0,0.079,0,4,30,0
42.14,16,4.68,17.5,1,1,0.333,0,0,968,0
74.42,21,6.22,15.31,1,0,0.086,0,3,738,0
13.31,21,16.9,8.78,0,0,0.159,0,0,30,0
20.68,18,18.19,11.02,0,0,0.397,1,3,1249,0
83.4,18,13.56,22.31,1,0,0.209,0,0,389,0
5.75,10,25.37,5.46,1,0,0.286,1,2,255,0
8.83,8,28.22,1.87,0,0,0.27,1,1,1212,0
26.36,13,14.82,15.39,1,1,0.18,0,2,581,1
15.61,16,30.93,14.3,1,0,0.313,0,4,1486,1
24.68,12,12.98,0.54,1,0,0.291,1,8,709,0
9.36,4,21.46,32.16,1,0,0.214,1,2,1059,0
41.03,0,0.74,13.5,0,0,0.474,1,2,1739,0
28.52,1,15.02,3.79,1,0,0.145,0,5,1657,0
57.35,10,31.87,14.5,0,0,0.472,1,0,798,0
40.46,18,17.06,12.84,1,0,0.334,0,3,545,0
40.72,18,5.89,6.28,1,0,0.44,1,1,983,0
7.8,19,20.31,10.91,0,0,0.262,1,4,1017,0
54.2,17,13.51,10.99,1,0,0.368,1,3,655,0
23.79,0,22.13,9.87,0,0,0.166,1,3,1592,0
28.03,21,8.17,9.1,1,0,0.329,0,2,381,0
94.47,22,14.38,12.97,1,0,0.558,0,0,818,0
16.13,20,5.57,11.3,0,1,0.247,0,2,806,0
127.89,10,10.5,5.49,1,0,0.293,1,2,509,0
140.4,5,19.02,2.96,0,0,0.101,1,3,552,0
70.3,21,2.44,10.85,1,1,0.672,0,0,529,1
12.42,4,14.99,17.39,1,0,0.422,1,1,1189,1
3.72,18,4.46,10.47,0,1,0.072,1,2,1098,0
97.4,23,12.69,5.39,1,0,0.099,1,3,377,0
37.02,21,3.76,1.01,1,0,0.118,1,0,30,0
15.72,12,64.63,32.96,1,0,0.574,0,3,992,1
107.08,20,31.75,13.8,0,0,0.153,1,1,1248,0
13.99,19,13.44,12.94,1,0,0.104,0,3,1110,0
21.67,23,45.29,6.33,0,1,0.683,1,1,248,1
55.97,8,8.44,1.08,0,0,0.134,0,5,1650,0
10.87,15,38.32,5.02,1,0,0.567,1,3,820,1
29.68,19,22.51,29.09,1,0,0.08,1,0,1005,0
98.41,5,8.8,2.24,1,0,0.365,0,1,744,0
40.9,5,25.96,0.76,0,0,0.468,1,5,946,0
115.29,9,32.89,32.62,0,0,0.656,1,1,504,0
102.88,8,15.47,3.87,0,0,0.151,1,2,316,0
33.37,18,30.01,7.91,0,0,0.193,0,2,1791,0
3.2,22,28.04,13.12,1,0,0.456,0,4,485,1
10.96,3,20.56,40.78,1,0,0.157,1,3,1541,1
71.05,7,3.74,28.55,1,0,0.389,0,5,700,0
7.03,22,19.92,8.87,0,0,0.338,0,2,2166,0
23.89,14,15.11,5.36,1,0,0.266,1,1,1447,0
46.45,4,24.59,2.63,0,0,0.264,1,4,978,1
143.97,14,6.11,13.98,1,1,0.34,1,3,611,0
18.63,21,30.67,10.53,1,0,0.26,1,2,685,0
17.4,8,10.03,0.96,0,0,0.539,1,0,1453,0
31.42,11,6.27,7.86,1,0,0.282,0,0,506,0
47.04,14,27.34,10.78,0,0,0.192,1,1,1926,0
28.38,20,46.15,15.06,0,0,0.419,0,1,675,0
94.56,13,18.06,3.27,1,0,0.227,0,2,1885,0
14.89,22,43.75,11.07,1,0,0.252,1,1,866,0
37.34,18,8.8,2.53,1,0,0.192,1,0,997,0
51.69,10,7.2,13.15,0,0,0.202,0,1,1319,0
22.19,11,36.33,7.62,0,0,0.471,1,4,1073,0
76.69,16,24.71,43.14,0,0,0.129,1,3,620,0
38.43,1,4.23,4.02,0,0,0.184,1,1,504,0
72.88,5,49.16,5.91,0,0,0.024,1,0,685,0
40.21,5,15.11,1.05,1,0,0.216,0,3,273,1
48.25,19,16.25,9.24,1,0,0.276,1,2,621,0
17.59,19,54.1,6.72,1,0,0.346,1,0,1003,0
17.62,19,44.64,10.12,1,0,0.222,1,2,162,0
112.66,2,42.16,8.78,1,0,0.765,1,2,387,0
62.52,7,8.83,43.73,1,0,0.345,0,4,837,1
11.91,7,20.51,14.22,0,1,0.195,1,4,249,0
39.68,0,23.74,18.38,1,0,0.36,1,5,30,0
3.08,6,6.61,10.4,1,0,0.109,0,1,293,0
18.65,10,4.39,11.91,1,0,0.583,1,0,390,0
86.58,21,14.28,10.05,0,0,0.103,1,1,1918,0
29.22,4,30.42,10.22,1,0,0.29,1,4,1146,0
37.26,20,0.58,5.36,1,0,0.107,0,1,867,0
1.62,19,17.34,18.0,0,0,0.107,1,1,776,0
22.37,3,5.05,45.79,1,0,0.207,1,0,425,0
46.45,6,32.6,10.38,1,0,0.274,0,3,720,0
52.74,10,21.21,3.48,0,0,0.117,1,1,997,0
86.69,22,4.94,21.49,0,1,0.365,0,0,1292,0
26.84,18,33.1,32.42,1,0,0.509,1,0,508,0
28.06,23,21.1,5.69,1,0,0.436,1,5,867,0
8.74,7,13.33,2.63,0,0,0.168,1,3,1320,0
26.99,21,65.21,16.47,0,0,0.253,1,3,679,0
9.38,22,14.56,10.68,0,1,0.276,0,1,434,0
5.22,14,10.13,15.24,1,1,0.869,1,2,1169,1
11.19,3,26.04,9.67,0,0,0.788,1,1,1187,0
149.71,6,51.1,7.87,0,1,0.334,1,1,629,0
25.27,3,0.68,3.76,0,1,0.281,0,0,315,0
41.26,19,38.04,13.62,0,0,0.109,0,1,161,0
19.82,7,26.94,2.16,1,0,0.448,1,1,785,0
5.53,16,45.48,17.94,1,0,0.22,0,2,645,0
84.45,6,39.85,16.99,1,0,0.44,0,2,1413,0
3.77,23,23.08,13.17,1,0,0.234,0,3,782,0
19.01,18,26.43,25.93,1,0,0.41,1,4,1964,1
31.36,9,18.13,7.21,0,1,0.182,0,3,1238,0
41.7,11,46.86,6.96,1,0,0.251,1,3,581,0
16.02,1,8.64,6.46,0,0,0.363,0,1,949,0
5.27,3,17.94,11.14,1,1,0.595,1,2,1629,0
14.86,23,30.51,8.51,0,0,0.412,1,5,1437,0
15.66,19,33.15,6.24,1,0,0.401,0,1,690,1
15.29,20,33.23,6.78,1,0,0.523,0,1,230,0
87.36,15,24.77,12.67,1,0,0.112,1,4,868,0
9.84,5,33.41,23.98,0,0,0.133,0,1,2252,0
44.74,2,26.35,5.23,1,0,0.319,0,4,1005,0
38.8,17,54.33,0.42,0,0,0.43,0,1,1492,1
86.53,7,8.34,16.17,1,0,0.456,1,1,737,0
28.99,0,33.31,3.49,1,0,0.368,1,4,900,0
73.05,0,15.86,23.93,0,0,0.309,1,2,1086,0
27.88,13,19.2,18.48,1,1,0.161,0,0,539,0
51.13,20,57.21,19.82,1,1,0.14,0,1,1202,0
7.37,8,56.65,10.11,0,0,0.208,1,0,602,0
2.37,23,46.85,22.97,1,0,0.092,1,3,1450,0
48.31,9,11.37,13.5,0,0,0.048,1,2,1438,0
50.97,17,10.36,12.58,1,0,0.402,0,1,1633,0
53.28,5,4.93,10.81,0,0,0.598,0,3,754,0
19.59,14,49.74,14.73,0,0,0.152,1,1,1484,0
146.9,6,6.82,1.71,1,0,0.252,0,2,635,0
20.91,18,13.56,6.17,0,0,0.362,0,1,1459,0
50.44,10,11.41,6.18,0,0,0.059,1,2,1124,0
60.02,1,10.19,8.76,0,1,0.04,1,1,963,0
184.7,5,2.35,3.29,0,0,0.388,1,1,1484,0
24.12,8,12.5,4.97,0,0,0.197,0,2,468,0
17.23,11,20.49,2.38,1,0,0.219,1,1,949,0
7.4,6,5.74,4.9,1,0,0.459,0,1,1305,0
156.39,13,8.91,3.94,1,0,0.005,1,2,97,0
50.47,23,44.76,4.78,1,0,0.148,0,4,608,1
52.09,17,7.49,18.8,1,0,0.42,0,3,705,0
747.48,7,16.45,8.99,1,1,0.171,0,3,322,1
45.83,16,17.38,7.65,1,0,0.072,1,2,751,0
9.0,23,9.07,25.78,1,0,0.33,0,1,1754,1
27.22,5,36.08,12.82,1,0,0.177,1,1,1258,0
12.49,5,43.5,13.71,1,0,0.104,1,3,635,0
22.29,0,4.31,10.85,0,0,0.042,1,4,1314,0
22.14,20,11.2,19.16,0,1,0.336,0,0,1479,0
18.41,19,8.44,21.58,1,1,0.073,0,4,420,0
8.22,9,13.66,12.38,0,0,0.364,1,4,1045,0
162.8,20,17.4,18.98,0,0,0.18,1,5,956,0
44.65,15,2.55,14.71,0,0,0.452,1,4,865,0
26.43,23,17.33,12.79,0,0,0.457,0,6,964,0
70.64,22,56.97,7.04,1,0,0.089,0,2,1228,0
53.04,23,40.63,4.66,1,0,0.316,1,1,650,0
43.63,9,20.32,1.77,1,0,0.094,1,2,981,0
65.69,15,3.17,31.34,1,0,0.354,1,2,30,0
37.86,4,32.49,19.13,1,0,0.258,0,3,662,0
64.73,21,12.26,6.37,1,0,0.273,1,2,30,0
70.32,7,38.24,1.36,1,0,0.527,0,7,731,1
38.97,10,33.99,14.79,0,0,0.293,1,1,302,0
26.57,14,13.53,7.28,1,0,0.105,1,4,895,0
152.99,18,16.26,19.94,0,1,0.315,0,2,483,0
20.53,17,8.67,3.64,1,1,0.318,0,3,538,0
48.98,22,3.41,6.14,1,0,0.31,0,0,952,1
50.09,17,17.08,8.0,1,0,0.216,1,1,709,0
18.0,19,28.99,16.5,1,0,0.263,0,2,984,0
14.76,13,18.75,5.06,1,0,0.493,1,2,335,0
23.25,9,15.58,14.94,0,0,0.324,1,0,680,0
20.24,21,26.29,1.91,0,0,0.276,1,3,1228,0
7.7,9,15.17,9.07,0,0,0.306,0,3,998,1
17.26,14,20.35,28.26,1,0,0.047,0,1,819,0
43.22,6,13.11,37.54,0,0,0.552,1,4,326,0
117.44,11,16.76,22.57,1,0,0.426,1,3,311,1
57.65,8,5.37,1.31,0,0,0.334,0,3,591,0
2.46,6,9.71,8.29,1,0,0.189,1,3,412,0
62.88,19,55.81,9.33,0,1,0.646,0,3,538,0
18.95,18,4.75,20.4,0,0,0.494,0,5,608,0
52.1,16,58.52,10.63,1,1,0.148,1,0,688,0
32.65,1,19.72,3.38,1,0,0.419,0,2,979,0
27.31,5,3.34,22.85,0,0,0.36,1,0,397,0
29.9,5,33.15,34.13,0,0,0.214,1,4,520,0
32.38,17,4.48,18.01,1,0,0.402,1,2,225,0
127.03,21,30.87,4.84,1,0,0.337,0,2,892,0
32.47,9,24.1,40.18,0,0,0.195,1,1,1367,0
98.06,7,18.65,19.32,0,0,0.506,1,2,1031,0
84.77,13,21.86,16.88,1,0,0.616,1,4,138,0
64.52,23,22.79,33.04,0,0,0.635,0,0,30,0
5.55,8,14.73,19.74,1,0,0.523,1,0,2101,0
101.15,6,61.51,8.6,1,0,0.072,1,4,1250,0
20.95,12,45.88,29.99,1,0,0.18,0,6,918,1
67.74,21,32.19,3.79,1,0,0.121,1,4,1327,0
12.52,17,13.14,4.61,1,0,0.564,1,6,816,0
10.12,12,12.07,5.81,0,0,0.221,1,2,887,0
238.98,17,22.7,10.93,1,1,0.36,1,0,475,0
12.72,0,12.17,12.38,0,1,0.109,1,0,774,0
104.18,18,14.84,8.07,0,0,0.374,0,1,965,0
37.28,2,32.64,8.46,1,0,0.187,1,1,776,0
21.76,9,47.14,12.91,1,0,0.316,0,2,805,1
31.66,8,23.13,3.8,1,0,0.031,0,3,51,0
9.02,16,20.81,15.73,0,0,0.143,1,2,1338,0
32.66,5,3.15,0.35,1,0,0.205,0,2,1169,0
11.22,5,31.47,9.69,1,1,0.124,0,2,96,0
22.3,21,34.11,5.77,0,0,0.297,1,3,568,0
83.54,11,40.14,38.98,0,1,0.609,0,2,108,0
42.7,17,89.48,7.5,1,0,0.233,1,5,1548,0
7.52,13,11.73,10.98,0,0,0.705,1,6,1618,0
77.59,14,51.79,7.86,1,0,0.344,0,3,981,0
32.88,16,48.13,3.07,1,0,0.225,1,0,879,0
19.26,16,21.11,2.92,0,0,0.304,0,4,1260,0
69.87,21,4.52,2.34,0,0,0.25,1,0,1309,0
28.02,18,44.14,9.56,0,0,0.157,1,6,1651,0
10.32,7,52.97,7.22,0,0,0.465,1,1,1529,0
210.15,4,6.19,1.28,0,0,0.338,0,4,1174,0
32.55,20,29.43,35.22,0,0,0.326,1,6,892,0
30.53,8,19.89,16.89,1,0,0.258,0,1,656,0
22.08,7,19.02,11.17,1,0,0.21,1,3,1296,0
107.77,2,3.32,0.66,1,0,0.278,1,2,617,0
19.59,13,43.36,13.7,0,0,0.191,0,1,996,0
7.06,12,13.25,10.62,1,1,0.241,1,3,580,0
16.8,19,67.51,19.76,1,1,0.343,0,1,167,0
124.81,17,15.68,4.71,1,1,0.301,0,3,1026,0
76.11,17,11.78,6.13,0,0,0.295,1,4,1355,0
25.66,12,12.98,12.1,1,0,0.23,1,1,397,0
130.75,20,16.35,5.89,0,0,0.16,1,1,516,0
69.96,23,15.96,13.54,1,0,0.527,0,2,1090,1
25.37,19,43.47,2.96,1,0,0.17,0,1,703,0
28.05,8,15.83,8.89,0,0,0.506,1,1,988,0
46.03,6,48.68,4.79,1,0,0.317,1,2,1050,0
14.41,0,42.72,18.98,1,0,0.406,1,3,1692,0
33.26,23,38.65,41.73,0,0,0.111,0,1,1457,0
45.08,17,33.79,34.35,1,0,0.356,1,0,1447,0
6.13,22,7.16,1.06,1,0,0.03,1,5,1423,0
27.4,18,35.5,14.54,1,0,0.238,0,2,1107,0
24.46,10,42.82,4.71,1,0,0.336,0,2,1369,0
92.58,3,50.81,2.87,1,0,0.515,1,2,1350,0
5.24,1,3.59,14.21,1,0,0.327,0,2,30,1
22.61,19,41.33,2.87,1,0,0.194,1,2,1146,0
20.46,7,3.72,23.87,0,0,0.155,1,1,1656,0
86.49,9,30.61,14.46,1,0,0.264,0,2,1098,0
31.7,20,26.85,20.15,1,0,0.421,1,2,514,0
199.56,11,8.61,12.13,0,0,0.113,0,4,1352,0
64.21,22,20.77,2.47,0,0,0.556,1,2,323,0
21.97,13,17.53,6.95,1,1,0.585,1,0,980,0
42.08,19,28.09,27.21,1,0,0.298,1,0,1174,0
23.24,3,20.1,8.6,1,0,0.213,0,2,1941,1
78.21,9,25.27,8.04,0,0,0.207,1,1,1477,0
8.74,4,15.09,29.52,0,0,0.239,1,0,941,0
14.53,1,83.64,11.78,0,0,0.219,1,3,1142,0
52.23,23,25.79,25.02,1,0,0.612,0,2,168,1
112.82,12,13.09,8.73,1,0,0.277,1,1,836,0
3.66,8,12.39,3.67,1,0,0.142,0,3,323,0
130.9,9,34.18,8.54,0,0,0.141,0,2,2005,0
28.79,5,112.55,10.65,1,0,0.084,1,3,653,0
5.03,2,46.17,23.18,1,0,0.223,1,1,487,0
1.65,21,19.22,15.59,1,0,0.222,0,2,800,0
7.18,2,3.08,9.84,0,0,0.612,0,3,1443,0
32.47,9,9.11,8.26,0,0,0.374,1,1,813,0
31.0,3,11.47,40.28,1,0,0.121,1,1,701,0
62.38,22,2.85,14.55,1,0,0.299,1,1,886,0
19.12,4,16.66,30.41,0,0,0.444,0,1,1162,0
10.93,9,31.1,4.57,0,0,0.097,0,3,378,0
21.91,18,14.0,6.62,1,0,0.257,1,1,1340,0
34.25,13,36.93,23.35,0,0,0.269,1,2,1276,0
41.71,9,12.23,3.87,0,0,0.294,1,4,1438,0
15.04,13,5.04,4.11,1,0,0.082,0,1,621,0
81.57,10,10.4,3.32,0,0,0.319,1,5,884,0
17.79,6,9.33,5.75,1,0,0.241,1,1,1299,0
13.88,14,3.8,12.22,0,0,0.56,1,2,1545,0
19.25,8,7.49,15.46,0,0,0.157,1,0,1645,0
97.01,23,2.3,11.27,1,0,0.351,0,2,558,0
29.0,11,2.1,7.19,1,0,0.565,0,2,886,1
16.54,18,13.75,10.18,0,0,0.098,1,0,776,0
83.61,5,11.29,30.64,0,1,0.115,0,2,1462,0
282.24,15,71.89,9.92,1,0,0.537,1,3,846,0
40.84,13,7.83,6.68,1,0,0.098,0,1,1328,0
113.73,17,12.94,0.32,1,0,0.092,0,2,626,0
93.32,11,22.12,9.11,1,0,0.202,1,0,101,0
18.07,17,38.86,22.53,0,1,0.201,0,1,767,0
34.01,1,49.49,1.23,0,0,0.271,0,1,667,0
9.18,16,22.35,2.36,1,0,0.169,0,3,509,0
26.98,18,16.87,5.95,0,0,0.163,1,1,496,0
17.7,11,9.88,5.11,1,0,0.278,1,2,186,1
22.13,0,20.16,10.77,0,1,0.174,1,3,583,0
15.64,13,46.72,37.23,0,0,0.575,1,2,504,0
24.85,18,19.6,3.1,1,0,0.168,0,0,1363,0
56.39,11,26.27,4.99,0,0,0.534,1,0,596,0
29.39,2,35.5,8.42,0,1,0.19,1,2,983,0
5.13,9,24.63,4.58,1,0,0.168,1,2,1034,0
15.7,23,28.15,10.72,1,0,0.344,0,3,546,0
7.25,6,24.06,15.03,1,0,0.356,0,4,2030,0
42.27,12,7.09,5.14,0,0,0.086,1,1,1195,0
54.78,8,20.54,19.9,1,0,0.522,0,0,1036,0
42.8,17,22.4,6.85,1,0,0.118,1,1,1075,0
15.07,10,60.09,4.53,1,1,0.126,0,2,831,1
42.39,9,10.02,1.71,1,0,0.401,0,0,545,1
20.69,13,21.59,16.34,1,0,0.419,1,2,680,0
10.61,13,13.68,12.51,1,0,0.532,1,0,590,0
69.54,11,56.55,2.89,0,0,0.598,1,3,613,1
75.04,6,42.22,3.96,1,0,0.54,1,0,988,0
85.53,2,21.27,11.62,0,0,0.439,0,0,30,1
18.02,16,0.34,15.49,1,0,0.497,0,0,932,0
107.7,8,43.59,12.9,1,0,0.14,1,2,772,0
20.21,14,4.12,16.27,0,0,0.199,1,2,1046,0
63.66,9,2.43,46.11,1,0,0.182,1,3,2027,0
19.87,20,37.05,20.18,1,0,0.111,1,0,213,0
26.47,16,27.15,16.7,1,0,0.337,1,1,282,1
2.94,9,25.22,5.66,1,0,0.219,1,3,843,0
24.49,7,10.46,2.54,1,1,0.141,0,3,1889,1
36.27,17,3.37,27.25,0,0,0.164,1,2,85,0
21.98,0,0.56,5.96,1,0,0.107,0,0,850,0
191.75,1,25.11,13.98,0,0,0.261,1,2,554,0
10.36,2,5.07,1.59,1,0,0.222,1,2,855,0
18.85,8,28.63,0.86,1,0,0.09,1,2,268,0
13.4,11,5.88,20.03,0,0,0.132,0,4,737,0
18.84,7,21.69,4.42,0,0,0.354,0,1,1132,0
92.89,4,6.8,13.88,1,0,0.386,1,1,612,0
145.19,7,34.59,4.48,1,0,0.267,1,3,1253,0
16.43,11,24.28,15.2,1,0,0.382,1,2,1842,0
16.07,7,20.15,8.91,0,0,0.12,1,3,1248,0
10.41,13,8.01,7.5,0,0,0.193,1,0,1463,0
122.28,9,3.88,12.78,0,0,0.179,0,2,1290,0
101.6,22,25.24,14.58,1,0,0.201,1,4,726,0
29.79,23,10.72,4.9,1,0,0.146,0,3,30,1
8.2,15,19.08,13.97,0,0,0.324,1,4,462,0
8.97,13,18.15,14.92,0,0,0.502,1,1,1395,0
39.28,0,17.14,19.73,0,0,0.036,0,6,303,0
57.36,14,42.58,25.06,1,0,0.246,0,3,836,0
4.19,9,17.45,9.25,1,1,0.215,1,2,914,0
24.02,6,6.95,4.52,0,0,0.187,1,4,377,0
167.05,19,30.16,3.42,0,0,0.082,0,3,1685,0
26.64,1,29.36,5.29,0,0,0.232,1,4,1162,0
146.88,6,9.65,5.75,0,0,0.052,1,1,1669,0
63.37,18,8.07,6.7,1,0,0.4,1,1,1519,0
11.2,22,24.16,9.0,1,0,0.278,1,1,1327,0
24.71,12,5.39,10.98,1,0,0.227,1,3,30,0
29.12,12,24.39,11.57,1,0,0.127,1,1,360,0
12.77,23,51.23,17.6,0,0,0.03,0,1,912,0
12.56,2,29.87,27.12,1,0,0.248,0,2,808,0
149.42,11,53.26,11.66,1,0,0.411,1,4,653,1
12.46,5,19.19,5.76,1,0,0.561,1,3,871,1
97.36,11,19.14,17.31,0,0,0.28,0,0,2236,0
21.4,21,20.99,16.44,0,0,0.703,0,2,864,0
32.28,14,26.28,5.18,1,1,0.626,1,2,775,0
58.08,23,25.09,16.66,0,0,0.096,1,4,901,0
18.2,12,8.35,3.39,0,0,0.248,1,3,1141,0
58.43,20,17.84,2.58,0,0,0.228,1,3,1137,0
4.28,4,41.56,3.63,1,0,0.301,0,4,958,1
51.4,7,6.68,17.62,1,0,0.132,0,4,572,0
2.81,6,20.96,7.38,0,0,0.376,1,1,532,0
26.39,18,25.91,19.39,1,0,0.227,0,4,843,0
77.81,12,25.91,28.99,1,0,0.454,1,1,670,0
61.7,5,3.77,27.86,1,1,0.287,1,1,362,0
9.04,4,6.5,5.01,1,0,0.241,1,0,238,0
10.28,9,40.45,7.69,1,0,0.444,1,3,1228,0
16.63,3,39.98,9.24,1,0,0.223,0,3,279,0
39.89,16,18.49,32.24,1,1,0.379,1,2,1031,1
4.34,20,23.29,4.91,0,0,0.228,0,3,1811,0
32.68,23,7.35,21.99,0,0,0.632,1,3,30,0
45.22,5,4.88,13.88,1,0,0.158,1,4,867,0
24.95,10,2.57,0.32,0,0,0.038,1,1,565,0
56.0,12,4.77,7.13,1,0,0.36,1,4,795,0
41.42,11,23.27,3.15,0,1,0.272,1,1,274,0
19.27,10,16.31,6.89,1,0,0.156,1,5,501,0
4.78,5,20.04,0.35,0,0,0.482,1,3,1388,0
37.84,2,19.77,33.79,1,0,0.274,1,1,1420,0
12.77,9,6.31,6.25,1,0,0.272,1,4,959,0
18.57,2,24.39,6.96,0,0,0.283,1,0,348,0
53.47,1,44.37,31.32,0,0,0.18,1,3,767,0
136.64,12,6.41,2.06,1,0,0.044,0,2,1833,0
31.88,20,17.33,14.35,1,1,0.129,1,4,653,1
57.63,12,30.86,4.38,0,0,0.379,1,1,2181,0
7.81,0,39.89,0.9,0,0,0.224,1,1,1055,0
42.33,20,26.6,15.91,0,0,0.174,1,2,854,0
31.19,16,7.32,25.64,1,0,0.307,0,0,856,0
113.21,7,2.22,8.74,0,0,0.222,1,2,654,0
19.29,6,13.7,17.99,0,0,0.34,1,2,731,0
26.01,21,15.67,4.89,0,0,0.573,0,1,1407,0
95.47,11,39.93,14.77,1,0,0.19,0,2,1693,0
30.2,3,12.61,9.53,1,0,0.178,1,6,420,0
10.93,6,6.22,5.5,1,0,0.292,1,2,1008,0
424.81,6,9.04,2.98,0,0,0.144,1,2,30,0
11.26,9,26.41,25.27,1,0,0.253,1,0,380,0
31.04,8,18.31,9.87,0,0,0.103,1,3,1070,0
46.84,13,15.85,6.48,1,1,0.198,1,2,975,0
43.28,7,40.67,7.34,0,0,0.141,1,6,1310,0
27.39,15,1.13,15.16,1,0,0.11,0,3,953,0
27.53,11,35.42,17.51,0,0,0.263,1,1,833,0
26.18,22,0.25,9.59,0,0,0.357,1,2,30,0
10.85,19,34.04,14.1,0,0,0.618,1,4,938,0
284.35,7,20.75,6.87,1,0,0.449,1,3,914,0
26.58,1,19.7,7.75,1,0,0.422,1,4,223,0
60.16,14,20.06,16.13,0,0,0.317,0,4,826,0
23.7,8,34.02,6.63,0,0,0.212,0,3,983,0
23.23,21,5.99,2.7,0,0,0.243,1,3,1359,0
21.0,9,28.64,15.42,1,0,0.355,1,1,1812,0
7.03,6,34.76,13.19,1,0,0.203,0,4,157,1
28.2,8,16.62,19.98,0,0,0.325,0,0,192,0
22.04,20,10.32,15.23,0,0,0.315,1,3,209,0
106.86,2,2.9,12.88,1,0,0.379,0,1,1036,0
10.01,22,99.99,2.24,0,0,0.343,0,4,270,1
18.59,5,19.98,9.35,0,0,0.128,1,2,874,0
13.48,20,2.32,5.79,0,1,0.217,0,2,1122,0
140.12,13,6.96,15.13,0,1,0.346,1,2,189,0
13.88,13,10.92,33.73,1,0,0.158,0,2,951,1
58.11,4,35.38,17.23,0,0,0.247,0,2,1087,0
87.37,17,6.96,2.04,0,0,0.316,1,2,98,0
28.61,15,10.44,12.26,0,0,0.073,0,3,564,0
8.36,11,31.17,5.83,1,0,0.155,1,1,336,0
8.46,10,13.2,16.47,0,0,0.52,0,2,864,0
78.24,14,19.32,18.75,1,0,0.3,1,4,376,0
9.39,11,4.38,9.1,1,0,0.083,0,3,2490,0
49.01,23,5.45,6.7,1,1,0.483,1,1,1133,0
37.13,0,6.22,12.85,0,0,0.257,0,1,757,0
48.29,6,17.2,5.16,1,1,0.604,1,2,953,0
53.07,20,19.15,19.19,0,0,0.221,1,3,706,0
13.02,19,20.72,15.33,0,0,0.304,1,1,686,0
12.48,8,40.56,6.43,0,0,0.199,0,1,643,0
67.69,12,10.25,3.19,0,0,0.056,1,4,765,0
17.65,0,3.41,11.73,1,0,0.384,0,1,1035,0
2.12,4,31.83,22.08,1,0,0.574,0,2,359,1
63.36,22,21.58,18.14,1,0,0.234,1,4,172,1
11.75,15,30.24,2.65,0,1,0.161,0,2,1298,0
52.83,0,21.53,14.06,0,0,0.337,1,2,1647,0
133.33,19,11.25,15.33,1,0,0.155,1,3,803,0
33.68,9,11.25,7.85,0,0,0.083,0,3,919,0
89.64,13,9.19,9.91,0,1,0.176,0,1,851,0
38.62,20,45.32,17.38,0,0,0.207,1,1,813,0
161.97,20,74.84,10.87,1,0,0.528,1,2,1391,0
11.45,3,27.62,4.2,0,0,0.057,0,2,636,0
32.84,8,14.62,6.32,1,0,0.158,1,2,1337,0
64.92,6,9.87,4.33,1,0,0.484,1,1,643,0
27.37,21,24.44,19.08,1,0,0.175,0,1,735,1
104.82,18,4.44,13.62,1,0,0.473,1,2,616,0
21.5,15,26.92,2.22,0,0,0.562,1,3,222,0
262.27,1,9.34,13.37,1,0,0.076,0,1,1031,0
276.5,19,0.44,20.26,1,0,0.496,0,2,1155,1
43.91,13,53.64,7.9,1,0,0.304,0,3,370,0
57.55,6,32.47,12.65,1,0,0.184,0,1,1014,0
109.04,10,3.88,10.46,0,0,0.09,1,1,741,0
10.1,10,36.53,2.97,0,1,0.408,1,1,798,0
8.92,7,9.19,13.42,1,0,0.159,1,1,715,0
116.33,21,35.97,5.69,0,0,0.29,0,4,965,0
43.55,22,17.0,28.45,0,0,0.344,1,0,842,0
26.4,1,17.96,2.75,1,0,0.493,1,0,878,0
33.49,22,19.18,9.47,0,0,0.351,1,1,1153,0
3.05,9,17.13,21.18,1,0,0.52,0,1,1146,0
27.37,19,6.74,6.42,1,1,0.43,1,2,408,1
15.6,18,53.74,13.2,0,0,0.382,1,0,1332,0
82.94,14,27.49,74.81,0,0,0.109,0,1,1410,0
89.57,17,5.21,19.99,1,0,0.162,1,1,626,0
58.95,16,10.48,13.79,0,1,0.193,0,0,30,1
49.18,20,54.19,18.03,0,0,0.33,1,5,319,0
7.41,10,3.77,14.4,0,0,0.462,0,2,1085,0
59.78,17,26.75,4.0,1,0,0.079,0,2,685,0
62.14,23,6.26,12.86,1,1,0.169,1,4,1106,0
115.03,22,8.96,44.06,1,1,0.059,1,1,1786,0
275.4,3,17.07,24.78,1,1,0.307,1,2,389,1
6.09,11,24.94,7.36,0,0,0.473,1,1,814,0
22.46,12,19.68,8.22,1,0,0.486,1,3,1565,0
15.76,14,52.56,46.29,0,0,0.34,1,2,643,0
39.35,15,29.86,9.46,1,0,0.254,0,1,143,0
33.56,20,42.39,6.54,1,0,0.453,1,2,918,0
26.2,12,16.35,4.14,1,0,0.128,0,7,1692,0
92.54,16,31.43,11.19,0,0,0.319,1,1,1296,0
11.01,21,42.72,6.15,1,0,0.091,1,4,343,0
11.69,2,23.23,10.79,0,0,0.526,0,4,502,0
11.89,15,22.67,13.47,1,0,0.08,0,4,30,1
23.1,8,26.39,27.18,0,0,0.679,1,3,1127,0
9.69,21,26.27,8.07,1,1,0.199,1,1,1287,0
31.55,13,23.67,0.61,0,0,0.184,1,8,963,0
28.06,14,34.48,7.68,1,0,0.636,0,4,602,0
15.08,18,16.09,7.78,0,1,0.201,1,3,980,0
79.34,5,49.96,7.2,0,0,0.326,1,0,154,0
31.2,13,1.59,9.09,1,0,0.104,0,2,706,0
95.84,18,30.93,1.07,1,0,0.148,0,2,1174,0
27.25,18,47.93,2.89,1,0,0.241,1,2,1211,0
32.32,5,10.34,6.89,1,0,0.384,1,3,1052,0
18.86,20,12.86,19.97,0,0,0.111,0,5,30,0
32.88,3,50.69,9.65,1,0,0.662,0,2,266,0
67.51,6,30.74,15.35,1,0,0.52,1,1,605,0
21.95,20,32.39,2.44,1,0,0.255,1,2,1408,1
55.61,14,15.35,4.7,0,0,0.359,0,6,711,0
14.69,13,14.27,2.24,1,0,0.06,1,1,795,0
70.74,13,15.39,3.56,1,0,0.325,1,2,1069,0
18.54,23,13.96,4.52,0,0,0.496,1,0,852,0
77.61,5,15.6,32.25,1,0,0.318,0,4,878,0
35.2,7,28.35,2.35,1,1,0.171,1,3,438,0
151.56,11,13.52,8.5,1,0,0.242,0,2,543,0
10.44,20,6.32,4.91,0,0,0.571,0,1,967,0
7.57,13,46.18,6.09,1,0,0.257,0,1,1660,0
17.88,17,10.25,1.71,0,0,0.242,0,3,459,0
8.29,19,12.84,5.07,1,1,0.547,1,1,732,0
8.31,21,4.3,16.27,0,0,0.155,1,2,1032,0
61.65,11,22.91,8.42,0,0,0.138,0,2,1696,0
32.98,10,9.92,13.06,0,0,0.28,1,1,1327,0
20.5,1,6.06,2.7,1,0,0.238,0,0,247,0
22.49,1,36.86,17.93,0,1,0.424,0,1,673,0
18.22,11,61.0,8.96,1,0,0.218,1,3,621,0
172.5,17,11.37,6.23,1,0,0.119,0,1,311,0
15.87,20,31.03,7.15,0,0,0.345,1,4,867,0
8.83,9,24.29,10.08,0,0,0.485,0,1,1651,0
73.41,13,20.94,9.71,0,0,0.819,1,5,965,0
26.69,19,5.78,27.18,1,0,0.427,1,2,1003,0
254.37,7,22.56,10.44,0,1,0.355,1,4,344,1
19.57,3,32.01,10.09,0,0,0.543,1,3,1376,0
77.17,22,72.94,8.07,0,0,0.45,1,0,1072,0
97.73,13,1.91,12.02,0,0,0.562,1,2,1054,0
19.66,3,30.73,19.4,1,0,0.201,0,2,1334,0
15.75,6,20.92,0.83,1,0,0.282,1,3,592,0
69.5,7,15.73,0.67,1,0,0.271,0,0,178,0
58.84,4,46.49,7.77,1,0,0.202,1,3,1015,1
8.08,10,11.17,4.2,1,0,0.233,1,2,784,0
10.71,19,60.11,9.6,1,0,0.107,0,2,697,0
2.62,17,1.6,9.81,0,0,0.446,1,1,1671,0
60.06,22,13.79,7.67,0,0,0.141,0,2,1447,0
25.49,20,37.36,23.71,0,0,0.291,0,1,1015,0
28.16,7,21.81,3.75,1,0,0.281,1,2,395,1
6.1,1,9.91,4.68,1,0,0.195,0,3,2789,0
11.04,3,11.76,29.22,0,0,0.174,1,3,1139,0
20.53,19,27.02,2.23,0,0,0.156,0,1,880,0
16.91,8,8.72,7.19,0,0,0.292,1,2,586,0
37.26,17,51.56,6.47,0,0,0.345,0,3,781,0
59.35,10,17.55,13.87,1,0,0.235,0,1,436,0
320.41,21,16.17,8.57,0,0,0.139,1,3,299,0
32.46,12,24.69,1.83,1,0,0.106,1,2,793,0
101.03,21,4.34,5.51,1,0,0.3,0,5,1396,0
14.44,6,21.9,4.86,1,0,0.087,1,1,859,0
6.2,18,80.61,16.15,0,0,0.153,1,5,30,0
23.28,12,17.12,29.12,1,0,0.22,1,0,1701,0
6.7,4,21.29,23.74,1,0,0.064,1,3,187,0
33.6,5,33.65,8.31,0,0,0.373,1,2,439,0
15.17,7,50.62,20.32,1,0,0.128,0,3,1381,1
4.69,3,21.71,20.61,0,0,0.52,0,1,1202,0
187.92,22,15.49,34.0,0,1,0.074,1,1,1561,0
19.35,5,36.42,6.14,1,0,0.193,1,1,1288,0
6.44,14,8.62,15.49,1,0,0.193,1,1,1349,0
81.3,13,49.69,4.41,1,1,0.072,0,0,522,0
15.98,12,40.12,1.93,0,0,0.399,1,1,604,0
98.51,15,35.63,2.59,0,0,0.199,1,5,1041,0
15.9,21,25.54,12.46,1,0,0.119,1,2,698,0
19.28,23,30.32,4.85,0,0,0.547,0,1,987,0
46.75,20,30.3,2.66,1,0,0.204,0,2,1533,0
59.93,11,23.54,29.71,1,0,0.455,0,2,1285,0
71.41,17,11.25,12.24,0,0,0.173,0,2,1569,0
30.27,4,31.0,26.15,0,0,0.417,1,0,817,0
56.18,21,5.62,6.3,1,0,0.35,1,3,821,0
69.8,4,6.89,18.34,0,0,0.408,0,2,1369,0
40.47,2,51.6,3.29,1,0,0.406,1,1,30,0
28.71,19,6.73,4.84,1,0,0.498,1,0,1490,0
7.8,18,43.54,6.07,1,0,0.641,0,0,758,0
60.29,3,6.47,4.94,1,0,0.145,1,2,675,0
34.54,23,16.37,2.44,1,0,0.484,0,4,449,0
21.9,2,17.83,5.31,0,0,0.197,1,0,1019,1
118.84,1,3.94,1.42,1,0,0.318,1,2,1280,0
7.94,22,28.28,9.55,0,0,0.187,0,1,1009,0
171.41,5,4.78,22.17,1,0,0.473,0,2,187,0
32.39,5,5.13,4.28,0,0,0.579,1,1,1574,0
45.49,19,4.55,7.62,1,1,0.445,1,2,30,0
22.31,14,1.55,20.59,0,0,0.378,0,2,1145,0
6.25,12,35.11,30.28,1,0,0.556,1,3,504,0
28.8,23,11.68,19.32,1,0,0.446,0,2,528,1
46.28,2,14.43,9.79,1,0,0.324,0,2,30,0
65.12,22,16.19,14.22,0,1,0.029,1,1,165,0
27.17,6,12.2,15.34,0,0,0.13,1,2,1628,0
3.7,14,6.18,14.42,0,1,0.489,0,1,892,0
7.09,7,11.02,4.81,1,0,0.366,1,3,845,1
257.76,7,16.09,17.5,0,0,0.209,1,1,907,0
11.11,7,5.78,21.88,1,0,0.267,1,1,1317,0
137.97,13,11.41,0.3,1,0,0.453,0,1,910,0
13.01,21,38.87,6.12,1,1,0.183,0,3,1001,0
27.59,2,10.94,13.2,0,1,0.17,1,1,993,0
61.88,15,24.91,10.9,0,0,0.29,1,0,837,0
14.58,20,27.74,13.44,0,0,0.29,1,3,670,0
162.75,17,2.82,2.89,1,1,0.503,0,3,1243,0
35.72,23,28.25,0.26,1,0,0.07,0,1,567,0
52.5,0,35.34,10.19,1,1,0.165,0,1,1462,0
25.34,8,25.69,8.27,0,0,0.381,1,2,1382,0
63.99,10,13.14,21.52,1,0,0.071,1,0,1391,0
160.58,12,4.47,13.34,0,0,0.11,1,2,410,0
29.04,7,26.67,0.31,1,1,0.038,1,3,1482,0
186.74,6,11.53,13.62,0,0,0.316,0,0,1322,0
17.96,20,14.89,26.69,0,0,0.092,1,1,144,0
71.1,5,8.33,20.91,0,0,0.593,0,1,651,1
54.01,22,16.25,13.37,0,0,0.321,1,6,1876,0
11.37,0,15.46,5.42,1,0,0.188,1,3,790,0
41.01,10,6.55,7.44,1,0,0.486,1,4,1675,0
33.36,14,24.05,7.25,1,0,0.177,1,1,1435,0
14.11,23,51.5,15.43,0,1,0.542,0,1,527,0
47.37,18,37.41,14.62,1,0,0.258,0,3,1155,0
38.33,0,54.57,9.51,0,0,0.197,1,3,855,0
30.8,17,10.94,19.66,0,0,0.09,1,1,81,0
30.92,7,7.4,4.2,1,0,0.226,1,3,681,0
30.26,20,2.29,18.37,1,0,0.526,1,0,1371,0
22.93,18,13.66,30.71,1,0,0.336,1,3,812,0
38.09,4,15.3,24.52,1,0,0.521,0,0,379,0
17.39,8,18.21,18.51,1,0,0.235,1,0,1456,0
471.92,19,6.24,5.27,1,1,0.198,0,1,848,0
8.09,22,20.92,11.86,1,0,0.222,1,1,1594,0
18.45,14,17.16,15.22,1,0,0.26,1,1,373,0
19.97,5,21.2,11.33,1,0,0.433,1,0,1747,0
254.8,9,24.89,15.12,1,0,0.613,1,2,1144,1
8.85,19,18.87,37.57,0,0,0.384,0,2,1273,0
50.7,14,36.62,23.88,0,0,0.268,0,2,1208,0
42.45,4,23.57,33.02,1,0,0.349,1,3,821,1
46.23,6,17.57,22.93,1,1,0.108,1,1,273,0
114.02,4,9.43,7.54,0,0,0.488,0,2,346,0
111.7,11,14.0,3.2,1,0,0.397,0,3,1394,0
21.1,10,4.23,7.35,0,0,0.394,0,2,853,0
40.21,13,31.45,10.88,0,0,0.322,0,4,1274,0
5.13,22,9.49,21.84,0,1,0.276,1,2,1041,0
36.57,15,7.24,18.94,1,0,0.151,0,4,905,0
14.97,14,4.92,4.17,1,0,0.214,1,2,968,0
27.48,8,8.81,11.59,1,1,0.313,1,0,1466,0
6.14,15,11.32,26.78,1,0,0.478,0,4,476,0
49.64,22,41.98,4.33,0,0,0.594,1,1,797,0
6.07,0,9.3,8.62,0,0,0.106,0,1,1278,0
38.41,8,48.89,7.08,0,0,0.057,0,3,30,0
9.71,1,42.32,20.18,1,0,0.329,1,1,1051,0
14.16,4,41.17,34.03,1,1,0.144,0,2,514,1
105.08,1,26.95,6.63,1,0,0.41,0,1,1181,0
59.62,14,3.16,5.24,0,0,0.672,1,1,89,0
104.5,19,37.88,2.35,1,0,0.404,1,0,1321,0
157.55,22,3.63,10.37,0,0,0.247,0,2,124,0
15.29,5,6.52,21.15,0,0,0.062,1,4,471,0
148.26,16,11.26,1.3,1,0,0.418,0,5,939,1
7.65,7,9.61,9.13,0,0,0.246,0,0,433,0
69.83,7,32.67,13.37,1,0,0.117,0,4,866,0
20.22,14,29.71,18.92,1,0,0.393,0,4,350,0
13.06,16,15.62,12.77,1,0,0.847,1,4,676,0
61.22,14,26.65,2.97,1,0,0.276,1,1,1272,0
85.2,2,19.39,5.49,0,0,0.129,0,2,1032,0
82.7,9,17.01,28.96,0,0,0.385,0,3,1596,0
41.05,6,12.4,16.78,0,1,0.264,1,0,737,0
37.79,0,8.38,6.52,1,0,0.524,1,2,1318,1
56.08,0,0.65,9.0,0,0,0.253,1,2,1177,0
44.87,10,32.05,3.65,0,0,0.097,0,1,1923,0
56.9,2,9.04,1.06,1,0,0.066,1,0,2323,0
40.61,17,9.85,9.66,1,0,0.187,0,0,1154,0
76.92,1,8.49,5.04,0,0,0.114,1,2,573,0
6.51,5,21.24,13.77,0,0,0.523,0,2,593,0
29.04,23,25.29,39.96,0,0,0.124,0,2,1344,0
8.3,17,10.3,13.05,0,0,0.69,0,3,655,0
43.67,13,17.54,13.04,1,0,0.075,0,1,1016,0
171.05,0,10.91,20.91,0,1,0.526,1,3,328,0
20.61,1,32.1,2.31,1,0,0.048,1,4,788,0
37.61,21,22.75,15.22,1,1,0.401,1,0,807,0
70.56,19,1.68,3.55,1,0,0.224,0,3,775,0
4.19,22,24.59,20.55,0,0,0.086,1,2,1520,0
19.65,19,18.53,13.0,0,0,0.421,0,0,1125,0
47.68,0,7.78,2.63,1,0,0.177,1,3,1294,1
1.83,19,6.79,13.2,0,0,0.418,0,3,1094,0
12.47,10,29.47,1.89,1,0,0.359,0,1,229,0
99.57,16,30.88,2.52,1,1,0.205,1,1,1211,0
90.29,9,19.37,1.66,1,0,0.257,1,3,460,1
48.15,17,10.48,21.65,1,0,0.231,1,2,578,0
80.01,20,8.0,14.2,1,0,0.181,0,2,591,0
41.06,23,8.31,10.95,0,0,0.219,0,3,1775,0
57.71,12,12.67,4.05,0,0,0.086,1,4,1006,0
24.15,6,36.08,15.38,0,0,0.357,0,0,1048,0
37.18,14,2.73,11.22,1,0,0.452,0,1,1600,0
17.6,11,17.14,5.87,0,0,0.316,1,1,621,0
117.15,4,12.78,12.15,0,0,0.268,0,2,1601,0
151.65,17,23.07,14.3,1,0,0.321,1,1,658,1
131.62,1,6.39,2.88,1,0,0.086,1,1,828,0
22.02,9,14.1,26.27,1,0,0.144,1,1,647,0
12.76,16,30.42,8.49,0,0,0.4,1,2,571,0
118.74,22,19.54,14.85,1,0,0.459,1,2,830,0
57.05,14,11.16,7.88,0,1,0.373,1,4,1388,0
46.0,23,7.6,13.16,1,0,0.353,0,0,1954,0
17.57,19,42.38,6.77,1,0,0.301,1,7,30,0
50.69,5,4.42,7.35,1,0,0.152,1,2,1565,0
11.19,20,46.56,6.64,1,0,0.09,1,3,961,0
62.43,8,19.13,10.83,0,0,0.343,1,2,799,0
131.48,15,15.27,17.36,0,0,0.241,1,5,860,0
169.19,4,35.57,17.66,0,0,0.148,1,3,1555,0
67.26,12,36.75,16.86,1,1,0.423,1,1,1260,0
8.31,16,18.04,11.81,0,0,0.28,1,1,593,0
40.34,21,23.67,5.97,0,0,0.544,0,2,1282,0
281.37,22,5.6,17.08,0,0,0.513,0,1,841,0
13.89,19,14.17,10.73,1,0,0.122,1,3,577,0
31.21,13,9.35,5.19,0,1,0.498,1,1,284,0
136.12,21,42.88,8.38,1,0,0.121,1,1,434,1
61.38,2,40.0,18.72,1,0,0.132,1,1,1057,0
395.5,23,5.74,3.1,0,0,0.258,0,1,618,0
15.91,4,5.37,27.39,1,0,0.333,0,3,1122,0
12.31,9,14.75,43.25,1,0,0.217,0,2,1417,0
112.63,21,47.73,6.0,0,0,0.429,1,4,741,0
10.02,17,11.71,6.8,0,0,0.326,1,3,778,0
27.2,20,71.29,7.95,1,0,0.243,1,1,170,0
31.01,16,4.57,5.76,1,0,0.069,1,4,1504,0
93.32,14,9.02,34.53,0,0,0.251,1,1,1383,0
61.21,4,5.56,7.94,1,0,0.086,0,1,819,0
52.3,23,18.27,2.74,1,0,0.423,1,2,721,0
22.14,15,11.45,11.34,1,0,0.295,1,3,825,0
111.61,16,44.7,4.16,1,0,0.196,0,1,987,0
1855.34,10,10.62,1.97,1,0,0.093,0,4,1127,0
66.11,22,31.32,4.74,1,0,0.072,1,3,870,0
36.59,10,5.93,5.27,1,1,0.253,1,3,877,1
9.04,4,13.43,7.99,0,0,0.234,0,1,1288,0
17.51,4,2.18,1.23,1,0,0.098,1,1,1183,0
26.74,16,48.3,32.43,1,0,0.363,1,2,1782,0
19.4,17,14.69,12.62,0,0,0.164,1,4,1403,0
32.59,4,31.16,15.94,0,0,0.275,1,1,291,1
195.98,16,3.31,10.4,1,1,0.174,0,3,838,0
115.26,23,4.15,23.43,0,0,0.094,0,2,744,0
28.25,12,6.09,6.69,1,0,0.637,1,0,425,0
9.89,23,9.71,10.33,0,0,0.101,0,2,938,0
126.14,3,36.41,3.75,0,0,0.171,1,1,1299,0
31.53,9,11.05,8.55,1,1,0.172,1,5,765,1
5.89,13,24.77,9.56,0,0,0.175,1,1,999,0
67.52,8,56.47,4.16,1,0,0.105,0,2,930,1
92.36,2,12.9,12.47,1,1,0.041,1,1,1063,0
2.93,10,3.77,13.4,1,0,0.402,1,1,383,0
14.52,8,6.21,16.19,1,0,0.1,0,3,1673,0
29.65,4,26.56,13.17,0,0,0.344,1,1,1139,0
69.03,8,9.42,8.86,0,0,0.262,1,3,609,0
19.77,10,3.25,18.66,1,1,0.217,0,4,1964,0
14.41,21,91.53,10.26,1,0,0.3,1,2,678,0
68.52,11,38.49,0.79,0,0,0.178,1,2,636,0
20.73,9,7.42,2.11,1,0,0.181,1,2,993,0
56.94,9,67.68,3.67,0,1,0.5,1,2,1081,0
10.9,14,79.22,4.74,1,1,0.283,1,4,1417,1
8.56,6,58.76,12.51,1,0,0.447,1,3,1512,0
70.48,20,13.26,24.17,1,0,0.149,1,3,1004,1
42.63,10,16.03,14.44,0,0,0.416,0,4,1088,0
83.3,10,25.63,11.97,0,0,0.483,0,1,314,0
19.44,1,8.36,1.16,0,0,0.096,1,0,1743,0
14.95,21,36.3,0.39,1,0,0.116,1,0,492,0
129.12,11,21.92,26.83,1,0,0.525,1,2,1015,0
7.22,3,35.51,6.35,0,1,0.286,0,3,1429,0
115.75,4,11.19,12.73,1,0,0.138,1,2,597,0
124.03,8,20.6,14.0,1,0,0.468,1,5,1449,1
78.26,18,4.92,41.8,1,1,0.076,0,0,609,1
16.65,2,10.21,32.95,0,0,0.322,1,2,1117,0
14.64,2,12.19,47.32,1,0,0.18,1,0,1062,0
26.84,13,26.46,16.06,1,0,0.252,1,2,60,0
9.07,11,33.76,29.03,0,0,0.224,1,2,978,0
12.66,22,5.86,2.91,0,0,0.74,0,0,637,0
63.1,18,42.4,42.4,1,0,0.242,1,1,1749,0
63.39,15,24.0,18.28,1,0,0.194,1,1,833,1
11.59,8,28.22,7.37,1,0,0.518,1,3,829,0
65.11,15,33.55,19.84,1,0,0.159,1,2,814,0
52.16,14,7.11,24.4,1,0,0.239,0,1,530,0
149.89,6,41.85,14.92,1,0,0.317,1,1,1438,0
58.51,8,9.56,25.54,1,1,0.586,1,2,30,0
95.45,22,15.37,9.03,0,0,0.217,0,2,1164,0
53.36,12,13.34,14.88,0,0,0.125,1,2,1171,0
88.23,11,67.82,3.53,0,0,0.187,1,0,177,0
9.14,19,7.38,7.44,0,0,0.351,1,3,856,0
29.32,6,58.92,6.17,0,0,0.343,0,4,922,0
31.85,5,48.6,2.82,0,0,0.24,1,0,821,0
25.95,23,4.55,0.79,1,0,0.144,1,2,824,0
51.62,19,9.3,7.68,1,0,0.153,1,5,164,0
62.45,10,9.47,3.78,1,0,0.052,1,3,640,0
49.02,22,28.65,11.57,0,0,0.277,1,5,1237,0
27.75,8,41.94,13.07,1,0,0.116,1,3,990,0
15.87,16,9.49,33.41,1,0,0.415,1,1,562,0
99.2,0,3.51,5.82,1,0,0.518,1,2,854,1
46.98,16,28.7,24.54,1,0,0.422,1,0,942,0
11.96,4,18.67,12.61,1,0,0.472,1,2,730,0
27.28,5,4.41,14.41,0,0,0.078,0,1,895,0
5.79,19,25.77,11.09,1,0,0.367,1,1,812,0
34.31,4,17.53,21.51,1,0,0.209,0,0,775,0
27.16,11,5.87,11.03,0,0,0.057,0,2,237,0
18.64,22,10.88,10.76,0,0,0.393,1,1,1430,0
161.52,22,56.23,3.65,0,0,0.22,0,3,1181,0
10.42,10,0.6,4.36,0,1,0.468,1,4,448,0
67.11,2,6.69,12.71,1,0,0.074,1,2,1163,0
294.92,6,3.95,6.82,1,0,0.453,0,4,1384,0
97.25,14,13.64,1.84,0,0,0.664,1,2,820,0
32.09,8,19.87,6.18,1,1,0.052,1,2,1205,0
10.65,17,15.71,18.79,1,0,0.106,1,3,702,0
8.48,23,17.31,11.68,0,0,0.525,1,3,1353,0
21.94,14,20.96,5.33,1,0,0.149,1,2,685,0
16.66,14,10.79,9.4,1,0,0.392,0,0,450,1
16.13,12,82.45,20.4,0,0,0.558,0,4,227,1
23.9,4,18.5,3.56,1,0,0.142,0,0,48,1
29.9,13,4.88,3.21,1,0,0.229,0,2,2155,0
53.8,22,16.1,11.34,0,0,0.452,1,1,368,0
9.6,16,28.82,6.27,1,0,0.314,1,3,1012,0
16.74,18,32.06,11.33,0,0,0.455,1,2,691,0
28.23,20,25.7,9.92,1,1,0.534,1,5,1087,1
27.24,9,19.48,11.31,1,0,0.38,1,1,1918,0
207.77,8,7.07,34.36,0,0,0.066,0,5,755,0
41.77,23,22.68,2.5,1,1,0.072,0,2,405,0
6.6,11,15.78,16.64,0,0,0.633,1,1,729,0
50.31,17,9.07,13.81,0,0,0.496,1,0,1019,0
57.15,15,18.5,16.0,1,0,0.308,1,7,1149,0
29.22,2,33.43,1.04,1,0,0.355,1,0,738,0
9.84,7,3.39,18.02,1,0,0.141,0,5,1381,0
192.11,7,7.02,7.74,0,0,0.16,1,3,796,0
11.36,4,30.11,10.92,0,0,0.17,0,0,746,0
64.12,18,5.52,8.66,1,0,0.219,0,1,400,0
40.45,23,40.31,4.1,0,0,0.087,0,1,1755,0
60.39,23,14.07,7.98,1,0,0.147,1,2,623,1
182.52,4,25.42,9.89,0,0,0.116,1,1,1673,0
58.07,10,29.17,14.85,1,0,0.63,0,3,415,0
18.94,5,16.6,12.92,1,0,0.711,1,2,544,0
100.08,1,42.71,8.96,1,0,0.215,1,2,983,1
17.62,14,18.99,10.27,1,0,0.314,0,1,643,0
39.0,20,20.56,10.16,1,0,0.331,1,2,780,0
9.09,1,4.49,14.53,1,0,0.07,1,6,30,0
11.78,15,57.54,17.9,0,1,0.408,0,1,331,0
34.86,0,33.49,19.31,0,0,0.098,1,2,1133,0
47.85,20,6.34,7.11,1,0,0.19,1,1,1121,0
6.04,1,4.55,7.72,1,1,0.12,0,2,414,1
54.45,10,12.24,6.51,0,0,0.377,1,2,819,0
14.59,2,13.68,9.97,1,0,0.044,0,0,231,0
119.07,9,17.68,41.46,1,1,0.186,1,1,1137,0
23.29,10,40.85,7.06,1,0,0.323,1,0,1542,0
10.77,12,42.42,16.02,0,1,0.343,1,0,130,0
35.72,19,32.88,16.28,1,0,0.466,0,2,1063,0
13.25,23,1.9,13.33,1,0,0.37,0,0,111,0
117.79,8,52.05,0.95,0,0,0.192,1,3,1529,0
33.13,22,36.19,9.18,0,1,0.332,1,3,2027,0
28.45,10,27.17,14.41,0,0,0.531,1,5,1016,0
59.85,2,14.26,4.78,1,0,0.338,1,1,411,0
12.12,14,25.48,1.24,0,0,0.389,0,1,815,0
9.12,17,3.74,14.66,0,0,0.039,1,0,1027,0
49.82,7,24.66,18.51,0,0,0.539,0,5,1210,0
11.03,14,34.94,8.61,0,0,0.235,0,3,400,0
11.02,10,22.01,6.0,1,0,0.061,0,3,682,0
76.46,3,14.1,27.37,1,0,0.169,1,3,1377,0
55.98,9,43.57,19.01,0,1,0.398,1,0,1130,0
9.45,10,75.36,3.35,0,0,0.393,0,3,584,0
17.83,8,26.84,11.08,0,1,0.227,1,1,1793,0
13.41,21,34.42,3.82,0,0,0.103,1,2,692,0
195.65,9,16.98,7.27,1,1,0.142,1,1,58,0
81.94,15,12.02,24.37,1,0,0.226,1,1,472,0
21.74,0,36.49,24.51,1,0,0.297,1,2,1727,0
58.92,7,63.36,5.81,0,1,0.224,0,1,1407,0
8.53,21,9.56,15.6,0,0,0.356,1,3,1195,0
16.9,21,6.56,3.44,0,0,0.337,0,1,1379,0
36.78,23,11.12,40.28,0,0,0.333,1,6,1208,0
52.05,1,9.09,1.22,1,0,0.208,1,1,493,0
30.04,20,45.89,7.04,1,0,0.094,1,2,422,0
42.44,6,42.19,15.56,0,0,0.478,0,1,570,0
35.81,0,10.67,4.14,0,0,0.199,0,5,1139,0
28.12,2,21.05,3.39,1,1,0.085,0,1,1224,0
24.63,18,6.71,9.45,1,0,0.097,1,1,1441,0
21.62,14,16.39,5.27,0,0,0.203,0,1,1786,0
41.76,13,6.38,9.43,1,0,0.566,0,1,1555,0
49.94,21,14.27,15.07,0,0,0.164,0,3,1528,0
40.38,2,6.55,8.07,1,0,0.337,0,1,1100,0
10.19,1,43.32,9.2,0,0,0.149,0,5,810,0
12.2,22,21.65,13.34,0,1,0.063,0,1,987,0
49.35,14,24.27,32.34,0,0,0.442,0,1,545,0
144.27,18,9.46,6.69,0,0,0.454,0,2,30,0
38.57,12,12.7,12.57,1,1,0.62,1,1,1760,0
21.94,3,20.28,9.26,0,1,0.263,0,3,672,0
41.44,12,63.12,3.15,1,0,0.549,0,1,870,0
10.62,23,18.38,17.16,1,1,0.098,1,2,969,0
122.6,2,49.1,26.47,0,1,0.151,1,2,891,0
39.91,3,13.59,15.09,0,0,0.303,1,0,565,0
16.95,8,19.14,0.57,0,0,0.264,0,4,433,0
28.03,10,41.12,7.07,0,0,0.262,0,2,30,1
19.55,15,31.63,15.04,0,0,0.344,0,1,1044,0
122.94,3,8.94,21.17,0,0,0.212,1,2,1669,0
27.05,22,24.74,1.69,0,0,0.17,0,2,1045,0
38.68,3,25.94,3.05,1,0,0.432,1,2,514,0
58.78,4,29.2,12.92,1,0,0.245,1,0,755,0
15.79,23,9.63,10.41,1,0,0.375,1,3,1155,0
40.19,9,5.47,9.45,1,0,0.173,1,2,1253,0
43.57,13,51.17,31.04,0,0,0.17,1,2,531,0
7.0,10,76.25,33.27,0,0,0.055,1,3,306,0
42.64,6,28.73,3.86,1,0,0.356,0,3,398,0
31.63,12,12.98,1.14,0,0,0.381,1,1,1137,0
37.71,18,45.74,8.9,1,0,0.133,0,0,205,0
34.32,0,8.0,16.88,0,0,0.117,1,2,463,0
42.91,21,8.61,22.72,0,0,0.415,1,4,854,0
126.13,4,53.7,6.8,0,0,0.301,0,3,1743,0
10.18,22,71.67,4.85,1,0,0.546,1,3,618,0
23.52,23,11.66,13.54,1,1,0.458,1,1,1291,0
64.5,22,9.4,7.81,1,0,0.534,1,2,236,0
53.57,15,18.69,9.96,0,0,0.306,1,3,758,0
52.43,21,7.23,15.15,1,0,0.054,1,3,30,0
519.87,20,4.57,8.27,1,0,0.51,1,1,1010,0
61.2,15,4.77,2.08,0,0,0.313,1,1,537,0
102.61,21,24.18,4.98,1,0,0.161,0,2,997,0
24.36,8,17.76,5.25,1,0,0.18,1,1,535,0
12.27,20,40.82,5.3,1,0,0.173,0,1,1591,0
24.18,22,53.82,0.87,0,0,0.226,1,4,742,0
67.49,15,27.82,37.01,0,0,0.289,1,0,751,0
49.74,2,7.23,3.02,1,0,0.151,0,1,654,0
49.56,5,2.11,17.65,0,0,0.451,1,0,964,0
26.73,4,13.85,4.25,1,0,0.344,1,0,1033,0
22.79,12,12.32,6.74,1,0,0.504,0,2,488,0
27.66,10,7.61,9.73,1,0,0.098,0,2,796,0
68.34,19,27.2,5.59,1,0,0.322,0,0,1112,0
76.76,6,28.78,28.89,0,0,0.219,1,1,1621,0
12.11,3,23.53,77.05,1,0,0.134,0,6,1368,0
70.98,14,74.25,21.62,1,0,0.313,1,2,1106,0
17.28,3,4.98,11.14,1,0,0.18,0,1,1530,0
52.93,21,14.59,7.08,1,0,0.254,1,5,267,0
27.33,1,18.4,18.9,0,0,0.6,0,0,1576,0
158.51,11,12.99,23.16,1,0,0.433,1,1,951,0
21.8,22,11.54,8.88,1,1,0.473,1,2,609,0
39.59,13,32.41,26.29,1,0,0.133,0,1,750,0
60.74,19,9.76,0.7,1,0,0.426,0,0,1326,0
13.82,10,8.15,16.8,0,0,0.142,0,3,691,0
30.79,18,28.62,9.99,0,0,0.225,1,1,944,0
25.37,16,28.03,11.73,0,0,0.161,1,1,1117,0
19.81,12,4.18,21.26,1,0,0.75,0,1,1338,0
21.33,2,41.29,15.41,0,0,0.297,1,1,215,0
100.69,23,65.78,37.71,1,0,0.42,1,2,739,0
18.2,1,2.87,42.53,1,0,0.483,1,1,1299,0
58.35,8,32.65,8.22,0,0,0.287,1,2,1568,0
45.36,15,22.53,2.56,1,0,0.512,1,2,582,0
8.19,18,20.76,9.55,0,0,0.277,0,4,1753,0
55.65,12,43.12,3.85,0,0,0.496,1,3,977,0
8.06,9,22.19,6.41,1,0,0.297,1,1,225,0
62.06,9,21.48,10.82,0,0,0.021,1,2,1123,0
19.94,23,12.36,14.73,0,1,0.177,1,2,758,0
33.39,8,44.63,8.91,0,0,0.044,1,1,511,0
9.08,20,3.99,4.66,1,0,0.198,1,1,124,0
37.43,1,37.14,0.3,0,0,0.145,1,3,855,0
83.68,15,9.32,20.72,1,0,0.402,1,1,1113,0
14.78,16,17.82,23.28,1,0,0.401,1,2,1035,0
18.04,16,7.33,21.42,1,0,0.239,1,4,724,0
52.18,10,13.61,3.82,0,0,0.239,0,0,243,0
53.5,16,8.55,13.64,1,0,0.075,0,1,1477,0
2.9,10,14.78,23.97,0,0,0.206,1,1,1068,0
248.49,14,39.07,12.6,1,0,0.485,0,2,30,0
56.18,21,12.07,11.68,1,0,0.225,0,2,559,0
66.48,16,26.99,34.19,1,0,0.226,1,3,1231,0
28.69,17,10.92,6.41,0,0,0.328,0,6,1519,0
5.18,23,8.53,5.38,1,1,0.266,0,4,1375,1
65.02,5,18.99,4.31,0,1,0.111,1,1,1076,0
18.82,14,1.1,0.95,1,0,0.291,0,3,493,0
57.05,15,11.46,28.83,0,0,0.204,0,2,1545,0
26.61,16,45.49,12.44,0,0,0.046,1,2,1324,0
42.02,3,25.76,6.54,0,0,0.263,1,1,865,0
15.26,18,18.13,10.5,0,0,0.28,1,2,1035,0
78.6,4,16.78,30.8,1,0,0.338,1,2,993,0
10.09,9,39.07,1.79,1,0,0.872,1,1,623,0
312.8,17,10.98,28.08,1,1,0.115,0,1,791,0
310.43,6,14.16,9.66,0,0,0.424,0,2,1237,0
169.47,3,1.18,14.41,1,0,0.396,1,1,893,0
118.57,16,16.9,15.11,0,0,0.521,1,2,942,0
30.43,6,26.9,32.15,0,1,0.017,1,2,472,0
106.33,19,11.84,4.08,0,0,0.121,1,2,1372,0
30.08,21,24.13,2.36,1,0,0.17,0,1,1158,0
7.0,8,14.1,4.96,1,0,0.165,1,2,270,0
148.89,17,24.99,17.19,1,0,0.234,1,4,991,0
102.39,5,20.09,29.29,1,0,0.615,1,0,819,0
32.09,22,9.36,4.3,0,0,0.237,1,6,1792,0
9.73,5,14.41,1.99,0,0,0.155,0,0,569,0
18.43,21,16.95,30.5,1,0,0.563,0,0,614,0
5.36,18,16.62,6.71,0,0,0.121,1,3,451,0
85.21,7,54.21,7.19,0,0,0.407,0,2,1874,0
6.66,19,16.23,11.05,1,0,0.353,0,2,1725,0
44.12,15,46.14,9.22,1,0,0.305,0,0,1228,0
14.24,16,6.97,17.64,0,0,0.292,1,1,637,0
7.95,9,24.33,2.52,0,0,0.151,1,2,30,0
42.03,5,32.58,1.67,0,0,0.369,0,1,508,0
23.72,16,4.04,14.25,0,0,0.248,0,0,30,0
76.57,1,27.48,14.94,1,0,0.416,1,3,198,0
9.32,8,1.8,17.59,0,0,0.655,0,1,491,0
15.53,3,10.58,16.81,1,0,0.099,0,0,1052,0
3.04,0,18.7,1.72,0,0,0.404,1,3,1049,0
3.73,0,54.92,16.59,1,0,0.134,0,0,1057,0
199.98,2,27.57,16.0,1,1,0.42,0,2,1498,0
266.03,22,10.27,2.13,0,0,0.501,0,6,667,0
36.33,18,38.45,23.21,1,0,0.456,0,2,155,1
14.53,23,5.33,4.15,1,1,0.215,0,3,154,1
24.57,2,2.52,3.61,1,0,0.141,1,1,130,0
79.33,23,24.05,17.95,1,0,0.292,1,3,1258,0
19.8,14,11.58,2.81,1,0,0.225,1,1,325,0
42.0,19,19.3,8.05,1,1,0.194,1,2,30,0
32.7,20,5.21,6.92,0,0,0.337,0,4,1041,0
18.75,6,41.44,5.76,1,0,0.002,1,2,612,0
19.57,17,38.58,4.51,1,0,0.227,0,0,871,0
44.4,15,3.94,43.56,1,1,0.4,1,1,918,0
12.47,9,6.79,17.1,0,0,0.288,1,2,291,0
52.03,11,46.44,5.11,1,1,0.231,0,1,1795,1
20.66,5,11.41,5.26,1,1,0.073,1,2,547,0
37.61,4,5.5,13.11,0,0,0.244,0,1,30,0
132.15,22,21.19,6.88,0,0,0.065,1,2,1583,0
27.99,17,12.11,13.83,1,0,0.108,0,2,1175,0
83.08,13,5.26,3.1,1,0,0.21,1,3,30,0
5.52,16,56.25,11.02,1,0,0.544,1,4,63,1
20.69,9,2.44,18.88,0,0,0.505,0,4,1831,0
34.05,5,15.54,10.49,1,1,0.028,1,4,498,0
226.63,22,33.17,7.38,0,0,0.344,1,2,263,0
4.66,23,43.53,15.05,1,0,0.039,1,1,1401,0
30.08,5,28.0,0.62,1,0,0.302,0,0,1763,0
142.12,19,34.7,18.83,0,0,0.628,0,2,163,0
15.1,10,30.66,0.82,1,0,0.182,0,0,1090,0
26.77,16,18.69,21.42,1,0,0.326,0,2,1379,0
46.14,2,8.32,7.11,0,0,0.382,0,4,289,0
39.83,11,12.73,20.1,1,0,0.229,1,3,770,0
158.5,2,6.32,23.82,1,0,0.346,1,1,158,0
51.86,19,20.0,7.57,1,0,0.209,0,1,708,0
124.93,9,8.17,22.42,0,0,0.284,0,1,1328,0
23.1,6,15.93,12.36,0,0,0.203,0,2,1007,0
15.79,16,14.52,14.95,0,0,0.193,1,3,507,0
26.42,22,22.85,26.74,0,0,0.035,0,0,886,0
10.39,8,15.88,13.56,1,0,0.378,0,3,30,0
53.71,17,17.12,20.14,0,1,0.064,1,2,449,0
22.51,16,4.57,41.0,0,1,0.236,0,5,1965,0
16.92,11,10.3,20.0,1,0,0.06,0,2,1122,0
54.52,19,27.05,6.92,0,1,0.211,1,2,1428,0
10.55,3,13.77,12.71,1,1,0.106,0,2,433,0
71.56,21,12.14,5.22,0,0,0.335,1,1,339,0
20.53,9,20.49,13.22,0,0,0.123,1,2,413,0
105.54,1,18.17,7.87,1,0,0.338,1,2,934,0
22.36,23,20.15,14.36,1,0,0.044,1,0,1672,0
62.3,18,22.95,20.35,0,0,0.208,0,1,1190,0
39.63,19,15.58,5.03,0,0,0.25,0,3,837,0
69.68,3,6.21,10.73,1,0,0.311,0,2,1117,1
36.96,18,5.19,3.77,1,0,0.527,1,1,1759,0
6.28,16,9.55,5.31,0,0,0.293,1,2,407,0
90.81,21,51.1,12.27,1,0,0.611,0,0,1798,0
30.34,8,17.53,7.32,1,0,0.126,1,1,1155,0
72.93,22,25.25,30.47,1,0,0.224,0,5,1694,1
66.04,16,12.55,1.33,1,0,0.076,1,3,1078,0
15.28,6,14.66,35.29,0,0,0.386,1,1,1715,0
13.27,5,8.4,20.03,1,0,0.506,1,2,1062,0
63.77,21,26.09,16.95,0,0,0.709,1,4,1342,0
24.45,15,13.62,19.01,0,0,0.106,0,1,1157,0
84.47,2,28.06,18.7,1,0,0.308,0,1,1076,0
27.71,3,1.35,6.8,1,0,0.492,1,0,398,0
92.15,19,29.11,20.87,1,0,0.399,1,3,701,0
50.57,4,7.18,13.15,1,0,0.431,1,1,1362,0
44.17,5,8.47,1.68,1,0,0.501,1,1,566,0
22.78,14,34.29,5.4,0,0,0.127,1,3,1044,0
41.78,20,37.81,3.81,0,0,0.221,1,3,1107,0
109.16,8,18.73,8.77,1,0,0.548,1,2,30,0
31.37,15,35.96,0.84,1,0,0.07,0,0,85,0
56.33,16,10.34,18.28,1,0,0.503,1,4,1550,0
34.69,14,12.1,20.92,0,0,0.338,1,2,1436,0
37.51,16,44.35,6.6,0,0,0.332,1,1,1023,0
185.57,5,2.06,14.58,1,0,0.66,1,1,790,0
110.14,14,25.69,31.35,1,0,0.139,1,3,703,0
35.85,0,15.35,7.22,1,0,0.429,1,5,587,0
41.04,17,20.81,7.22,0,0,0.268,0,1,579,0
16.41,19,18.37,8.29,0,0,0.078,1,2,732,0
27.86,19,20.49,17.11,1,0,0.608,1,0,1708,0
45.12,0,15.07,7.09,0,0,0.076,1,0,681,1
77.53,21,20.23,8.43,1,0,0.072,0,2,920,0
70.05,10,25.46,16.61,1,0,0.249,1,1,30,0
10.92,1,12.69,15.83,0,0,0.315,1,0,476,0
87.97,12,15.45,6.26,1,0,0.173,0,2,708,1
30.3,13,19.64,3.64,1,0,0.251,0,3,919,1
12.34,9,36.18,7.54,1,0,0.266,1,4,771,0
126.01,17,3.39,9.24,1,0,0.05,0,2,30,0
143.06,13,6.74,12.45,1,0,0.412,0,4,1012,0
43.11,5,57.36,10.58,0,0,0.18,1,3,1138,0
67.28,14,23.32,2.74,0,0,0.154,1,1,1809,0
71.34,6,22.7,6.93,1,0,0.17,0,2,718,0
133.72,2,78.43,0.93,0,0,0.23,1,2,970,0
68.58,6,22.41,12.39,1,0,0.136,1,2,757,0
8.78,21,11.38,3.44,1,0,0.066,1,2,893,0
247.1,13,1.05,1.93,1,0,0.101,0,2,1049,0
96.13,7,14.74,7.87,1,0,0.726,0,3,1341,0
19.9,8,17.79,14.06,1,0,0.241,0,2,1100,0
11.83,20,32.21,10.34,0,0,0.347,1,2,443,0
54.86,15,33.49,33.9,1,0,0.413,0,1,367,0
25.07,18,26.24,1.34,1,0,0.296,0,2,602,0
46.06,14,37.19,1.23,0,0,0.14,1,3,461,0
69.64,23,20.32,5.8,0,0,0.325,0,2,559,0
18.79,15,3.56,20.24,0,0,0.364,1,3,262,0
10.85,9,13.85,6.31,0,0,0.385,1,1,1318,0
48.71,6,13.94,4.15,1,0,0.069,1,2,604,0
19.43,1,18.9,14.84,1,0,0.198,0,2,725,0
38.32,18,38.16,6.97,1,0,0.478,1,1,1460,0
8.64,22,16.59,26.2,1,0,0.076,1,3,539,0
25.73,15,16.92,8.1,0,0,0.323,1,2,1051,0
67.69,11,85.45,20.49,0,0,0.215,1,3,1602,0
60.7,3,7.28,8.73,1,0,0.197,0,0,142,0
15.05,15,21.81,14.13,0,0,0.55,0,3,1020,1
10.3,4,10.52,22.92,1,0,0.281,1,0,1311,0
33.64,14,23.54,1.22,0,0,0.213,1,1,786,0
58.03,7,41.52,0.73,0,0,0.304,1,2,286,0
49.66,20,29.56,1.46,1,0,0.414,0,1,818,0
19.84,22,21.48,3.65,1,0,0.373,1,3,1527,0
44.6,5,17.16,23.71,1,0,0.326,1,3,466,0
148.76,7,37.22,37.41,1,1,0.447,0,2,1129,1
40.66,22,30.92,9.31,1,0,0.11,0,3,574,1
6.47,0,17.34,6.69,0,0,0.583,1,1,1571,0
40.58,12,79.06,13.54,1,0,0.178,0,3,836,1
255.69,3,9.22,4.98,0,0,0.413,0,1,276,0
9.14,10,74.92,12.91,0,0,0.347,1,0,925,0
34.11,0,38.29,22.99,1,0,0.48,1,0,346,0
26.41,3,5.29,13.64,1,1,0.365,0,3,814,0
36.45,9,10.11,3.16,1,0,0.59,0,5,1125,0
40.22,1,21.62,9.01,1,0,0.257,0,1,887,0
103.54,19,3.99,40.68,1,0,0.098,1,1,1162,0
36.05,13,31.52,14.94,0,0,0.338,0,3,1703,0
118.78,10,16.69,6.14,0,1,0.182,1,0,627,0
29.44,11,32.55,4.84,1,0,0.186,0,3,884,0
23.33,20,29.52,5.95,1,0,0.584,1,2,993,0
16.96,20,14.49,18.67,0,0,0.202,0,1,1176,0
5.38,1,10.34,12.05,0,0,0.479,1,0,1336,0
43.63,16,1.69,3.52,0,1,0.189,1,1,744,0
258.27,11,77.26,21.98,0,0,0.092,1,2,213,0
52.36,18,28.06,39.76,1,0,0.361,1,5,1102,0
65.81,18,6.01,12.59,0,1,0.382,1,0,890,0
21.91,16,16.64,25.27,0,0,0.102,1,1,1683,0
25.94,16,36.95,2.99,0,0,0.123,1,1,889,0
88.65,5,18.57,8.47,0,0,0.083,0,2,892,0
246.83,20,4.55,2.6,1,0,0.285,0,0,803,0
146.64,16,30.76,19.3,1,1,0.197,1,3,30,0
74.09,6,4.59,10.01,1,1,0.272,1,1,781,0
34.3,5,34.05,0.74,0,0,0.167,0,2,604,0
40.84,12,24.08,3.05,1,0,0.375,1,0,30,0
15.59,8,17.11,8.97,1,0,0.276,0,2,965,0
7.78,16,16.51,1.49,1,0,0.426,0,8,800,0
10.73,9,13.89,3.28,0,0,0.587,1,3,30,0
34.81,4,27.99,23.73,0,0,0.35,1,4,567,0
24.73,9,5.7,4.64,1,0,0.255,0,3,1295,0
7.62,19,11.03,12.45,0,1,0.306,0,3,609,0
31.9,19,47.75,21.08,1,0,0.33,1,0,593,0
24.08,7,71.51,18.16,1,0,0.46,1,1,634,0
10.25,19,15.29,32.27,1,0,0.42,0,1,1356,0
22.87,2,19.76,22.37,0,0,0.202,1,4,1647,0
24.02,23,6.76,12.07,0,0,0.558,1,1,1406,0
17.87,18,9.03,1.78,0,0,0.262,0,1,1131,0
83.65,0,1.83,9.36,0,0,0.293,1,2,1599,0
4.94,16,3.47,18.29,1,0,0.38,0,6,468,1
4.55,11,12.42,3.94,0,1,0.312,1,1,1400,0
33.22,21,35.15,24.0,0,0,0.631,0,1,1379,1
36.46,5,17.15,10.03,0,0,0.105,0,2,30,0
49.61,21,46.15,18.21,0,1,0.354,1,4,1186,0
19.32,20,11.12,18.11,0,0,0.38,1,0,1916,0
13.22,6,40.19,18.82,1,0,0.671,1,0,1200,0
32.87,10,87.24,6.27,1,1,0.149,0,3,1638,1
21.29,15,23.59,32.61,0,0,0.08,0,3,916,0
156.19,5,1.67,27.6,1,1,0.08,1,3,700,1
23.95,23,1.62,11.16,1,0,0.229,1,3,894,0
31.4,4,3.72,2.82,1,0,0.179,1,3,963,0
393.63,5,8.54,6.54,1,0,0.33,1,2,599,0
27.26,12,33.42,6.25,1,0,0.413,1,6,959,0
57.75,11,12.04,1.62,1,0,0.179,1,0,1033,0
63.2,1,40.14,5.03,0,0,0.261,1,4,1092,1
68.81,21,10.11,15.59,0,0,0.047,1,2,1880,0
44.23,5,85.11,8.51,0,0,0.435,1,2,1363,0
40.2,2,48.01,19.06,1,0,0.429,1,3,873,0
36.61,12,11.28,7.43,0,0,0.423,1,5,949,0
18.62,22,7.54,1.49,1,0,0.454,0,4,1563,0
45.86,0,48.45,2.68,1,0,0.366,1,1,844,0
251.8,11,5.83,9.62,1,0,0.165,1,6,261,0
111.13,21,10.51,9.54,0,0,0.097,0,2,654,0
44.88,21,5.72,5.0,1,0,0.337,1,1,1136,0
77.93,4,20.99,4.78,1,1,0.27,1,4,559,1
13.89,14,42.15,19.85,1,0,0.215,0,0,854,0
25.52,20,11.66,0.91,1,1,0.263,0,2,1071,0
85.44,16,36.0,13.25,0,0,0.474,1,0,887,0
146.52,15,22.19,7.64,1,1,0.217,1,1,68,0
15.32,18,5.54,19.8,0,0,0.455,0,3,880,0
20.42,10,10.84,42.32,1,0,0.093,1,2,803,0
293.35,1,3.49,2.25,1,1,0.377,1,1,514,0
36.46,15,58.78,17.17,1,0,0.509,0,0,994,0
205.07,15,19.32,16.47,0,0,0.136,0,3,765,0
40.73,20,16.92,4.19,0,0,0.116,1,2,595,0
42.36,22,18.94,6.07,0,0,0.198,1,0,686,0
24.4,8,7.34,8.2,1,0,0.518,0,0,434,0
84.99,22,12.14,15.91,1,0,0.206,1,0,960,0
128.74,0,23.41,10.73,0,0,0.376,0,2,488,0
11.76,23,2.5,28.66,1,0,0.294,0,2,583,0
23.28,3,1.14,3.76,1,0,0.254,1,3,581,0
82.69,15,9.91,9.36,1,0,0.504,0,1,30,0
29.09,16,8.45,12.83,0,0,0.4,0,3,559,0
20.22,15,44.16,7.21,1,0,0.282,0,1,754,0
90.88,23,7.32,3.13,1,0,0.134,1,4,796,0
99.83,13,23.86,24.43,0,0,0.05,0,2,1532,0
21.12,3,8.42,12.37,1,0,0.345,1,3,1024,0
40.95,14,22.73,0.91,1,0,0.727,0,2,839,0
9.89,6,19.62,5.27,1,1,0.523,0,3,1047,1
13.52,14,52.39,4.01,0,0,0.23,0,3,912,0
37.49,9,6.63,34.02,1,0,0.187,1,1,1107,0
34.17,1,6.66,7.78,0,0,0.197,0,3,525,1
12.59,15,94.81,29.59,1,1,0.251,0,3,790,1
16.18,2,41.02,14.74,1,0,0.222,1,2,387,0
11.42,7,10.68,14.04,0,0,0.216,0,2,849,0
52.2,14,7.04,5.07,0,0,0.323,1,3,650,0
4.63,21,6.07,7.68,0,0,0.195,1,2,1421,0
12.04,7,39.7,2.12,1,0,0.287,1,2,980,0
5.14,7,9.06,21.89,0,0,0.443,1,1,1772,0
50.35,7,7.56,22.06,0,0,0.387,1,3,1146,0
5.46,13,7.35,14.04,1,0,0.149,1,3,1742,0
34.18,4,26.8,10.68,1,1,0.443,0,2,1667,0
170.63,12,13.67,8.75,1,1,0.278,0,0,649,0
176.52,19,40.69,24.76,0,0,0.356,1,2,1453,0
5.44,1,67.8,12.43,1,0,0.222,0,1,1272,0
44.63,23,19.65,6.19,1,1,0.1,0,3,30,1
12.32,12,21.38,5.59,0,0,0.275,1,0,369,0
10.04,15,13.0,31.84,1,0,0.388,0,2,547,0
29.56,14,18.95,4.41,1,0,0.116,0,1,572,1
113.1,22,1.81,9.34,0,0,0.32,1,1,925,0
60.32,15,23.04,16.38,1,0,0.095,0,1,965,1
16.2,21,34.26,20.53,1,0,0.28,0,4,652,0
67.02,6,5.63,13.35,1,0,0.224,0,2,227,0
3.51,5,59.71,11.01,1,0,0.172,1,0,1113,0
15.6,15,10.11,10.4,1,0,0.411,0,3,30,0
14.53,3,48.61,8.31,1,1,0.336,1,1,315,0
35.81,2,28.72,3.17,0,0,0.274,1,2,804,0
27.04,5,4.94,18.56,1,0,0.181,1,2,30,1
28.75,6,38.99,6.33,0,0,0.424,0,3,811,0
27.81,2,17.06,2.51,0,0,0.231,1,5,484,0
33.87,17,24.89,3.55,0,0,0.472,1,0,1345,0
56.83,13,13.3,12.31,1,0,0.252,1,1,238,0
38.45,4,15.17,17.79,1,0,0.213,1,0,1154,0
24.92,6,2.56,11.94,0,0,0.067,1,2,1219,0
49.49,22,26.43,9.06,0,0,0.165,0,1,1224,0
75.65,21,16.7,9.8,0,0,0.213,0,2,1057,0
18.99,2,21.53,4.57,1,1,0.353,0,6,1369,0
31.21,14,25.44,22.37,0,0,0.499,1,2,927,0
105.84,7,23.97,3.63,0,0,0.235,1,1,456,0
10.99,8,27.29,13.67,1,0,0.238,1,0,1747,0
201.28,14,2.48,21.19,0,0,0.141,1,0,1230,0
8.68,23,13.62,12.68,1,0,0.154,1,2,994,0
23.44,13,4.83,16.74,1,1,0.403,0,1,1015,0
12.8,22,0.57,5.03,0,0,0.327,0,1,865,0
295.28,19,24.53,13.29,0,0,0.524,1,2,995,0
20.02,18,66.88,20.18,0,0,0.187,1,1,1552,0
20.07,18,26.57,18.66,1,0,0.495,0,1,400,0
22.86,19,12.3,20.37,1,0,0.274,1,2,1229,0
36.44,6,15.26,7.81,0,1,0.161,0,2,613,0
23.84,23,25.88,23.33,0,1,0.31,1,0,30,0
28.99,22,23.06,11.48,0,0,0.099,1,2,30,0
1.0,14,13.29,7.42,1,1,0.308,1,4,276,1
35.06,17,10.14,32.24,1,0,0.131,1,2,441,0
33.71,21,23.27,0.96,1,0,0.164,1,1,130,0
93.56,3,1.2,10.74,1,0,0.183,1,2,1019,0
122.62,1,25.69,5.35,0,0,0.109,0,0,448,0
27.45,23,12.35,18.58,1,0,0.084,0,2,1442,0
74.91,13,45.26,4.91,1,0,0.185,1,5,1583,0
11.01,17,16.42,1.68,0,0,0.327,0,2,1353,0
71.33,12,43.59,6.95,1,0,0.373,0,4,1343,0
18.68,12,6.35,7.67,0,0,0.241,1,9,1900,0
10.13,0,5.8,5.93,1,0,0.37,1,2,891,0
27.51,6,8.17,2.58,1,0,0.504,1,3,1017,0
134.35,2,51.21,8.98,1,0,0.292,1,1,1142,0
39.69,10,15.86,1.24,1,0,0.4,1,1,1458,0
147.89,0,9.76,8.96,0,0,0.475,1,1,438,0
15.66,19,22.93,9.31,0,0,0.428,0,3,1145,0
94.43,7,8.64,29.79,1,0,0.149,1,2,390,0
17.25,17,22.71,12.25,1,0,0.068,0,1,1834,0
41.48,1,15.77,1.34,1,0,0.554,0,2,971,0
41.13,0,9.41,15.0,1,0,0.237,0,1,1011,0
64.17,10,16.55,33.32,1,0,0.136,0,0,495,0
42.55,18,16.57,4.97,1,0,0.381,1,0,515,0
15.81,19,31.86,9.34,0,0,0.44,1,6,746,0
79.86,13,4.57,7.76,0,0,0.086,1,2,1451,0
187.1,14,10.94,9.83,0,1,0.375,0,0,1870,0
18.47,16,19.96,9.54,1,1,0.348,0,2,536,1
5.28,16,7.71,9.2,1,1,0.242,0,4,1086,0
54.56,17,14.16,5.52,1,0,0.298,1,3,30,1
23.78,0,9.24,8.31,0,0,0.425,1,2,1835,0
29.05,10,11.89,10.76,1,0,0.125,1,3,378,0
57.75,20,5.86,11.76,1,0,0.249,1,1,1102,0
20.98,10,67.04,13.46,0,0,0.377,1,3,1681,0
25.31,3,1.31,25.52,1,0,0.419,1,4,262,0
29.96,15,9.19,16.65,0,0,0.312,0,0,675,0
143.99,7,16.33,11.79,0,0,0.52,1,2,1366,0
34.13,12,16.19,7.53,0,0,0.119,1,0,472,0
9.62,12,40.11,44.4,1,0,0.141,1,3,393,1
10.02,16,4.51,1.27,0,0,0.195,1,2,1374,0
38.06,22,2.68,13.33,1,1,0.461,0,1,1121,0
10.7,16,10.46,19.16,1,0,0.515,1,2,597,0
6.94,23,16.35,10.84,0,0,0.215,1,1,1981,0
62.52,0,12.64,5.2,1,0,0.277,0,1,30,0
65.66,18,33.98,14.84,1,0,0.279,1,1,141,0
22.92,10,5.21,3.53,0,0,0.221,1,1,1394,0
44.42,17,9.54,19.26,1,1,0.625,1,0,162,0
39.97,2,25.4,3.15,1,0,0.158,1,1,707,0
60.49,12,16.58,27.54,1,0,0.412,0,2,1426,0
60.63,0,40.73,14.88,0,0,0.195,0,1,96,0
2.45,15,16.62,11.29,0,0,0.235,0,1,1171,0
26.04,5,4.44,8.74,0,0,0.238,0,2,1087,0
55.58,3,37.1,9.67,1,0,0.408,0,3,975,1
21.97,1,34.05,3.98,1,0,0.536,1,1,2384,1
34.34,6,22.69,10.64,0,0,0.425,1,1,1192,0
70.15,23,75.59,6.95,1,0,0.125,1,2,1167,0
35.91,23,17.28,6.38,0,0,0.475,1,3,1141,0
149.59,1,18.4,42.35,1,0,0.767,0,2,495,0
102.21,23,33.41,7.08,1,0,0.426,0,2,1359,1
29.41,14,20.75,8.07,1,0,0.372,0,3,1093,0
27.17,7,18.23,22.42,1,1,0.267,1,0,578,0
1.91,22,2.6,3.96,0,0,0.064,0,2,832,0
23.89,5,3.87,27.01,0,0,0.146,1,2,676,0
8.56,4,3.86,7.81,1,0,0.141,0,3,603,1
41.32,5,12.1,4.65,0,0,0.275,1,1,973,0
38.59,3,42.17,1.23,0,0,0.191,1,0,574,0
66.41,11,58.07,24.51,0,0,0.364,1,2,719,0
133.84,3,46.31,6.0,1,0,0.111,1,2,835,1
32.26,5,47.78,7.62,0,0,0.364,0,4,702,0
323.89,8,6.87,7.73,0,0,0.462,1,3,668,0
41.78,15,16.57,5.98,1,0,0.186,0,2,1093,0
8.93,20,5.96,14.78,1,0,0.246,0,2,1133,1
18.88,1,21.97,44.16,0,0,0.143,0,2,454,0
22.81,15,12.21,28.72,0,0,0.233,1,1,30,0
59.87,2,2.72,11.08,1,0,0.418,1,1,1043,0
12.84,23,24.27,19.4,0,0,0.079,0,2,647,0
24.58,6,8.41,34.86,0,0,0.183,1,6,1099,0
28.19,20,15.15,21.75,0,0,0.108,1,2,1211,0
21.16,18,10.23,11.61,1,0,0.625,1,4,1351,1
74.55,7,26.87,14.99,1,0,0.448,1,1,30,0
62.89,7,18.8,27.27,0,0,0.423,1,1,1685,0
106.33,7,16.4,0.8,1,0,0.146,1,1,522,0
23.78,11,45.16,8.68,1,1,0.281,0,2,159,1
110.23,10,10.89,0.49,1,0,0.339,0,2,449,0
8.47,15,23.12,2.93,1,0,0.069,0,2,30,0
8.26,11,11.25,8.02,0,0,0.178,0,2,1196,0
9.84,18,86.48,32.63,0,0,0.1,1,0,1462,0
33.42,11,38.15,24.84,1,0,0.333,1,0,574,0
110.21,7,55.72,4.65,0,0,0.028,0,3,1281,0
18.14,7,18.38,14.89,0,0,0.579,1,4,1069,0
20.56,17,39.33,3.71,0,1,0.457,0,2,1056,0
26.68,3,5.37,11.13,1,0,0.142,1,1,42,1
58.72,6,4.44,29.65,0,0,0.648,1,2,1095,0
20.54,7,13.74,2.5,0,0,0.335,0,1,1420,0
19.43,15,21.48,13.09,1,0,0.16,0,1,577,0
8.62,3,42.41,18.89,0,0,0.192,0,3,1547,0
18.7,10,17.18,5.7,1,0,0.097,1,2,1288,0
107.5,16,13.59,12.99,0,1,0.126,0,2,1932,1
36.27,22,31.03,4.47,0,0,0.36,1,1,729,0
15.8,10,53.55,11.65,0,0,0.246,1,1,1337,0
113.99,23,32.64,11.66,1,1,0.215,0,5,1345,0
18.44,14,24.43,2.04,0,0,0.593,1,5,595,0
137.0,18,39.09,1.57,1,0,0.142,1,2,30,0
134.78,5,36.88,1.23,1,1,0.428,1,3,580,0
35.02,21,32.75,15.7,1,0,0.324,0,1,1418,0
7.4,6,37.54,13.61,1,0,0.317,1,4,1298,0
326.85,3,22.01,10.66,0,1,0.24,0,1,1163,0
48.78,1,61.45,8.25,1,0,0.091,1,1,1208,0
23.95,15,4.56,20.11,1,0,0.156,0,1,1204,0
86.15,15,27.8,7.35,0,1,0.247,1,3,625,0
66.84,4,9.05,4.93,1,0,0.502,1,3,1320,0
122.85,21,20.28,2.84,1,1,0.203,1,2,499,0
17.08,6,4.94,10.07,0,0,0.387,1,2,796,0
45.53,14,11.88,12.13,1,0,0.124,0,2,720,0
10.12,12,13.38,9.6,1,1,0.113,1,2,1569,0
64.48,14,25.27,18.09,1,0,0.227,1,2,656,0
32.36,17,10.96,7.59,0,0,0.092,1,1,716,0
43.86,22,14.38,52.12,0,0,0.373,1,1,977,0
28.61,17,32.09,10.11,1,1,0.182,1,3,829,0
25.76,21,43.11,6.33,0,0,0.28,1,1,331,0
13.9,20,12.86,6.93,1,0,0.457,0,0,1372,0
73.0,8,48.11,13.85,1,0,0.219,0,3,30,1
146.89,13,30.45,43.69,0,1,0.52,0,0,1137,1
18.98,4,47.64,5.0,0,0,0.336,1,4,1440,0
57.6,22,19.21,16.75,0,0,0.114,1,3,544,0
51.02,23,14.15,13.09,0,0,0.202,1,3,499,0
33.38,21,16.84,30.32,0,0,0.104,1,1,288,0
7.2,17,24.74,4.72,1,0,0.425,0,2,503,0
9.01,20,18.87,15.0,1,0,0.375,0,5,185,0
15.17,19,19.33,22.24,0,0,0.075,0,1,1784,0
3.9,5,30.25,16.53,0,1,0.18,0,0,345,0
135.37,6,11.1,20.39,0,0,0.27,0,2,1182,0
47.83,12,20.92,7.27,1,0,0.189,1,0,1816,0
32.14,10,4.88,12.42,1,0,0.186,1,1,30,0
3.71,17,17.69,25.92,0,1,0.328,0,2,1383,0
5.34,17,13.18,1.65,1,0,0.189,1,3,470,0
33.04,23,13.62,7.42,1,0,0.527,1,1,1035,0
237.58,18,6.12,4.36,1,0,0.438,1,1,766,0
16.47,0,10.53,4.15,1,0,0.582,1,8,510,0
78.55,8,25.27,13.39,0,0,0.313,1,4,798,0
20.49,7,7.56,13.19,1,1,0.273,1,4,701,1
35.0,15,2.35,7.73,0,0,0.595,0,2,1479,0
111.57,8,28.14,11.7,0,0,0.533,0,2,666,0
23.43,23,72.17,9.54,1,0,0.168,0,5,973,1
16.61,6,9.97,1.28,0,0,0.164,0,3,767,0
136.74,10,60.58,2.79,1,0,0.356,1,6,588,0
34.66,19,1.99,16.8,1,0,0.419,1,3,1012,1
98.61,8,26.89,3.59,1,0,0.469,1,2,1202,0
16.69,1,9.02,7.61,1,0,0.322,0,1,736,1
135.19,7,70.92,14.29,0,0,0.183,0,1,1898,0
43.54,8,15.5,13.05,0,0,0.199,0,2,1254,0
51.15,14,10.63,5.33,1,0,0.253,1,1,1319,0
37.77,17,33.78,10.16,1,1,0.435,1,3,1259,0
19.98,13,32.19,7.33,0,0,0.451,0,1,1954,0
33.06,9,46.4,9.01,0,0,0.324,1,1,1314,0
21.27,12,21.92,29.53,1,0,0.158,0,1,1804,0
86.45,3,14.11,14.91,0,1,0.11,1,2,1282,0
27.03,4,40.72,9.01,0,0,0.069,1,1,794,0
7.41,14,11.94,10.4,1,0,0.254,0,0,128,0
6.18,20,4.42,0.47,1,0,0.426,0,2,1240,0
5.89,12,26.22,60.35,1,0,0.327,0,1,263,0
61.43,1,37.4,25.67,1,0,0.685,1,0,965,0
10.47,23,3.4,6.87,1,1,0.388,0,0,907,1
44.71,7,20.64,1.21,1,0,0.322,1,1,879,0
37.96,17,33.89,7.21,1,1,0.197,0,2,1353,0
31.04,21,11.05,22.43,1,0,0.316,0,1,361,0
51.34,23,60.01,20.46,1,1,0.239,0,3,1376,1
38.8,2,9.97,10.02,0,0,0.55,1,2,330,0
2.2,4,9.97,37.62,0,1,0.178,1,0,1393,0
23.96,15,12.09,8.37,0,1,0.181,0,2,1008,0
50.66,18,7.13,7.64,1,0,0.396,1,2,1243,0
170.76,20,9.97,14.23,1,0,0.033,1,4,1884,0
178.83,13,20.08,4.81,1,0,0.492,1,1,354,0
8.47,3,8.12,6.07,1,0,0.487,1,3,53,0
23.34,17,28.34,17.06,0,1,0.371,0,2,1153,0
6.92,16,3.84,4.27,1,0,0.268,1,3,577,0
151.39,11,8.23,14.22,1,0,0.141,0,0,1474,0
91.18,15,60.85,21.22,0,0,0.264,1,3,478,0
47.02,5,9.68,6.94,1,0,0.484,0,0,1345,0
39.1,19,17.54,8.24,1,0,0.281,0,3,1061,0
131.71,1,18.77,11.13,1,0,0.371,0,1,572,0
111.2,20,6.55,4.26,0,0,0.357,1,2,1503,1
105.43,20,8.86,6.7,0,0,0.36,1,1,433,0
52.28,16,23.79,1.88,1,0,0.189,0,2,969,0
23.35,19,9.73,3.37,1,0,0.206,1,1,582,0
71.32,21,9.24,9.26,1,0,0.211,1,2,1195,0
74.89,3,8.81,13.41,0,0,0.346,0,6,1119,0
27.37,13,45.91,13.5,1,0,0.612,1,2,910,0
23.31,15,39.39,5.34,0,0,0.258,1,0,216,0
102.85,22,20.35,5.44,1,0,0.58,1,4,785,1
174.88,17,15.24,6.18,1,0,0.092,0,2,521,0
15.65,14,19.46,10.01,1,1,0.144,0,0,705,1
25.45,13,25.15,3.35,1,0,0.477,1,2,646,0
47.04,3,25.28,1.52,1,0,0.029,1,2,1546,0
53.87,7,9.86,11.41,1,0,0.231,0,5,942,0
19.64,10,12.81,5.66,0,0,0.48,0,2,1222,0
217.79,21,11.7,13.57,0,0,0.147,0,7,1459,0
50.51,20,21.75,38.96,0,0,0.129,0,3,404,0
56.34,15,44.31,5.87,1,0,0.187,1,1,2056,0
192.27,2,17.63,14.47,1,0,0.237,0,1,906,1
21.14,17,19.0,0.73,0,0,0.38,1,3,100,0
30.31,11,8.13,6.99,1,0,0.134,0,3,1062,0
9.46,15,3.16,10.84,0,0,0.181,1,1,1069,0
27.87,10,12.49,0.52,0,0,0.365,1,1,490,0
7.47,17,29.32,27.17,1,0,0.133,1,3,2187,0
69.95,5,8.3,4.44,1,0,0.331,1,1,74,1
50.4,3,2.41,18.92,1,0,0.694,1,5,1067,0
25.1,5,26.01,15.46,1,0,0.093,1,2,1075,0
29.95,22,23.95,31.93,1,0,0.525,1,0,1486,0
70.91,1,10.22,0.75,0,0,0.487,1,3,1336,1
10.64,6,9.12,12.35,0,0,0.035,1,1,774,0
40.62,8,13.39,8.96,0,0,0.437,1,0,452,0
66.65,20,10.92,0.44,1,0,0.105,1,3,1298,0
5.57,8,52.44,8.3,1,0,0.466,1,0,720,0
65.69,21,13.05,7.45,1,0,0.213,1,3,1239,0
6.21,23,22.62,2.49,0,0,0.326,0,2,788,0
29.44,15,14.84,7.8,1,0,0.134,1,1,895,0
10.35,8,23.24,7.12,1,0,0.283,0,3,1812,1
138.55,14,10.53,5.91,0,0,0.116,1,2,288,0
10.41,16,10.19,12.7,0,0,0.639,1,1,503,0
6.36,2,17.53,17.43,1,0,0.334,0,2,1166,1
37.84,19,8.95,4.5,0,0,0.042,0,2,518,0
21.9,10,12.49,8.57,1,0,0.4,1,2,1664,0
7.36,20,28.37,31.29,0,1,0.325,1,0,30,0
56.03,14,40.41,8.48,1,0,0.408,0,2,213,0
4.52,20,64.67,4.35,1,0,0.384,1,4,833,0
11.75,1,26.72,2.97,0,0,0.12,0,2,1260,0
18.63,1,21.75,14.87,1,0,0.775,0,2,707,0
73.86,2,7.28,4.73,0,0,0.258,1,2,979,0
120.96,20,37.09,3.81,1,0,0.243,1,3,1619,0
99.76,23,50.82,14.07,1,0,0.147,1,3,1412,0
28.41,23,11.98,2.06,1,0,0.298,0,0,801,0
2.92,7,60.97,13.4,0,1,0.444,1,2,1015,0
48.95,6,39.91,3.15,1,0,0.288,0,1,696,0
144.11,8,26.97,3.85,0,0,0.467,1,0,2175,0
113.73,19,15.18,1.98,1,0,0.202,1,2,294,0
52.61,6,5.16,4.07,1,0,0.236,0,4,637,1
10.08,13,52.58,22.62,1,0,0.169,1,2,1433,0
19.58,15,4.58,56.53,1,0,0.254,0,2,933,0
229.02,8,54.31,7.89,1,0,0.673,1,3,1638,1
8.03,11,58.62,6.63,0,0,0.077,1,1,2011,0
10.51,15,7.42,17.56,1,0,0.217,1,1,1098,0
84.99,18,4.53,13.59,1,0,0.196,1,2,747,0
21.52,4,11.66,20.54,1,0,0.223,0,5,171,1
10.16,12,16.09,12.52,0,0,0.091,1,3,249,0
152.62,3,10.79,22.8,0,0,0.063,1,1,30,0
52.51,0,11.49,11.95,0,0,0.106,0,2,891,0
22.61,15,16.6,31.33,1,0,0.184,1,1,1698,0
10.53,11,51.19,17.16,1,1,0.269,0,1,409,0
256.57,6,14.89,29.24,1,0,0.247,0,2,1256,0
32.32,1,28.64,6.66,0,0,0.199,1,2,1198,0
133.93,22,5.39,7.57,1,1,0.328,1,1,297,0
80.93,19,18.52,11.27,0,0,0.168,1,1,1376,0
19.67,22,12.5,11.83,0,0,0.308,0,1,898,0
19.83,2,27.94,8.92,1,0,0.363,1,3,1818,0
140.66,0,4.93,9.76,0,0,0.186,0,2,747,0
142.95,5,43.16,7.36,0,0,0.64,0,1,1717,0
5.07,2,12.05,11.19,1,0,0.241,0,1,30,0
57.38,11,8.59,6.05,0,0,0.108,0,4,1047,0
29.34,15,58.16,22.13,0,0,0.094,0,2,30,0
11.78,4,21.11,16.4,0,0,0.213,1,0,30,0
43.02,9,16.27,11.32,0,1,0.135,1,3,1083,0
8.59,12,4.88,1.49,1,0,0.559,0,2,65,0
20.77,7,7.33,1.22,0,0,0.081,1,2,48,0
14.9,11,5.11,9.79,0,0,0.385,1,0,569,0
20.09,14,17.54,3.54,1,0,0.132,0,4,1145,0
30.83,22,39.52,14.76,1,0,0.275,1,1,1155,0
11.99,7,22.44,0.5,0,0,0.187,1,3,1037,0
159.68,2,18.43,35.29,1,0,0.189,1,2,972,0
54.23,20,16.64,2.38,1,0,0.59,1,4,303,0
199.25,13,32.78,20.66,1,0,0.203,0,1,220,0
28.22,11,14.21,7.06,1,0,0.247,0,1,1478,0
19.13,17,3.78,1.39,1,0,0.149,1,1,900,0
192.18,23,36.38,7.59,1,1,0.125,1,2,1191,1
18.58,3,6.1,26.98,1,0,0.135,1,2,737,0
27.71,20,3.2,6.96,1,0,0.209,1,0,893,0
68.04,15,21.65,25.22,0,0,0.359,1,2,1172,0
9.6,14,1.86,9.19,1,0,0.373,0,3,935,0
67.44,20,16.9,16.12,0,0,0.241,1,1,347,0
59.34,7,19.53,5.08,0,0,0.266,1,2,597,0
117.84,18,24.47,4.02,0,0,0.474,1,1,30,0
80.64,13,22.57,2.59,1,0,0.157,1,2,1151,0
121.51,22,4.55,11.39,0,0,0.056,1,1,520,0
29.65,11,32.83,14.0,0,0,0.651,1,1,947,0
13.98,17,16.44,7.42,1,0,0.523,1,3,456,0
273.14,11,12.31,4.61,0,0,0.514,1,1,873,0
7.19,9,4.91,30.74,1,1,0.412,1,3,1751,0
7.95,9,37.99,9.23,0,0,0.585,1,2,669,0
58.27,22,35.32,12.93,1,0,0.391,1,1,996,0
168.17,20,10.75,5.97,1,0,0.429,0,0,1391,0
40.03,5,24.57,1.48,0,0,0.601,0,0,1346,0
89.95,20,29.38,3.89,0,0,0.026,1,1,612,0
4.5,14,13.54,8.65,0,0,0.487,1,1,1539,0
20.09,2,35.61,1.9,1,0,0.203,0,1,1351,0
5.08,18,36.99,14.84,0,0,0.382,1,0,1093,0
72.27,3,2.63,8.88,1,0,0.206,0,2,30,1
7.05,20,28.56,7.98,1,0,0.145,1,2,1308,0
9.23,10,11.01,0.63,1,0,0.509,0,1,1124,0
55.37,21,7.76,8.58,1,0,0.29,1,5,1543,0
95.76,11,1.92,10.44,0,0,0.133,1,4,1399,0
28.25,2,18.3,3.35,1,0,0.422,0,5,1167,1
58.57,18,13.22,5.52,1,0,0.183,1,4,240,0
56.7,17,10.52,10.26,1,0,0.335,1,0,30,0
26.7,7,29.97,3.68,1,0,0.317,1,0,1329,0
11.08,4,115.39,5.41,1,0,0.218,1,2,1366,0
58.26,20,24.76,4.28,0,0,0.544,0,1,603,0
61.14,18,13.17,14.25,0,0,0.289,1,2,550,0
80.97,7,36.44,21.23,0,0,0.32,1,0,511,0
45.24,16,6.53,10.49,0,0,0.352,1,0,695,0
10.29,5,11.1,6.7,0,0,0.314,1,1,640,0
66.05,4,19.34,16.15,1,0,0.068,1,2,1111,0
33.07,15,19.51,1.41,1,0,0.458,0,4,691,1
20.44,19,33.57,8.4,0,0,0.095,0,1,295,0
24.66,22,49.95,22.15,0,0,0.273,1,1,1324,0
16.61,11,32.98,4.73,1,1,0.408,0,3,966,0
80.55,3,50.27,12.86,1,0,0.205,1,1,1490,0
8.02,13,51.9,17.07,1,0,0.38,1,3,1073,0
12.26,16,21.62,10.15,1,0,0.029,1,1,760,0
23.84,23,15.11,3.76,0,0,0.12,1,2,448,0
166.29,2,27.74,5.44,1,0,0.127,0,0,1818,0
95.04,15,3.0,14.42,1,0,0.245,1,1,1033,0
6.42,12,33.47,14.17,1,0,0.123,1,2,799,0
127.91,14,30.39,9.54,0,0,0.195,1,3,399,1
127.67,2,6.29,0.88,0,0,0.088,0,3,161,0
10.24,0,46.76,2.17,1,0,0.455,1,5,671,0
2.66,14,37.9,8.16,1,0,0.592,1,3,1689,0
30.81,4,26.53,4.51,1,0,0.496,0,0,1423,0
101.74,14,14.93,2.78,0,0,0.323,1,4,30,0
162.59,0,48.01,2.82,1,0,0.165,1,3,452,1
13.86,19,3.33,41.96,0,0,0.051,0,0,624,0
190.94,7,16.39,11.07,1,0,0.156,1,0,814,0
3.57,10,28.81,14.28,0,0,0.304,0,4,1139,0
22.92,8,40.56,7.08,0,1,0.285,1,2,180,0
21.82,10,37.13,19.23,1,0,0.218,0,3,1293,0
104.83,12,5.76,13.25,1,0,0.356,0,2,720,0
121.3,15,24.32,10.23,1,0,0.238,1,3,1004,0
85.99,16,19.74,10.42,1,0,0.286,1,1,1084,0
8.58,23,2.71,4.08,1,0,0.305,1,1,756,0
78.46,4,5.25,3.81,1,0,0.66,1,1,1005,0
55.09,20,1.94,10.88,0,0,0.469,0,2,810,0
6.23,14,2.7,17.54,0,0,0.195,1,2,1122,0
4.19,7,5.77,23.06,1,1,0.029,1,0,1073,0
93.5,22,15.39,15.37,0,1,0.558,0,1,1266,1
27.66,16,16.12,25.13,1,1,0.372,0,0,1674,0
9.16,4,23.71,22.14,1,0,0.378,0,2,637,1
26.89,4,9.58,7.7,1,0,0.323,0,2,1137,1
47.66,15,42.14,29.77,1,0,0.066,0,7,744,1
30.48,17,35.46,9.1,0,0,0.132,1,1,983,0
7.01,1,22.93,8.56,1,0,0.245,0,4,757,0
218.23,15,55.63,14.36,1,0,0.199,1,6,919,0
90.4,12,21.33,23.02,0,0,0.413,1,3,342,0
23.68,23,3.92,4.83,1,0,0.448,1,2,530,0
24.65,17,28.17,9.06,1,0,0.5,0,3,1806,0
47.44,21,18.76,7.64,0,0,0.139,1,1,2130,0
10.7,0,12.08,3.38,1,0,0.1,1,2,1179,0
45.73,18,13.65,4.82,0,0,0.207,1,1,520,0
8.75,8,25.04,3.56,0,0,0.152,1,2,1332,0
30.86,13,22.24,13.79,0,0,0.327,1,3,1890,0
10.29,21,63.89,7.31,1,0,0.434,1,4,617,0
10.83,20,20.06,6.24,0,0,0.341,1,0,827,0
171.7,5,21.34,12.52,1,0,0.05,1,2,902,0
35.14,5,18.57,12.79,1,0,0.129,0,3,1160,0
40.75,17,18.36,22.16,0,0,0.347,1,1,833,0
4.43,21,6.17,0.81,0,0,0.425,1,1,1018,0
18.23,14,10.7,18.84,0,0,0.237,0,2,1053,0
52.52,1,24.52,3.17,0,0,0.143,1,2,30,0
40.21,3,3.92,11.78,0,0,0.129,1,1,511,0
3.84,17,14.18,2.9,1,1,0.044,0,6,212,1
40.74,17,44.33,15.22,1,0,0.122,0,0,1072,0
47.78,21,13.49,5.2,0,0,0.332,1,4,559,0
119.55,12,53.36,13.41,1,0,0.445,1,4,506,0
17.2,10,13.75,4.4,1,0,0.155,1,4,557,0
3.52,2,37.21,1.27,0,0,0.548,1,1,698,0
12.22,18,19.11,4.55,1,0,0.143,1,0,993,0
11.06,22,6.29,12.81,0,0,0.411,0,1,902,0
69.18,1,62.54,7.14,1,1,0.091,1,2,1188,1
2.19,11,5.65,16.67,0,0,0.367,1,1,1344,0
21.15,8,11.52,8.11,1,0,0.53,0,2,30,1
137.8,17,68.01,11.28,0,0,0.1,0,2,1367,0
33.36,18,21.24,1.64,0,0,0.271,0,2,521,0
81.15,5,8.79,12.85,0,0,0.088,1,4,694,0
6.41,22,18.48,18.18,1,0,0.351,0,1,1734,0
6.67,3,27.67,2.27,1,0,0.564,1,3,667,0
139.39,18,13.44,33.26,1,0,0.154,0,2,1031,0
36.64,17,47.65,10.9,1,0,0.377,1,2,638,0
36.72,3,9.44,7.28,1,0,0.07,1,1,1009,0
10.82,16,1.95,6.42,1,0,0.178,1,4,1649,1
36.63,6,34.39,15.02,0,0,0.473,0,3,672,0
10.53,6,15.91,6.87,0,0,0.189,1,1,701,0
108.51,2,37.15,9.52,0,0,0.126,1,1,1628,0
506.66,17,12.89,18.34,0,1,0.51,0,3,571,1
53.73,19,24.55,8.04,1,0,0.101,1,3,1387,0
17.55,12,12.33,21.11,0,0,0.413,1,3,848,0
2.63,18,14.63,1.31,0,0,0.263,0,0,818,0
6.14,8,4.23,12.2,1,0,0.443,1,3,1382,0
156.78,13,6.07,5.37,0,0,0.09,1,3,725,0
11.83,18,22.59,12.62,1,1,0.366,0,0,1289,0
22.85,10,34.39,7.17,0,0,0.311,1,2,981,0
63.77,14,24.32,22.26,1,0,0.302,1,5,227,0
145.81,3,7.37,15.83,0,0,0.309,1,4,1073,0
27.12,12,26.19,5.57,1,0,0.156,0,6,921,0
22.09,20,22.31,5.12,0,0,0.119,0,1,150,0
35.57,18,9.51,12.06,0,0,0.104,1,5,556,0
17.68,7,15.43,7.64,0,0,0.467,1,1,1190,0
18.66,13,10.42,10.65,1,0,0.242,1,2,887,0
49.99,14,27.02,14.04,0,0,0.144,1,1,97,0
39.86,22,11.95,18.71,1,0,0.47,1,6,1849,0
279.11,19,27.68,6.64,1,0,0.258,1,3,1217,0
51.36,19,1.14,3.75,0,1,0.211,0,2,75,0
104.7,18,35.73,22.47,0,0,0.359,0,4,537,0
11.34,8,7.31,18.32,0,1,0.44,0,2,1413,0
55.99,9,50.65,12.81,0,0,0.186,1,2,1290,0
16.07,11,12.73,14.81,1,0,0.14,0,3,1333,0
49.18,10,43.92,8.51,0,0,0.25,1,2,30,0
65.92,22,2.6,14.43,1,0,0.243,1,1,1449,0
34.81,21,39.42,25.42,0,0,0.464,0,2,1242,0
367.72,21,8.54,3.25,1,0,0.091,1,2,1913,0
138.1,14,39.19,4.19,1,1,0.245,0,1,748,1
107.47,4,17.51,15.89,0,1,0.07,1,0,946,0
71.11,3,13.89,26.58,0,0,0.403,1,3,1764,0
193.13,6,44.69,30.67,0,0,0.036,0,3,1196,0
7.87,15,10.97,3.78,1,0,0.185,1,1,30,0
130.36,8,53.29,3.85,1,0,0.211,1,3,1267,1
12.29,15,14.43,3.75,1,0,0.695,1,3,452,0
18.83,21,18.69,8.97,1,0,0.511,1,1,831,0
58.06,8,20.43,1.16,0,0,0.354,1,2,1172,0
113.66,22,5.78,19.84,0,0,0.228,1,1,792,0
10.45,12,23.5,18.73,1,0,0.44,1,3,865,0
19.84,19,8.53,11.05,1,0,0.486,1,2,1308,0
36.51,1,6.92,5.3,0,0,0.38,1,2,673,0
27.48,6,6.83,4.6,1,0,0.472,1,1,1431,0
77.79,22,12.7,15.23,1,0,0.294,1,2,1419,0
1028.57,21,46.0,23.29,1,0,0.19,0,1,1357,0
50.37,13,9.55,5.26,1,0,0.198,0,2,1306,0
15.88,0,23.0,23.83,1,0,0.221,1,5,1805,0
9.06,1,43.28,13.03,1,0,0.124,0,3,1822,0
23.92,10,14.49,24.33,0,0,0.621,1,3,570,0
12.93,21,20.14,6.64,1,0,0.061,1,1,30,0
52.85,9,48.56,2.33,1,0,0.199,1,2,701,0
52.04,21,26.57,24.35,0,0,0.158,1,2,1792,0
20.84,12,24.15,4.82,1,0,0.185,0,1,859,0
241.04,3,17.51,20.21,0,0,0.055,1,1,1292,0
15.87,13,52.21,0.55,1,0,0.277,0,1,1024,0
29.39,8,12.79,9.43,1,1,0.366,1,2,635,0
62.75,5,11.32,13.14,1,0,0.341,1,3,1487,1
80.81,16,13.38,10.92,0,0,0.448,1,1,1190,0
118.82,4,28.28,11.11,1,0,0.497,1,0,1281,0
50.83,21,21.87,8.29,0,0,0.253,1,1,1993,0
94.72,19,7.64,7.68,1,0,0.28,0,1,557,0
17.03,18,30.86,12.13,0,0,0.206,1,2,1009,0
82.94,1,26.24,22.76,1,0,0.252,1,1,476,0
81.84,23,9.61,4.8,0,0,0.305,0,4,989,0
150.34,11,23.22,15.79,1,0,0.211,0,0,449,0
6.24,17,36.19,2.42,1,1,0.472,0,2,643,0
13.37,4,14.01,13.97,0,0,0.54,0,1,1113,0
75.43,18,2.7,5.81,1,0,0.369,0,2,1448,0
2.34,7,16.23,4.04,0,0,0.165,0,6,1031,0
54.16,16,13.29,11.91,0,1,0.194,1,1,712,0
95.56,6,1.83,25.62,0,0,0.631,1,1,1046,1
18.61,22,11.53,3.43,0,1,0.234,0,0,922,0
21.54,17,6.13,2.71,1,0,0.244,1,1,391,0
11.31,10,44.12,9.34,1,0,0.404,1,0,1220,0
19.66,10,44.48,4.22,0,0,0.491,0,1,913,0
20.24,0,24.86,9.62,1,0,0.178,1,2,571,0
16.73,7,15.4,6.56,0,1,0.562,1,2,1078,0
15.84,18,12.7,2.75,0,0,0.051,1,1,30,0
25.25,19,34.24,4.87,0,1,0.084,1,3,45,0
24.95,23,14.47,20.41,1,0,0.572,1,5,1186,0
215.75,2,16.91,7.32,0,0,0.628,1,2,30,0
22.33,6,21.26,9.0,1,0,0.246,1,0,2156,0
46.72,18,51.77,4.05,0,0,0.2,0,2,953,0
18.6,8,3.2,11.84,1,0,0.281,1,2,293,0
18.36,5,9.9,16.36,0,0,0.257,0,1,592,0
6.02,6,4.68,10.29,1,0,0.175,1,0,981,0
6.88,22,24.33,7.0,1,0,0.406,0,1,902,0
9.9,20,3.32,18.71,1,0,0.221,0,1,196,0
39.79,0,8.47,9.28,0,0,0.274,0,5,1029,0
97.14,20,19.76,22.34,0,0,0.452,1,1,30,0
5.55,13,30.68,14.66,1,0,0.24,1,5,1592,0
19.12,20,16.08,6.84,0,0,0.328,1,2,539,0
8.44,14,8.61,1.72,0,1,0.435,1,3,677,0
25.42,16,13.15,14.99,0,0,0.393,1,5,1375,0
97.1,13,12.61,22.44,0,0,0.173,1,3,1196,0
21.18,17,33.81,3.3,0,0,0.29,0,3,1381,0
31.58,19,9.48,8.5,0,0,0.534,1,0,1301,0
141.92,12,32.29,14.85,1,0,0.275,0,2,1008,0
52.35,2,15.8,6.9,1,0,0.407,1,3,269,0
15.49,2,38.29,9.4,1,0,0.129,0,2,54,0
38.82,9,18.64,29.26,1,0,0.186,1,1,916,0
14.48,11,10.54,11.7,1,0,0.139,0,0,819,0
50.42,20,37.8,4.22,0,0,0.261,1,2,1212,0
55.44,0,69.4,9.27,0,0,0.11,1,1,495,1
8.44,21,19.67,9.41,0,0,0.13,0,4,403,0
39.45,1,34.1,3.36,0,0,0.2,1,6,817,0
29.44,11,19.0,37.85,1,0,0.503,0,1,678,0
57.09,10,9.16,0.36,0,0,0.592,1,1,121,0
76.05,13,39.48,1.75,1,0,0.402,1,4,904,0
53.38,1,5.48,3.27,1,0,0.362,0,4,2037,0
24.45,18,4.7,1.77,0,1,0.263,0,1,942,0
84.21,3,39.82,1.04,0,0,0.366,0,2,1460,0
13.83,18,13.62,29.3,1,1,0.546,1,3,1698,0
8.84,13,6.23,15.61,1,1,0.224,1,3,956,0
1.36,21,53.48,19.37,0,0,0.191,1,5,1168,0
30.87,23,29.44,6.47,0,0,0.592,1,1,644,0
14.56,20,16.1,23.25,1,0,0.427,1,2,332,0
49.29,10,22.64,14.99,1,0,0.065,1,0,527,0
4.61,9,20.6,6.2,0,0,0.729,0,1,1636,0
17.34,15,29.09,13.71,0,0,0.058,0,2,706,0
53.0,15,15.58,2.05,1,1,0.471,1,3,849,0
11.82,18,30.98,12.02,0,0,0.322,0,1,510,0
49.86,11,19.52,7.83,1,0,0.133,1,1,973,0
18.97,11,2.03,29.04,1,0,0.03,1,2,1344,0
32.05,2,11.09,20.53,0,0,0.346,0,3,1831,0
60.05,4,26.92,2.0,0,0,0.292,0,1,30,0
85.87,19,4.57,3.68,0,0,0.233,0,4,763,0
36.32,23,19.53,39.08,1,0,0.489,1,3,1221,0
14.67,14,13.65,6.44,0,0,0.582,0,3,1307,1
20.95,8,54.22,1.94,1,0,0.436,1,2,1437,1
62.61,1,31.76,16.24,1,0,0.197,0,4,639,1
11.93,1,4.84,25.91,1,0,0.365,1,2,54,0
27.71,16,27.94,7.53,1,0,0.053,0,2,1603,0
22.51,15,13.41,13.32,1,0,0.057,1,3,1130,0
29.86,6,18.2,8.57,1,0,0.114,1,4,943,0
12.07,4,13.55,16.41,1,0,0.329,0,3,1251,0
5.2,1,55.4,4.2,1,0,0.298,1,3,898,0
55.74,16,52.3,11.25,0,1,0.137,0,1,1219,0
86.85,14,9.43,20.11,1,0,0.701,1,0,30,0
5.52,7,38.28,6.22,1,0,0.354,1,1,1263,0
47.89,17,10.83,18.96,0,0,0.109,1,3,1359,0
97.83,20,8.92,15.76,0,0,0.227,1,4,1077,0
60.09,12,19.55,2.68,1,0,0.524,0,0,617,1
21.83,6,17.4,4.36,1,1,0.124,0,0,867,1
12.89,0,7.56,17.38,1,0,0.189,0,0,1417,0
35.91,19,3.48,4.31,0,0,0.293,0,1,1234,0
42.43,13,18.17,0.38,0,1,0.296,0,2,1132,0
36.45,8,7.56,10.5,0,0,0.049,0,1,1224,0
27.66,0,14.35,9.84,1,0,0.206,0,1,1186,0
11.22,19,41.02,16.64,1,0,0.311,1,2,622,0
50.54,22,15.21,24.44,0,0,0.125,0,1,879,0
53.03,11,3.27,9.89,1,0,0.228,1,6,1445,0
40.48,6,37.71,12.29,1,0,0.133,1,1,922,0
37.0,14,25.21,1.81,1,0,0.086,0,1,345,0
177.55,20,33.36,6.6,0,1,0.224,1,2,502,0
17.74,14,17.13,46.82,1,0,0.365,1,2,496,0
119.28,0,17.04,14.55,1,0,0.193,0,4,312,0
15.89,4,72.4,25.19,1,0,0.135,1,1,444,1
100.38,2,25.36,6.55,1,0,0.236,1,1,1821,0
113.68,9,37.26,5.62,0,0,0.042,1,5,826,0
24.7,10,114.29,5.46,1,0,0.241,1,1,1707,1
174.33,12,70.89,19.63,0,1,0.475,1,1,1438,0
52.93,18,5.81,7.79,1,0,0.124,1,2,317,0
13.77,2,7.26,1.74,0,0,0.348,1,1,682,0
22.78,22,4.68,8.44,1,0,0.252,0,1,456,0
102.8,6,16.85,5.76,1,0,0.085,1,2,1202,0
83.35,12,82.14,20.59,1,0,0.327,1,3,953,0
11.5,5,0.25,37.39,1,1,0.215,0,1,137,0
28.81,8,10.75,1.81,0,0,0.047,0,0,755,0
40.59,19,17.1,14.95,0,0,0.238,0,4,936,0
19.93,1,6.6,22.92,1,0,0.455,1,2,1046,0
349.95,11,13.9,17.39,1,0,0.107,1,3,366,0
41.83,14,14.71,5.68,1,0,0.466,0,2,622,0
31.13,13,4.2,7.07,1,0,0.279,1,3,946,1
108.95,9,32.61,9.58,1,0,0.313,1,2,967,0
22.98,9,14.04,4.77,1,0,0.599,1,2,413,0
90.69,21,6.07,11.36,0,1,0.414,1,4,847,0
6.25,5,17.33,26.5,0,1,0.175,1,1,690,1
21.04,11,31.77,14.79,1,1,0.329,0,1,1287,0
94.54,8,16.07,1.24,1,0,0.175,1,4,754,0
159.21,18,6.69,8.6,0,0,0.208,1,3,1171,0
15.28,19,20.06,34.59,1,1,0.041,1,0,1311,0
13.6,20,67.47,4.17,1,0,0.461,1,3,1219,0
58.41,2,10.33,17.35,1,0,0.735,0,2,1337,1
17.76,2,7.75,2.7,1,0,0.279,0,4,779,0
25.32,9,11.84,14.68,1,0,0.112,0,2,294,0
79.55,10,8.31,7.08,1,0,0.443,0,0,298,0
19.22,1,8.65,29.1,1,0,0.323,0,2,1142,1
4.64,21,5.38,28.96,0,0,0.178,1,3,1893,0
9.02,21,37.15,1.9,1,1,0.283,0,1,574,0
33.45,10,29.66,8.38,0,0,0.143,0,4,1587,0
5.14,18,13.19,6.41,0,0,0.389,1,4,207,0
24.6,13,9.97,16.97,1,0,0.203,1,1,947,0
8.23,15,23.61,7.93,1,0,0.097,0,1,124,0
170.71,20,19.76,26.73,0,0,0.384,0,3,538,0
288.63,2,19.19,7.4,1,0,0.226,1,1,345,0
11.49,5,45.68,10.8,1,0,0.504,1,5,1429,0
42.81,10,25.8,8.06,0,1,0.149,0,2,1837,0
12.67,21,145.86,17.06,1,0,0.33,0,5,30,1
24.31,14,10.87,30.52,1,0,0.304,0,1,461,0
201.03,9,69.45,20.0,1,0,0.134,1,2,2045,0
20.77,0,24.83,6.9,1,0,0.207,1,1,1782,0
24.88,14,6.4,2.65,0,0,0.225,0,2,1176,0
12.9,6,9.08,4.74,1,0,0.247,1,0,746,0
104.19,7,28.37,25.01,1,0,0.215,0,4,413,1
1.27,23,4.89,11.14,0,0,0.251,1,7,668,0
21.27,12,16.03,12.12,1,0,0.403,0,1,560,0
31.63,3,87.55,19.09,0,0,0.649,1,1,1390,0
17.1,1,0.51,9.78,0,0,0.175,1,4,749,0
78.54,9,15.94,21.13,1,0,0.278,1,0,983,0
110.17,1,9.09,8.14,0,0,0.456,1,2,2185,0
8.07,10,71.33,6.59,1,1,0.401,0,1,861,1
268.67,9,14.95,3.06,1,0,0.133,0,3,859,0
7.98,21,7.75,0.57,0,0,0.084,0,1,1485,0
120.14,8,4.97,11.36,1,0,0.243,1,0,1293,0
38.47,6,5.73,18.12,1,0,0.178,0,1,1115,0
20.01,14,63.98,18.02,0,0,0.329,1,3,30,0
21.99,15,1.1,25.76,0,0,0.242,1,3,1951,0
32.02,0,25.55,9.16,1,0,0.248,1,3,1275,0
40.79,2,48.88,25.47,0,0,0.232,0,3,1266,1
13.2,4,15.76,10.23,0,0,0.207,1,4,1547,0
26.21,18,5.84,3.0,1,0,0.485,0,6,1457,0
15.32,5,25.47,14.39,1,0,0.335,1,2,804,0
9.83,23,7.27,3.23,1,0,0.097,1,2,1896,0
14.62,10,9.78,9.15,0,1,0.176,1,2,605,0
10.49,22,8.22,22.32,0,0,0.327,0,2,30,0
21.76,5,8.6,0.24,1,0,0.161,1,1,758,0
51.03,10,35.47,10.7,1,0,0.238,1,4,248,0
37.36,3,14.23,4.9,0,0,0.186,1,5,1066,1
238.49,20,26.76,22.42,1,0,0.181,1,1,534,0
3.63,14,26.71,32.63,0,0,0.323,0,1,1000,0
52.95,1,16.89,7.57,1,0,0.144,0,1,747,0
33.33,17,50.96,16.35,1,0,0.276,1,2,1035,0
74.86,21,6.67,1.93,1,0,0.05,0,1,500,0
67.79,16,15.31,12.61,0,0,0.069,1,2,613,0
28.08,19,2.1,3.58,1,0,0.468,1,0,89,0
39.36,6,17.86,4.11,1,0,0.334,1,1,1067,0
15.74,10,33.83,8.58,1,0,0.273,1,2,1301,0
61.17,20,4.16,4.16,0,0,0.208,0,3,1241,0
5.06,14,10.14,13.06,0,0,0.421,1,2,553,0
72.01,14,8.37,9.82,1,0,0.279,1,1,1072,0
32.36,18,0.44,5.26,1,0,0.307,1,2,581,0
20.35,14,5.76,4.84,1,0,0.482,0,0,647,0
26.24,3,28.33,14.92,0,0,0.647,0,3,30,1
28.24,5,16.26,17.9,1,0,0.075,1,2,1024,0
121.18,18,21.94,10.68,0,0,0.089,0,1,940,0
840.08,5,33.93,16.78,0,0,0.25,0,1,1081,0
112.15,15,60.06,3.14,0,0,0.282,1,1,2045,0
18.82,11,5.72,3.71,0,0,0.45,1,1,299,0
62.16,14,25.89,5.47,1,0,0.147,1,3,1541,0
64.93,5,9.77,2.84,1,0,0.362,0,5,1145,0
13.13,7,6.3,7.78,1,0,0.225,0,0,606,0
9.39,16,13.01,4.54,1,0,0.347,1,1,1346,0
31.08,4,26.84,6.59,1,0,0.177,1,3,916,0
74.27,7,17.58,4.06,0,0,0.212,1,3,1069,0
6.61,23,11.57,6.27,1,0,0.062,1,1,508,0
16.1,3,29.05,9.74,1,0,0.482,0,1,751,0
58.71,13,27.36,16.15,1,0,0.412,1,3,300,0
34.53,3,10.93,24.16,1,0,0.087,1,4,1281,0
136.49,16,25.71,7.44,1,0,0.51,1,5,1860,0
8.07,3,17.17,4.45,0,0,0.237,1,2,623,0
347.99,13,8.42,1.23,0,0,0.185,0,2,1083,0
7.11,10,27.24,41.44,0,0,0.13,0,2,616,0
4.35,16,27.92,17.61,0,0,0.329,1,3,46,0
31.22,0,5.23,11.07,1,1,0.238,0,1,750,0
10.65,12,25.56,2.12,0,1,0.117,0,2,883,0
31.86,13,37.31,0.42,0,0,0.073,1,3,1416,0
30.76,5,5.86,1.15,0,0,0.259,1,5,1277,0
27.23,7,19.84,5.67,1,0,0.256,1,1,1038,0
14.26,16,6.0,4.68,1,0,0.097,1,3,1150,0
51.04,13,6.63,4.32,1,0,0.306,0,4,31,1
24.11,13,2.94,5.02,1,0,0.271,1,5,2384,0
99.85,22,40.99,19.93,0,0,0.471,0,3,30,0
27.65,9,37.57,2.09,1,0,0.335,1,3,1650,0
12.62,20,39.2,2.98,0,1,0.073,1,2,375,0
6.12,23,11.96,3.11,0,0,0.364,1,1,918,0
27.88,13,33.86,5.52,1,0,0.066,1,4,1552,0
9.31,5,6.25,1.2,0,0,0.072,1,1,1758,0
8.59,10,5.15,14.07,1,0,0.171,0,1,874,0
56.12,1,12.17,4.4,1,0,0.248,1,3,581,0
5.6,16,35.87,7.91,0,0,0.233,0,4,385,0
135.94,6,20.35,9.31,1,0,0.477,1,0,673,1
38.85,22,10.87,6.52,1,0,0.497,0,2,538,0
31.69,15,10.35,17.85,1,0,0.611,1,0,1662,0
11.77,11,41.05,23.64,0,0,0.166,1,0,410,0
71.12,4,29.75,2.37,1,0,0.094,0,1,200,0
33.02,2,42.64,4.18,0,0,0.324,0,2,576,0
16.67,16,40.51,3.33,0,0,0.258,0,2,1820,0
40.44,18,2.28,1.72,0,0,0.425,0,1,515,0
6.15,6,36.99,15.65,0,0,0.091,1,3,1190,0
6.45,0,30.18,13.04,1,0,0.21,1,1,1287,0
10.8,7,6.94,4.32,1,0,0.172,1,0,317,0
46.97,18,12.11,4.14,0,1,0.57,1,3,924,0
33.01,13,14.54,10.8,1,1,0.293,1,6,944,1
94.54,2,59.07,6.96,0,0,0.218,0,2,1180,1
13.2,2,17.74,10.98,0,0,0.807,1,2,1330,0
58.83,2,29.19,5.09,0,1,0.14,1,3,578,1
29.55,18,36.58,10.05,1,0,0.244,1,3,730,0
12.9,18,11.41,18.56,1,0,0.285,0,1,869,0
48.68,9,40.28,7.95,0,0,0.193,1,1,2229,0
31.0,16,16.14,11.19,1,0,0.225,0,2,219,0
17.65,0,88.42,7.34,0,0,0.042,0,3,821,0
34.54,13,6.83,14.71,1,0,0.482,1,3,991,0
29.09,6,14.83,12.31,1,1,0.075,1,2,457,0
28.4,19,37.87,14.5,0,1,0.23,1,2,1259,0
21.92,11,8.74,9.75,0,0,0.435,0,6,455,0
8.98,20,31.64,27.36,1,0,0.041,0,5,870,1
35.69,13,12.73,16.09,0,0,0.49,1,1,322,0
14.84,10,5.78,9.07,1,1,0.457,0,2,277,1
11.94,22,4.66,11.22,1,0,0.382,1,3,700,1
26.03,23,19.74,38.76,0,0,0.113,1,1,655,0
68.99,10,24.46,7.15,0,0,0.335,0,3,942,0
39.87,8,6.47,11.45,0,0,0.391,1,2,1023,0
19.47,15,26.17,27.16,1,0,0.501,0,2,1694,0
18.7,4,4.24,2.97,1,0,0.072,0,1,550,0
62.54,9,11.57,5.81,0,0,0.104,0,2,30,0
3.01,20,15.81,19.55,1,0,0.13,1,2,140,0
73.51,21,14.74,3.99,0,0,0.098,0,3,659,0
5.08,9,18.96,7.08,1,1,0.149,1,4,287,0
8.04,9,15.28,10.89,0,0,0.271,1,4,1079,0
19.8,20,13.53,17.39,1,0,0.517,0,2,30,0
290.07,4,13.48,2.06,0,0,0.172,1,2,296,0
177.22,1,9.53,18.38,1,0,0.472,0,3,301,1
67.12,1,26.59,10.03,1,0,0.241,0,1,524,0
47.3,2,13.64,10.65,1,0,0.229,0,4,498,0
5.14,21,8.55,1.28,1,0,0.23,0,1,864,0
38.74,0,25.3,8.53,1,1,0.279,1,4,1018,0
19.12,7,22.44,2.47,1,0,0.574,0,3,822,0
14.63,14,6.18,29.2,1,0,0.085,1,4,869,0
38.66,14,45.83,6.56,1,0,0.233,1,5,824,1
20.67,19,11.68,24.46,1,0,0.479,1,3,213,0
78.99,23,12.15,10.42,1,0,0.138,1,1,1131,0
4.78,9,16.26,24.77,1,1,0.486,0,1,674,0
35.7,5,21.88,0.7,1,0,0.39,1,1,30,0
13.75,2,16.91,3.72,1,0,0.153,1,3,509,0
21.99,21,7.83,23.38,1,0,0.251,1,3,321,0
44.91,8,2.54,33.8,1,0,0.338,0,6,877,0
10.83,21,45.2,7.47,0,0,0.071,1,3,1134,0
39.03,8,6.87,5.19,0,0,0.392,1,2,397,0
26.78,18,23.91,1.88,1,0,0.481,1,0,836,0
17.11,15,16.8,1.03,1,0,0.439,0,4,1388,0
20.69,17,1.81,0.89,1,0,0.278,0,2,519,0
28.37,15,9.36,9.21,0,1,0.303,1,4,977,0
15.37,7,53.09,8.7,1,1,0.155,0,3,860,0
33.35,2,2.79,2.46,1,0,0.356,1,1,918,0
25.07,0,12.57,4.41,0,0,0.518,0,1,1045,0
17.97,10,21.87,6.7,1,0,0.323,1,1,1100,0
162.36,21,6.9,0.63,1,0,0.248,1,1,836,0
50.16,15,18.33,10.89,0,0,0.225,0,3,366,0
22.59,16,25.6,12.14,1,1,0.433,1,2,872,0
38.32,6,23.14,14.83,1,0,0.09,0,0,964,0
11.86,11,18.29,13.71,1,0,0.087,1,1,504,0
21.4,9,14.39,7.96,0,0,0.472,1,0,730,0
24.04,3,7.18,28.95,1,0,0.132,1,2,868,0
9.52,14,25.0,5.44,1,0,0.446,0,2,1269,0
48.78,8,16.53,13.48,1,0,0.294,1,3,2057,0
19.97,9,58.14,2.28,1,0,0.207,1,2,920,0
23.21,14,29.99,2.35,1,1,0.64,1,0,1166,0
18.75,0,10.8,12.61,1,0,0.215,0,1,1197,0
638.48,22,20.02,3.19,1,0,0.358,1,0,1006,0
17.07,5,5.19,12.48,1,0,0.175,1,2,189,0
4.18,16,2.39,13.08,1,0,0.207,1,0,316,0
6.69,18,10.48,31.29,1,0,0.346,1,1,706,0
70.76,3,4.16,2.09,0,0,0.203,1,2,413,0
126.02,5,27.69,1.67,1,0,0.11,0,2,483,0
16.75,9,54.47,9.66,0,0,0.236,0,3,238,0
118.98,19,37.06,22.85,1,0,0.148,1,0,1210,0
69.52,15,12.09,9.24,0,0,0.228,1,2,30,0
27.4,11,28.61,58.38,1,1,0.364,0,2,1262,1
25.52,20,10.0,12.25,1,1,0.326,1,3,1539,0
39.68,11,40.59,11.49,1,0,0.299,0,3,1264,0
79.64,21,25.61,6.65,1,1,0.54,1,2,408,1
49.27,18,16.32,13.95,1,0,0.595,1,1,1060,0
16.83,4,15.44,22.26,1,0,0.219,1,3,1116,0
27.82,9,25.57,10.46,1,0,0.167,0,1,138,0
240.15,0,15.56,20.58,0,0,0.172,0,4,1456,0
42.57,5,35.58,10.35,1,0,0.079,0,0,908,0
78.99,0,11.87,1.88,1,0,0.085,0,1,1403,0
56.82,2,14.16,16.37,1,0,0.104,1,4,130,0
43.53,0,14.87,10.72,0,0,0.166,1,1,1366,0
36.92,16,13.29,21.65,0,0,0.236,0,3,1329,0
81.24,9,7.66,16.86,0,0,0.1,1,1,2106,0
67.94,11,11.1,1.37,0,0,0.444,1,1,521,0
43.12,18,16.08,5.66,0,0,0.816,0,0,30,0
16.55,19,15.11,3.32,0,0,0.145,1,0,1288,0
48.69,12,49.37,8.88,1,0,0.405,1,0,425,0
30.97,10,21.95,8.13,0,0,0.318,1,1,1359,0
24.33,15,42.03,1.17,1,0,0.414,1,1,332,0
482.4,9,3.59,5.1,0,0,0.655,1,5,1250,0
7.11,10,32.28,5.12,1,0,0.163,0,1,683,0
86.36,7,21.96,13.16,0,1,0.392,1,1,1243,0
13.98,4,14.92,8.49,1,0,0.253,0,2,1085,1
37.76,4,7.07,4.34,0,0,0.191,1,2,1251,0
432.07,15,27.29,3.62,0,0,0.575,0,1,1292,0
12.65,19,24.46,1.13,1,0,0.486,0,1,1149,0
16.06,10,28.06,16.32,0,0,0.043,0,1,323,0
32.54,2,10.85,16.68,1,0,0.51,1,2,1594,0
14.19,14,35.46,23.27,1,0,0.256,1,1,902,0
80.16,21,25.93,4.8,0,0,0.142,0,3,1155,0
19.4,12,11.69,28.92,1,0,0.303,0,2,732,0
63.69,0,45.9,16.55,1,0,0.257,0,4,1334,0
8.77,1,19.55,18.32,1,0,0.444,1,0,1018,0
5.44,12,2.76,6.23,0,0,0.181,1,2,1143,0
26.34,20,11.68,5.81,1,0,0.264,1,6,467,0
6.9,1,35.17,14.9,1,0,0.393,0,4,1367,1
151.15,18,11.99,23.91,1,1,0.206,0,2,1030,1
7.17,18,17.02,29.0,1,0,0.252,0,2,102,1
11.73,1,35.93,25.95,1,0,0.202,0,2,540,0
50.08,5,12.12,12.9,0,0,0.096,0,2,1083,0
18.42,0,29.51,2.28,0,0,0.185,1,2,1300,0
7.25,13,5.38,17.65,0,0,0.146,1,0,1286,0
254.67,4,21.39,3.6,0,0,0.377,0,1,389,1
12.16,21,20.43,36.71,0,0,0.181,0,0,965,0
27.21,2,22.84,25.23,1,0,0.126,1,2,428,0
26.86,15,24.99,9.19,0,0,0.269,0,3,779,0
67.38,18,17.6,10.12,1,0,0.203,1,5,512,0
52.58,4,15.98,15.15,1,0,0.249,0,3,1103,0
14.49,6,16.96,9.83,1,0,0.641,1,3,1448,0
23.91,19,44.68,15.98,0,0,0.105,1,2,1701,0
26.39,2,19.0,9.03,0,0,0.226,0,0,1023,0
70.03,10,68.97,5.75,1,1,0.087,1,2,670,1
10.3,6,24.9,3.62,0,0,0.153,0,0,31,0
249.16,0,19.01,6.09,0,0,0.361,1,2,1189,0
15.5,10,5.88,10.96,0,0,0.255,1,3,1479,0
32.83,11,30.99,3.28,0,0,0.364,0,3,1600,0
10.38,8,13.8,19.71,0,0,0.109,1,2,681,0
9.04,19,34.5,11.02,1,0,0.488,0,0,843,0
13.81,2,9.14,7.3,1,0,0.232,1,2,1084,0
12.55,10,16.89,3.11,1,0,0.743,0,5,930,0
21.88,4,13.33,21.24,0,0,0.223,0,3,334,0
12.44,18,29.29,27.99,0,0,0.112,1,3,241,0
66.39,13,47.22,0.27,1,0,0.649,1,3,1392,0
15.14,16,16.6,10.26,1,0,0.797,1,2,1564,0
13.55,2,12.45,24.31,1,0,0.205,1,2,599,1
22.35,10,6.21,15.29,1,0,0.522,1,3,1391,0
89.37,1,11.29,1.4,0,0,0.394,1,2,1130,0
41.05,7,47.65,6.88,0,1,0.334,1,2,814,0
29.97,22,16.79,2.7,0,0,0.389,1,4,986,1
7.9,17,24.01,3.23,0,0,0.039,0,1,1469,0
10.56,1,4.37,9.43,0,1,0.243,0,2,612,0
9.22,8,4.18,13.8,1,0,0.452,1,1,816,0
122.35,20,3.64,5.03,1,0,0.552,1,0,482,0
56.29,4,39.49,8.63,0,0,0.374,1,1,119,0
13.99,18,17.32,13.77,0,0,0.406,1,3,1351,0
18.83,7,8.83,1.46,1,0,0.218,1,1,342,0
14.51,11,31.67,3.18,1,1,0.211,1,2,1026,0
13.66,21,13.2,3.86,1,0,0.116,1,1,1237,0
52.47,16,34.41,6.21,0,0,0.452,1,3,780,0
24.84,6,16.57,7.01,1,0,0.225,1,0,1169,0
265.38,0,34.76,9.66,1,0,0.206,1,1,610,0
115.63,5,7.89,5.06,0,0,0.227,1,2,1791,0
122.67,10,23.37,14.64,0,0,0.032,1,0,565,0
64.8,3,27.81,5.51,1,1,0.262,1,5,2106,1
21.7,21,3.88,2.3,1,0,0.089,1,3,303,0
60.21,1,17.34,4.44,1,0,0.156,1,3,443,0
23.36,12,6.04,2.68,1,1,0.574,0,4,636,1
169.06,23,4.32,0.45,1,0,0.302,1,1,1279,0
49.61,8,14.03,33.79,1,0,0.28,1,0,671,0
43.05,12,24.12,0.44,0,1,0.401,1,2,1870,0
37.6,1,9.15,5.87,1,0,0.352,0,1,858,0
188.72,17,14.6,8.49,0,0,0.151,0,2,1221,0
7.9,23,10.39,8.2,1,0,0.105,0,3,836,0
208.16,18,32.71,0.35,1,1,0.004,1,1,511,0
27.49,3,41.48,9.37,1,0,0.213,0,3,444,0
8.12,8,78.21,21.18,1,0,0.461,0,4,1113,0
15.61,17,37.6,1.44,1,0,0.127,1,2,957,0
6.35,19,25.76,9.17,1,0,0.133,1,1,30,0
63.67,9,32.68,9.37,1,0,0.019,0,3,1216,0
11.72,23,10.5,7.44,1,0,0.358,1,2,814,0
39.2,4,13.79,37.49,1,0,0.207,1,1,1499,0
102.95,17,20.71,7.24,1,1,0.529,0,2,746,0
16.91,11,3.72,4.62,0,0,0.312,1,1,1010,0
25.33,17,9.77,0.93,0,0,0.141,1,2,974,0
8.99,14,70.57,23.71,1,0,0.115,0,2,524,0
22.46,10,13.89,2.63,0,0,0.408,0,3,952,1
434.43,19,3.06,10.52,1,0,0.245,1,0,935,0
72.09,20,11.49,25.82,0,0,0.285,0,2,1479,0
25.41,19,19.62,12.81,1,0,0.107,0,2,572,0
17.96,2,24.69,1.29,1,0,0.101,1,2,458,0
31.73,10,16.6,15.3,1,0,0.497,1,2,1486,0
37.71,17,22.82,4.3,1,1,0.231,0,0,1569,0
21.78,20,9.64,14.29,0,0,0.054,0,3,415,0
56.26,8,42.31,33.58,1,0,0.57,1,2,731,0
12.76,17,35.98,13.24,0,0,0.307,1,6,1278,0
12.7,13,2.51,8.03,1,0,0.536,1,5,133,1
47.95,5,6.87,3.73,1,0,0.238,0,3,631,0
10.29,21,31.8,2.46,1,0,0.106,0,2,802,0
68.65,10,21.71,13.06,0,0,0.073,0,5,870,0
32.65,14,20.84,24.61,1,0,0.191,0,2,988,0
5.32,6,18.75,11.92,1,1,0.137,0,1,470,0
36.95,0,37.71,9.23,0,0,0.091,0,2,1359,0
6.14,10,21.18,9.12,1,0,0.169,0,2,808,0
66.25,17,24.92,7.71,1,0,0.087,1,2,549,0
25.82,7,19.18,22.46,1,0,0.158,1,2,1238,0
210.84,22,7.52,16.19,0,0,0.547,1,0,1336,0
96.67,18,33.38,27.85,0,0,0.124,0,2,1053,0
11.47,15,12.94,25.74,1,0,0.359,0,2,1652,0
4.39,19,12.83,42.06,0,0,0.226,1,2,305,0
15.56,20,15.1,18.78,1,0,0.36,1,1,1149,0
9.76,17,5.37,16.54,0,0,0.203,1,2,507,0
205.56,19,63.37,8.16,1,1,0.153,1,2,1585,0
32.78,17,31.68,4.8,1,0,0.559,0,3,1133,1
84.22,20,7.03,14.38,0,0,0.229,1,4,1422,0
24.9,2,50.13,7.32,1,0,0.22,1,4,1613,0
27.67,8,11.08,19.07,0,0,0.28,1,5,1217,0
32.05,21,12.76,17.3,0,0,0.241,0,1,731,0
100.14,11,10.96,53.22,1,0,0.09,1,2,265,0
45.22,0,43.85,11.33,1,0,0.008,1,1,786,0
11.5,20,38.82,29.74,0,0,0.21,0,0,697,0
167.76,15,15.48,3.51,0,0,0.464,1,0,800,0
24.71,21,16.54,14.56,1,0,0.185,1,4,1279,0
21.0,0,30.73,65.07,1,0,0.188,0,5,732,1
1.96,3,30.09,18.81,0,0,0.167,0,1,1461,0
62.45,12,17.35,8.3,1,0,0.112,1,2,920,0
36.64,4,17.76,32.46,0,0,0.383,1,1,519,0
36.6,12,32.07,12.11,1,0,0.087,0,0,1203,0
22.14,8,3.36,12.98,0,0,0.171,1,4,637,0
18.63,5,23.69,4.58,1,0,0.723,0,1,1174,0
22.88,18,22.56,1.92,1,0,0.072,0,2,765,0
52.62,0,44.08,11.12,0,1,0.449,0,1,368,0
62.75,20,25.31,20.62,0,0,0.282,1,0,1386,0
26.28,3,27.38,0.76,0,0,0.171,0,2,156,0
85.54,13,9.93,5.71,1,0,0.417,1,2,1326,0
30.6,23,10.56,36.93,1,0,0.065,0,2,1416,0
20.0,2,23.28,6.78,1,0,0.302,0,1,1265,0
40.38,22,1.84,3.19,0,1,0.39,1,1,1513,0
8.5,7,13.55,18.83,0,1,0.471,1,2,984,0
41.79,17,5.78,16.59,1,1,0.286,1,1,1801,0
7.08,20,11.04,15.39,1,0,0.198,0,4,975,0
11.85,5,2.45,13.85,0,0,0.085,1,6,401,0
4.4,8,6.46,1.45,1,0,0.039,1,2,887,0
27.8,20,40.75,5.77,1,0,0.123,1,2,558,0
165.61,2,6.0,5.81,1,0,0.299,1,3,1385,0
29.46,2,8.27,3.12,1,0,0.244,0,0,1065,0
63.03,7,11.84,2.92,1,0,0.13,1,1,718,0
348.04,14,27.54,6.68,1,0,0.357,0,0,1531,0
49.6,19,15.13,4.1,1,0,0.369,1,2,1007,0
15.41,13,3.53,6.54,1,0,0.376,0,3,1275,0
17.68,11,2.08,15.02,1,0,0.183,1,5,632,0
33.14,20,13.49,12.96,0,0,0.192,0,1,1657,0
17.59,4,14.88,10.57,0,1,0.044,1,2,30,0
18.95,21,33.56,12.71,1,0,0.095,1,1,1095,0
88.7,7,6.67,16.1,1,0,0.014,1,0,1436,0
92.4,6,47.74,18.72,1,1,0.505,1,3,903,1
6.38,22,3.58,14.6,1,0,0.233,1,2,808,0
14.61,15,3.63,36.2,0,0,0.659,1,3,1834,0
20.82,10,13.15,2.05,0,0,0.296,1,4,1421,0
60.29,7,32.77,3.29,1,0,0.507,1,1,806,0
103.86,10,20.77,17.38,1,0,0.577,1,3,470,1
493.72,18,6.42,2.93,1,1,0.285,0,2,589,0
20.79,3,65.4,3.5,1,0,0.029,1,5,117,0
21.85,4,20.05,5.61,1,1,0.333,1,3,1231,0
59.65,7,21.57,1.49,1,0,0.183,1,1,213,0
16.74,11,30.49,49.19,1,0,0.275,0,6,1256,1
28.76,19,22.15,24.18,1,0,0.188,1,0,1056,0
21.87,5,11.35,17.46,1,0,0.286,1,1,197,0
2.41,18,52.6,5.81,0,0,0.112,0,2,1746,0
37.46,21,44.51,14.16,1,0,0.563,1,1,1384,0
27.6,10,58.93,9.61,0,0,0.365,0,1,730,0
118.06,23,12.47,7.74,0,0,0.333,0,0,229,1
33.3,21,51.17,8.4,0,0,0.131,1,4,180,0
9.44,19,6.09,14.64,0,0,0.234,1,5,1038,0
25.58,9,17.62,3.61,0,0,0.165,1,3,1326,0
4.09,7,29.79,4.06,1,1,0.403,1,2,895,0
9.87,20,4.72,9.47,1,0,0.571,1,3,569,0
62.52,10,56.05,3.22,1,0,0.386,1,2,252,0
25.86,0,11.4,7.88,0,0,0.096,0,5,1638,0
83.3,17,45.9,3.44,1,1,0.096,1,0,1123,0
4.63,8,5.26,6.28,1,0,0.169,1,4,494,0
25.99,22,17.29,17.21,1,0,0.22,1,2,818,0
20.58,20,9.49,3.22,1,0,0.215,1,0,1600,0
86.13,2,9.56,1.65,0,0,0.128,0,2,937,1
64.89,21,5.94,15.62,0,0,0.138,0,2,1163,0
62.94,22,5.49,4.46,1,0,0.276,0,2,1702,0
154.69,18,6.69,4.01,0,1,0.292,0,1,1560,0
22.92,6,6.48,21.19,0,0,0.381,0,5,1459,0
125.85,16,39.08,13.01,0,1,0.469,0,0,1029,0
11.66,20,43.23,6.88,0,0,0.159,1,2,1251,0
11.24,19,4.47,3.19,0,0,0.136,1,1,1563,0
70.3,10,14.16,6.99,0,1,0.069,1,2,1175,0
7.35,16,38.48,22.37,1,0,0.084,1,1,975,0
58.72,9,27.24,8.36,0,0,0.32,0,0,639,0
36.65,6,13.27,30.84,1,0,0.09,0,3,1244,0
96.72,16,9.84,42.65,0,0,0.375,1,1,40,0
31.2,11,4.56,7.55,0,0,0.455,0,0,322,0
35.02,5,53.96,37.7,1,0,0.301,1,2,1435,0
55.11,15,21.85,24.61,0,0,0.163,1,2,1654,0
17.07,7,18.96,4.18,1,0,0.314,1,5,1031,0
16.34,14,7.69,8.99,1,0,0.377,0,2,1334,1
53.22,8,16.15,10.83,0,0,0.254,0,0,1677,0
32.16,21,38.91,12.96,1,0,0.163,0,0,109,0
22.04,20,4.03,4.67,0,0,0.214,0,4,30,1
30.48,11,7.55,11.34,0,0,0.351,1,1,428,0
163.13,17,5.01,13.65,0,0,0.48,1,2,381,0
21.26,4,46.27,4.11,0,0,0.617,0,6,665,0
20.66,23,3.85,5.97,1,0,0.225,1,4,2529,0
6.0,5,21.02,11.84,1,0,0.102,1,1,30,0
31.74,20,5.08,1.64,1,0,0.251,1,2,357,0
63.87,20,19.33,6.38,1,0,0.3,1,4,1600,1
76.42,4,4.9,1.58,1,0,0.09,1,4,1767,0
36.9,0,10.61,4.23,1,0,0.282,1,1,1084,0
86.13,17,51.52,5.37,0,0,0.364,0,1,30,0
68.8,20,24.29,8.93,0,0,0.583,1,1,555,0
100.78,17,18.52,22.52,1,0,0.239,0,0,550,0
88.62,1,23.02,7.36,1,0,0.375,1,3,823,0
159.17,15,54.53,11.15,1,0,0.382,0,2,738,0
27.95,9,19.52,16.74,1,0,0.084,0,1,2049,0
8.78,21,37.07,10.49,1,1,0.463,1,2,1222,0
64.31,19,37.9,15.39,0,0,0.066,0,1,857,0
72.28,19,34.37,1.48,0,0,0.077,0,2,928,0
159.17,9,81.17,20.84,0,0,0.328,1,2,30,0
119.26,7,27.83,9.53,0,0,0.599,1,4,31,1
231.71,19,35.36,12.33,1,0,0.133,1,4,1991,0
61.55,2,10.79,7.69,1,0,0.218,1,3,650,0
41.63,2,17.39,3.44,1,0,0.443,0,5,30,0
8.29,1,16.7,21.71,1,0,0.283,1,1,1312,0
45.06,12,7.52,13.81,1,0,0.476,1,2,1627,0
19.06,1,8.33,12.94,0,0,0.082,0,3,1823,0
40.92,13,16.48,22.46,1,0,0.044,1,1,904,0
34.97,4,20.29,3.11,0,0,0.068,1,1,1005,0
53.08,21,53.14,4.95,1,0,0.315,0,1,969,0
30.04,10,7.5,4.44,0,0,0.204,1,4,866,0
84.35,2,7.1,12.95,0,1,0.751,0,3,780,1
2.17,16,4.16,14.92,0,0,0.136,1,5,30,0
40.04,8,30.99,53.89,1,0,0.075,1,3,481,1
110.22,6,61.8,8.02,1,0,0.23,1,4,772,0
214.87,15,15.69,2.43,1,1,0.492,0,1,30,0
68.85,22,21.07,4.11,1,0,0.269,1,4,144,0
178.55,23,15.97,11.53,1,0,0.378,1,1,432,0
39.21,10,28.76,15.13,1,0,0.026,1,3,1264,0
33.21,20,6.09,3.68,0,0,0.288,1,0,590,0
56.23,5,24.35,13.25,0,0,0.207,0,3,719,0
33.01,20,15.96,0.86,1,0,0.216,1,3,603,0
15.14,22,31.82,30.59,1,0,0.349,1,1,947,0
19.78,12,30.98,31.1,1,0,0.211,0,0,749,0
10.89,12,22.26,26.96,1,1,0.393,1,2,597,0
56.17,13,13.88,15.05,1,0,0.703,0,4,1893,1
33.49,1,7.78,11.55,0,0,0.62,0,2,389,0
23.1,20,30.47,17.62,1,0,0.244,1,2,811,0
18.79,17,17.85,0.49,1,1,0.294,1,1,661,0
54.87,20,17.54,14.08,0,0,0.412,0,5,1137,0
72.27,2,12.06,16.34,0,1,0.261,0,2,1372,0
10.69,19,47.31,26.74,1,0,0.092,1,1,1046,0
9.14,8,48.84,28.79,1,0,0.143,0,1,798,0
86.01,19,12.91,15.58,0,0,0.392,1,2,655,0
8.37,23,8.86,9.26,0,0,0.018,1,3,885,0
57.25,21,13.94,19.5,0,0,0.533,0,1,189,1
166.82,21,9.53,4.98,1,0,0.238,1,2,1256,0
167.21,2,23.93,0.83,0,0,0.153,1,2,1722,0
69.26,7,17.37,3.72,1,0,0.517,1,3,2723,0
67.28,7,29.41,7.67,1,0,0.301,1,2,1232,0
314.79,12,13.05,9.22,1,1,0.457,0,0,30,0
3.21,23,85.41,5.17,1,0,0.468,0,5,1636,1
20.81,16,4.41,18.32,1,0,0.13,1,3,875,0
77.36,13,16.87,1.04,1,0,0.477,0,2,1038,0
23.63,19,74.03,6.05,0,0,0.599,0,2,693,0
114.41,4,29.73,6.29,0,0,0.28,1,0,1490,0
31.84,15,14.91,8.68,0,0,0.348,1,0,577,0
37.78,12,22.93,5.42,0,0,0.038,1,1,778,0
25.16,4,5.46,6.93,1,0,0.407,0,3,278,1
19.64,15,17.75,6.91,1,0,0.158,1,1,768,0
19.16,20,5.35,1.78,1,0,0.342,0,1,1149,0
43.43,19,2.77,22.71,0,0,0.093,1,1,1238,0
15.26,20,45.13,5.39,1,0,0.051,1,0,1108,0
85.9,19,10.01,9.0,0,0,0.042,1,1,140,0
63.64,11,4.96,1.15,1,0,0.206,1,1,117,0
99.43,1,13.26,20.22,0,0,0.352,0,1,1224,0
10.71,23,28.31,4.53,0,0,0.371,1,1,2101,0
6.05,10,5.38,12.45,1,0,0.272,0,4,579,0
32.98,15,11.24,3.01,0,0,0.408,1,0,1306,0
601.12,0,30.99,6.7,1,0,0.186,1,1,836,0
117.47,21,18.46,3.3,1,0,0.559,0,3,1246,1
19.02,21,46.01,10.86,0,0,0.115,0,3,963,0
50.63,22,31.36,13.63,1,0,0.265,1,1,977,0
68.55,4,25.97,12.84,0,0,0.487,0,1,620,0
8.43,20,30.55,2.99,1,0,0.138,0,4,899,1
130.27,14,4.25,11.52,1,0,0.47,1,4,1039,0
28.01,3,16.69,32.4,1,0,0.21,1,2,463,0
30.24,13,66.79,3.41,0,0,0.543,1,0,1258,0
33.91,11,12.21,9.45,1,0,0.629,1,3,698,1
104.02,15,16.94,0.49,1,1,0.081,1,1,2370,0
15.56,2,10.18,20.08,0,0,0.169,1,2,1365,0
6.01,13,10.1,11.99,0,0,0.044,1,3,1361,0
45.74,16,33.89,10.92,0,0,0.432,1,5,756,0
4.29,17,64.78,11.21,1,0,0.147,0,2,1213,0
24.51,18,50.38,2.11,0,0,0.02,1,2,1177,0
108.51,15,2.41,5.77,1,0,0.25,1,1,40,0
59.09,16,16.02,1.58,0,0,0.356,1,0,1052,0
93.91,2,12.43,18.16,1,1,0.071,0,0,1978,0
61.58,19,5.97,7.71,1,0,0.311,0,3,30,0
368.83,8,34.96,37.97,0,1,0.302,1,1,1716,0
18.39,13,13.24,11.68,1,0,0.179,1,1,1567,0
49.31,13,6.74,13.34,1,0,0.496,1,3,292,0
21.37,23,23.07,6.46,0,0,0.038,1,1,453,0
86.21,7,5.34,9.59,0,0,0.173,1,2,1286,0
31.14,9,40.87,33.18,1,1,0.031,1,2,30,0
184.72,18,43.18,13.82,0,0,0.301,1,0,1095,0
19.48,15,30.09,1.73,0,0,0.592,0,2,1377,0
135.25,7,25.14,30.41,0,0,0.182,1,2,1321,0
59.93,8,15.89,4.87,1,0,0.357,0,2,708,0
32.06,19,21.9,16.04,0,0,0.13,1,0,988,0
56.97,20,15.57,3.17,1,0,0.372,1,1,1035,0
43.0,3,4.02,17.24,1,0,0.093,1,0,972,0
47.27,9,29.0,7.66,1,0,0.667,1,2,983,0
26.93,18,47.63,3.44,1,0,0.295,1,4,1680,0
16.42,2,10.21,1.17,1,0,0.37,0,1,632,0
23.69,4,32.82,60.1,1,0,0.282,0,4,1764,1
6.15,3,17.34,23.87,1,0,0.184,1,2,1882,0
76.86,12,10.96,1.86,0,1,0.323,1,6,423,0
9.63,10,1.75,3.77,1,0,0.275,1,2,526,0
26.64,7,29.72,11.33,0,0,0.173,0,2,30,1
63.31,3,25.32,8.77,1,0,0.256,1,1,37,0
76.66,15,6.6,4.69,1,0,0.2,1,4,426,0
5.61,19,13.88,12.38,0,0,0.246,0,4,597,0
30.21,5,17.23,6.5,1,1,0.435,1,2,1082,1
52.44,15,22.79,2.05,0,0,0.591,1,2,512,0
34.88,19,37.89,44.74,0,0,0.306,0,5,640,0
126.99,13,15.09,4.55,1,0,0.351,1,2,1789,0
14.56,13,3.34,10.36,1,0,0.147,1,2,1642,0
4.27,4,17.92,7.4,1,0,0.397,1,4,1061,0
74.46,22,12.21,12.35,1,0,0.302,0,4,2012,0
19.35,22,8.64,2.01,1,0,0.204,0,3,710,0
5.71,17,33.71,8.62,1,0,0.445,1,0,691,0
28.26,21,7.79,5.41,0,1,0.364,1,4,1314,0
113.36,14,4.82,3.31,0,0,0.147,1,3,1247,0
9.36,15,11.41,1.26,1,0,0.035,1,0,986,0
342.41,19,16.93,33.91,0,1,0.142,1,3,574,0
14.33,0,18.84,25.47,0,0,0.398,0,1,869,0
36.13,5,41.32,6.16,1,1,0.129,0,2,1023,0
9.79,4,9.59,0.35,0,0,0.133,0,1,407,0
34.52,15,29.94,13.01,1,0,0.44,1,1,593,0
28.97,5,11.43,27.26,1,0,0.339,1,2,571,0
7.47,9,2.14,36.63,1,0,0.145,1,0,625,0
558.82,11,38.5,12.84,0,0,0.309,1,0,638,0
20.18,17,3.98,4.13,0,0,0.261,1,0,714,0
20.2,12,20.99,11.27,1,0,0.305,1,0,284,0
87.27,0,4.54,7.56,1,0,0.026,1,0,607,0
203.21,16,24.33,6.54,1,1,0.224,1,1,1143,0
102.15,10,5.76,22.83,0,0,0.292,0,2,1183,0
9.96,2,3.14,13.43,1,0,0.128,1,1,1001,0
41.01,15,14.12,1.93,1,0,0.224,0,1,626,0
5.05,6,1.31,23.03,1,0,0.304,0,2,583,0
81.59,11,15.24,33.99,1,0,0.121,1,0,387,0
6.45,23,29.83,3.83,1,1,0.21,0,3,945,1
14.83,5,66.31,13.08,0,1,0.057,1,2,1205,0
33.01,21,19.64,7.33,0,0,0.159,0,1,1605,0
51.68,11,16.16,1.1,1,0,0.52,1,0,1330,0
25.51,22,39.59,11.26,0,0,0.269,1,3,1319,0
151.27,20,5.26,17.7,1,0,0.142,0,0,1041,0
68.25,19,7.89,11.33,1,0,0.735,0,0,1104,0
63.1,4,29.28,26.2,1,0,0.227,1,2,728,0
9.69,18,11.15,10.63,1,0,0.4,1,2,401,0
181.16,8,13.14,1.13,1,0,0.255,0,4,1285,0
14.83,21,17.81,4.53,0,1,0.25,1,2,1825,0
188.21,23,5.97,20.97,0,0,0.492,1,1,624,0
250.18,14,3.25,4.86,0,0,0.173,1,0,763,0
55.29,21,7.43,10.96,0,0,0.198,1,3,911,0
92.95,12,12.18,21.17,1,1,0.368,0,1,1449,0
1.52,0,24.35,28.47,1,0,0.419,1,4,934,1
27.25,20,16.73,7.18,0,0,0.273,0,2,1181,0
99.7,12,28.51,9.05,1,0,0.291,0,1,1218,0
83.47,1,16.51,5.24,1,0,0.694,1,1,756,0
9.78,1,31.8,9.74,0,0,0.254,0,3,1045,0
24.69,17,13.26,2.34,0,0,0.198,1,3,349,0
2.62,22,1.54,13.75,1,0,0.034,0,2,1863,0
50.05,16,9.41,0.2,0,1,0.453,1,4,1344,0
5.04,10,18.21,12.61,1,0,0.203,1,2,1694,0
102.56,7,26.47,7.46,0,0,0.343,0,1,1050,0
108.06,10,10.32,21.7,0,0,0.153,1,3,795,0
20.61,7,19.83,17.34,1,0,0.267,0,6,91,1
55.77,6,11.64,6.25,0,0,0.135,0,1,723,0
26.65,3,8.0,16.43,1,1,0.52,0,0,918,1
42.18,13,26.48,2.6,0,0,0.43,1,1,638,0
10.51,5,22.67,1.35,1,0,0.343,1,2,596,0
61.71,3,81.66,12.35,0,0,0.172,0,4,383,0
6.42,6,10.34,1.21,0,0,0.363,1,3,868,0
5.31,19,42.48,30.51,1,0,0.166,1,0,421,0
29.31,13,3.99,0.75,1,0,0.425,1,1,1117,0
26.81,11,42.5,20.27,0,0,0.197,1,2,862,0
43.48,14,16.82,7.43,1,0,0.339,1,2,394,0
17.3,13,12.19,14.21,1,1,0.215,1,2,1592,0
218.26,11,22.76,9.94,1,1,0.393,0,2,1247,0
38.88,20,24.1,4.9,1,0,0.343,1,1,576,0
41.8,17,38.77,4.09,0,0,0.483,0,2,244,0
40.34,4,6.93,15.08,1,0,0.198,0,1,1094,0
90.28,19,3.93,21.97,1,0,0.601,1,1,1338,0
58.91,4,22.87,11.2,0,0,0.255,1,0,753,0
51.52,1,21.78,13.77,1,0,0.341,1,1,1325,1
69.13,10,38.29,10.53,0,1,0.166,1,3,866,0
5.34,9,11.09,1.94,1,0,0.298,1,2,1266,0
5.55,18,9.2,2.17,0,0,0.091,0,1,1273,0
30.69,16,22.35,28.41,1,1,0.393,1,3,49,0
27.18,1,17.6,7.46,0,0,0.526,1,7,849,0
59.13,11,26.03,19.67,1,1,0.19,1,2,30,0
33.78,19,8.68,5.86,0,1,0.182,1,3,854,0
59.26,17,42.22,3.54,1,0,0.193,1,0,30,0
9.53,12,21.24,5.73,1,0,0.46,1,2,1202,0
32.76,14,37.6,15.98,1,0,0.341,1,1,125,0
8.66,13,14.71,4.01,1,0,0.224,1,2,728,0
48.76,5,8.26,10.6,1,0,0.504,0,3,950,0
5.06,13,23.43,13.92,1,0,0.37,1,1,338,0
46.91,16,28.58,9.0,1,0,0.417,0,1,1174,0
7.62,1,3.31,10.38,0,0,0.154,1,3,1092,0
22.57,16,62.21,10.62,1,0,0.396,0,3,739,0
81.04,5,9.12,3.91,1,0,0.433,1,5,1285,0
41.57,0,19.12,6.8,1,0,0.141,1,1,1012,0
6.39,18,27.42,3.63,1,0,0.182,1,5,930,0
16.9,9,17.47,6.46,1,0,0.226,1,1,960,0
7.38,9,18.37,17.13,1,0,0.371,1,2,74,0
6.08,14,18.75,16.97,1,0,0.235,1,2,890,0
37.25,13,2.01,10.76,0,0,0.029,1,1,1005,0
57.99,14,19.71,8.68,1,0,0.046,1,2,950,0
51.45,22,10.92,13.18,0,0,0.535,0,2,243,0
60.5,15,37.03,10.34,0,0,0.335,1,0,1083,0
32.72,1,32.27,6.4,0,1,0.119,1,3,604,0
25.19,5,4.2,8.3,1,0,0.549,1,3,1271,0
11.32,10,3.96,2.7,1,1,0.34,0,2,380,1
21.33,11,64.04,2.31,0,1,0.232,1,0,1651,0
8.83,8,0.79,25.46,0,0,0.408,0,4,816,1
14.22,4,9.52,15.87,1,1,0.122,1,2,39,1
36.2,2,5.48,5.13,0,0,0.084,1,1,924,0
29.44,3,41.33,8.29,0,0,0.472,1,1,1282,0
709.62,22,15.25,5.98,0,0,0.301,1,3,147,0
8.62,9,9.08,8.15,1,1,0.296,0,1,838,0
29.22,23,17.83,16.13,0,0,0.438,0,1,30,0
7.97,8,60.24,0.2,1,1,0.283,0,1,1623,0
22.47,7,25.23,12.61,1,0,0.574,1,3,929,0
23.4,11,24.82,1.94,1,0,0.088,1,4,1479,0
77.08,22,3.14,63.85,0,0,0.234,0,0,1163,0
21.12,13,38.48,19.27,0,0,0.191,0,2,30,1
27.35,0,6.82,1.57,0,0,0.297,0,3,376,1
21.54,6,23.58,1.65,0,0,0.195,0,3,429,0
8.16,23,8.26,4.37,1,1,0.231,1,3,624,0
17.25,3,17.68,8.13,1,0,0.401,0,1,966,0
22.6,20,16.92,4.04,1,0,0.057,1,2,419,0
35.65,22,95.13,4.69,1,0,0.217,0,0,965,0
57.91,5,11.77,0.34,0,0,0.563,1,4,1186,0
26.19,13,21.6,45.45,0,0,0.307,1,2,402,0
25.73,14,15.09,7.92,1,0,0.333,1,6,562,0
5.93,19,5.16,31.73,1,0,0.101,1,4,1628,0
56.81,19,23.56,4.64,1,0,0.141,1,1,1228,0
16.51,1,33.68,41.15,0,0,0.444,0,2,655,1
69.9,7,5.98,13.79,0,0,0.36,1,3,1444,0
123.52,22,13.65,8.78,0,1,0.034,1,2,656,0
27.44,8,18.09,27.81,0,0,0.539,1,2,1069,0
11.9,5,31.03,1.69,1,1,0.198,0,4,138,1
32.57,15,31.97,8.38,0,0,0.151,1,4,1232,0
46.93,4,2.89,6.75,1,0,0.325,0,0,873,0
24.15,3,63.58,19.39,0,0,0.179,1,1,948,0
18.84,19,25.34,0.72,1,0,0.213,0,2,656,0
58.18,2,17.26,5.4,0,0,0.234,1,1,1690,0
54.47,21,30.84,0.35,0,0,0.218,1,2,1364,0
23.42,5,46.06,5.75,1,0,0.369,0,4,543,1
6.33,2,14.89,24.06,1,0,0.361,0,4,598,1
52.27,17,13.43,5.76,0,0,0.318,1,2,1026,0
15.37,4,5.26,3.48,1,0,0.354,0,1,288,0
41.03,8,13.59,15.68,1,0,0.089,0,1,857,0
38.52,8,26.71,3.79,0,0,0.424,1,1,825,0
5.01,12,13.61,21.63,0,0,0.307,0,2,995,0
35.91,11,13.15,30.73,1,0,0.247,1,0,599,0
55.4,4,54.51,9.32,1,1,0.233,1,4,1063,0
62.62,5,21.35,13.42,0,0,0.256,0,1,747,0
37.24,4,21.38,23.18,1,0,0.198,1,4,1061,0
4.59,1,27.02,9.05,1,0,0.463,0,0,899,0
118.76,15,35.11,1.18,0,0,0.457,1,1,854,0
49.95,11,18.46,25.11,1,0,0.598,0,3,899,0
9.94,2,7.79,13.66,0,0,0.424,0,0,120,1
15.06,7,25.1,6.34,1,0,0.114,0,1,509,1
41.73,16,38.56,1.95,0,0,0.401,1,1,679,0
65.35,6,24.8,5.76,0,0,0.476,1,3,998,0
20.33,9,30.64,11.51,0,0,0.307,1,3,849,0
75.61,17,13.15,12.82,0,1,0.228,0,3,1303,0
5.51,16,9.1,17.27,1,0,0.082,1,2,2396,0
11.68,16,20.25,26.41,0,0,0.446,1,4,792,0
4.2,9,11.16,16.51,0,0,0.188,1,5,1102,0
13.5,11,47.02,8.86,0,0,0.574,1,6,1146,0
149.62,20,25.73,4.69,1,0,0.107,0,4,2449,0
259.25,20,11.88,3.27,0,0,0.293,1,1,912,0
41.87,1,6.37,18.51,0,0,0.097,0,2,71,0
17.49,20,37.65,8.34,0,0,0.136,1,3,861,0
26.53,21,7.41,2.51,1,0,0.1,1,3,30,0
53.16,22,17.68,12.91,0,0,0.47,0,2,550,0
6.94,6,21.56,12.32,1,0,0.724,0,1,711,0
18.68,12,7.5,44.23,0,0,0.111,0,3,670,0
139.06,1,15.56,0.42,0,1,0.458,0,4,2025,0
11.64,2,42.05,1.33,0,0,0.37,0,3,1955,0
15.66,13,4.26,0.51,1,0,0.164,0,1,1144,0
33.56,4,37.47,3.47,0,0,0.203,1,2,1871,0
43.95,5,20.41,8.16,0,1,0.526,1,3,1149,0
17.73,7,10.07,6.29,1,1,0.235,0,3,1703,1
35.76,11,3.95,28.55,1,0,0.247,0,2,425,0
60.82,3,15.95,6.54,1,0,0.124,1,2,951,0
235.44,19,10.58,0.64,0,1,0.31,0,2,1204,0
29.19,16,15.78,38.92,0,0,0.215,1,2,1800,0
31.78,18,27.42,18.62,1,0,0.266,1,5,1533,0
152.54,22,3.62,17.72,1,0,0.395,1,1,538,0
19.12,14,19.5,1.95,1,0,0.267,0,2,1221,0
8.81,8,56.61,9.75,1,0,0.212,1,1,711,0
42.53,23,11.92,24.47,1,0,0.608,1,3,1133,0
97.14,13,24.54,20.89,0,0,0.099,1,3,1186,0
47.52,11,3.59,3.86,1,0,0.27,0,0,1239,0
30.05,9,9.41,8.2,1,0,0.321,0,0,1226,0
7.78,0,43.54,20.97,0,1,0.13,0,1,858,1
31.24,22,10.87,9.81,0,0,0.488,1,3,869,0
113.65,19,25.14,6.16,1,0,0.253,0,3,1344,0
9.64,16,10.76,2.39,1,0,0.064,0,2,30,0
25.93,5,5.35,8.19,1,0,0.215,1,2,542,0
22.48,22,14.27,26.83,0,0,0.311,1,1,440,0
16.48,4,26.88,24.09,0,0,0.468,1,2,1441,0
42.43,5,37.72,12.03,1,0,0.336,1,1,951,0
51.59,1,15.98,10.82,0,0,0.127,1,1,1131,0
51.05,6,25.08,16.88,1,0,0.317,0,3,697,1
12.47,7,18.3,23.23,0,0,0.294,0,1,1175,0
6.39,19,19.69,1.83,0,0,0.248,0,2,143,1
43.05,7,7.64,12.2,1,0,0.633,0,2,1528,0
19.97,22,8.43,4.81,1,0,0.039,0,2,87,0
208.16,7,5.92,3.2,1,0,0.144,1,2,1512,0
218.0,12,11.44,4.92,1,0,0.201,1,3,30,0
242.42,14,33.82,17.27,0,0,0.402,1,0,455,0
12.93,19,51.24,17.79,1,0,0.065,1,1,493,0
58.52,18,33.77,18.72,0,0,0.304,0,2,1565,0
79.12,20,24.17,18.83,1,0,0.343,1,2,1456,0
70.69,22,17.88,18.76,0,0,0.178,1,2,430,0
23.23,2,33.7,8.7,0,0,0.362,0,2,1908,0
119.0,2,110.7,8.7,1,0,0.418,1,0,585,0
33.13,10,21.21,7.78,1,0,0.492,1,4,1328,0
37.64,3,26.64,9.82,1,0,0.369,0,1,636,1
7.11,11,21.35,3.64,0,1,0.38,1,5,1516,0
63.1,14,61.27,8.71,0,0,0.374,0,5,713,1
25.52,6,15.54,5.06,0,0,0.121,0,3,852,1
52.71,2,8.34,43.38,1,0,0.099,1,1,184,0
41.89,23,29.29,1.98,0,0,0.178,0,3,616,0
39.68,8,8.37,27.53,0,0,0.156,0,1,1052,0
31.64,20,22.4,12.87,1,0,0.196,1,3,30,0
72.72,14,17.98,34.79,0,0,0.472,1,1,751,0
27.14,15,24.71,11.66,1,0,0.201,1,0,1190,0
7.73,18,18.64,3.55,1,1,0.078,1,1,1583,0
58.5,6,2.7,10.26,1,0,0.547,1,2,1097,0
14.75,5,27.34,4.57,0,0,0.268,1,2,802,0
8.81,23,22.98,2.58,0,0,0.31,1,0,1454,0
11.91,16,39.83,4.8,0,0,0.16,1,0,634,0
43.96,7,9.18,4.11,1,0,0.197,1,2,836,0
30.07,15,2.25,12.02,1,0,0.15,1,2,933,0
3.92,9,29.08,18.27,1,0,0.289,1,2,433,0
22.56,20,28.16,24.51,1,0,0.178,1,5,898,0
106.62,12,26.88,36.63,0,0,0.602,1,1,730,0
21.09,7,68.47,3.3,1,0,0.453,1,3,625,1
28.07,16,0.5,10.7,0,0,0.373,1,2,665,0
93.97,18,2.21,7.49,1,0,0.371,1,1,1669,0
73.37,8,5.13,17.97,1,0,0.169,1,4,1081,0
92.0,18,31.51,12.21,1,0,0.246,1,2,676,0
2.07,5,42.11,1.88,1,1,0.144,1,0,877,0
187.45,5,18.69,9.48,0,0,0.142,0,2,563,0
62.58,19,27.55,9.76,0,0,0.561,0,6,1178,0
388.18,14,8.64,12.81,0,0,0.436,0,3,1173,0
15.15,0,6.68,57.56,1,1,0.103,0,0,1118,0
5.68,16,3.28,4.72,1,0,0.358,1,3,718,0
33.36,7,27.47,28.13,1,0,0.104,1,2,2083,0
25.14,6,39.97,18.54,1,0,0.255,1,2,688,0
63.67,10,4.54,14.43,1,1,0.134,1,1,460,0
97.02,10,8.15,2.34,1,0,0.22,0,1,805,0
30.35,21,11.23,36.39,1,0,0.38,1,1,1051,0
26.03,10,5.36,10.22,0,0,0.122,1,3,356,0
55.85,7,22.76,11.11,0,0,0.305,1,1,633,0
25.63,18,12.82,2.14,0,1,0.235,1,6,980,0
23.57,13,44.98,4.61,1,0,0.119,1,1,652,0
93.42,0,8.77,6.93,1,0,0.218,0,3,925,0
116.72,15,33.84,4.91,1,0,0.314,1,2,531,0
97.9,12,3.58,13.27,1,0,0.396,1,1,1129,0
27.99,13,9.9,11.19,0,0,0.106,0,4,540,0
3.9,4,19.38,4.58,0,0,0.354,0,2,1351,0
28.55,11,22.92,10.47,1,0,0.317,1,0,198,0
15.52,15,49.86,0.89,0,0,0.106,0,2,1279,0
29.09,16,22.24,5.53,0,0,0.346,1,2,97,0
16.93,16,22.53,20.57,1,0,0.211,1,2,1409,0
32.44,23,6.78,6.23,0,0,0.485,1,1,1400,0
11.71,12,7.79,53.85,1,0,0.07,1,0,902,0
9.2,10,11.06,11.71,1,0,0.089,0,1,691,0
112.47,13,16.89,4.37,0,0,0.628,0,3,907,0
12.56,7,15.51,9.18,1,0,0.183,0,0,421,0
33.13,7,23.07,17.76,0,0,0.308,1,2,1250,0
86.01,16,46.05,17.77,1,0,0.222,1,3,1546,0
82.62,7,17.56,19.44,1,1,0.505,1,1,639,1
73.32,17,30.69,13.12,0,0,0.316,1,2,783,0
44.83,17,7.7,1.69,1,0,0.176,1,0,116,0
68.31,22,50.85,15.32,1,0,0.406,1,2,1316,0
130.72,3,17.06,10.55,1,0,0.197,1,0,634,0
50.65,8,50.28,6.93,0,0,0.594,1,3,1027,0
5.27,18,13.71,25.12,0,0,0.227,1,3,933,0
19.52,10,11.86,4.09,1,0,0.066,1,2,696,0
66.44,15,9.67,18.46,1,1,0.316,0,2,1091,1
17.69,17,5.77,6.09,0,0,0.388,1,0,1413,0
167.35,21,35.84,3.08,0,1,0.33,1,1,522,0
31.09,5,8.15,7.95,0,1,0.305,1,2,1166,0
36.06,6,22.49,0.5,0,0,0.183,0,2,559,0
101.98,11,5.12,11.7,1,0,0.443,1,0,1961,0
27.58,12,61.01,8.25,1,0,0.581,1,0,190,0
